Contest ID,Entry ID,QB,RB1,RB2,WR1,WR2,WR3,TE,FLEX,DEF," ",Instructions,ID,First Name,Last Name,ID + Name,Position,Team,Opponent,Game,Time,Salary,FPPG,Injury Status,Starting
11595365,179274408," "," "," "," "," "," "," "," "," "," ",1. The Contest ID column lists the contest you are editing; you may only edit one contest at a time," "," "," "," "," "," "," "," "," "," "," "," "," "
" "," "," "," "," "," "," "," "," "," "," "," ",2. The Entry ID column lists all of your contest entries for this contest," "," "," "," "," "," "," "," "," "," "," "," "," "
" "," "," "," "," "," "," "," "," "," "," "," ",3. Your current lineup is listed next to each entry (blank for reserved entries)," "," "," "," "," "," "," "," "," "," "," "," "," "
" "," "," "," "," "," "," "," "," "," "," "," ",4. You can change the lineup for an entry by entering the IDs of the players in the row next to that entry," "," "," "," "," "," "," "," "," "," "," "," "," "
" "," "," "," "," "," "," "," "," "," "," "," ","5. Use values from the ""ID"" or ""ID + Name"" column (you cannot use just the player's name)"," "," "," "," "," "," "," "," "," "," "," "," "," "
" "," "," "," "," "," "," "," "," "," "," "," ",6. For faster processing only include entries you are changing in the file you upload," "," "," "," "," "," "," "," "," "," "," "," "," "
" "," "," "," "," "," "," "," "," "," "," "," ","Note: For each entry, the salary cap is 200"," "," "," "," "," "," "," "," "," "," "," "," "," "
" "," "," "," "," "," "," "," "," "," "," "," "," "," "," "," "," "," "," "," "," "," "," "," "," "," "
" "," "," "," "," "," "," "," "," "," "," "," "," ",nfl.p.30502$nfl.g.2448920,Zach,Pascal,nfl.p.30502$nfl.g.2448920 - Zach Pascal,WR,PHI,HOU,PHI@HOU,8:15PM EDT,10,3.0," "," "
" "," "," "," "," "," "," "," "," "," "," "," "," ",nfl.p.31019$nfl.g.2448920,Dallas,Goedert,nfl.p.31019$nfl.g.2448920 - Dallas Goedert,TE,PHI,HOU,PHI@HOU,8:15PM EDT,20,10.5," "," "
" "," "," "," "," "," "," "," "," "," "," "," "," ",nfl.p.31171$nfl.g.2448920,Boston,Scott,nfl.p.31171$nfl.g.2448920 - Boston Scott,RB,PHI,HOU,PHI@HOU,8:15PM EDT,10,2.3," "," "
" "," "," "," "," "," "," "," "," "," "," "," "," ",nfl.p.31883$nfl.g.2448920,A.J.,Brown,nfl.p.31883$nfl.g.2448920 - A.J. Brown,WR,PHI,HOU,PHI@HOU,8:15PM EDT,27,16.2," "," "
" "," "," "," "," "," "," "," "," "," "," "," "," ",nfl.p.31885$nfl.g.2448920,Miles,Sanders,nfl.p.31885$nfl.g.2448920 - Miles Sanders,RB,PHI,HOU,PHI@HOU,8:15PM EDT,24,13.9," "," "
" "," "," "," "," "," "," "," "," "," "," "," "," ",nfl.p.32010$nfl.g.2448920,Gardner,Minshew II,nfl.p.32010$nfl.g.2448920 - Gardner Minshew II,QB,PHI,HOU,PHI@HOU,8:15PM EDT,20,0.8," "," "
" "," "," "," "," "," "," "," "," "," "," "," "," ",nfl.p.32723$nfl.g.2448920,Jalen,Hurts,nfl.p.32723$nfl.g.2448920 - Jalen Hurts,QB,PHI,HOU,PHI@HOU,8:15PM EDT,36,24.5," "," "
" "," "," "," "," "," "," "," "," "," "," "," "," ",nfl.p.32870$nfl.g.2448920,Quez,Watkins,nfl.p.32870$nfl.g.2448920 - Quez Watkins,WR,PHI,HOU,PHI@HOU,8:15PM EDT,10,2.6," "," "
" "," "," "," "," "," "," "," "," "," "," "," "," ",nfl.p.33398$nfl.g.2448920,DeVonta,Smith,nfl.p.33398$nfl.g.2448920 - DeVonta Smith,WR,PHI,HOU,PHI@HOU,8:15PM EDT,18,9.5," "," "
" "," "," "," "," "," "," "," "," "," "," "," "," ",nfl.p.33476$nfl.g.2448920,Trey,Sermon,nfl.p.33476$nfl.g.2448920 - Trey Sermon,RB,PHI,HOU,PHI@HOU,8:15PM EDT,10,1.9," "," "
" "," "," "," "," "," "," "," "," "," "," "," "," ",nfl.p.33521$nfl.g.2448920,Ian,Book,nfl.p.33521$nfl.g.2448920 - Ian Book,QB,PHI,HOU,PHI@HOU,8:15PM EDT,20,4.0,O," "
" "," "," "," "," "," "," "," "," "," "," "," "," ",nfl.p.33538$nfl.g.2448920,Kenneth,Gainwell,nfl.p.33538$nfl.g.2448920 - Kenneth Gainwell,RB,PHI,HOU,PHI@HOU,8:15PM EDT,13,4.8," "," "
" "," "," "," "," "," "," "," "," "," "," "," "," ",nfl.p.33891$nfl.g.2448920,Jack,Stoll,nfl.p.33891$nfl.g.2448920 - Jack Stoll,TE,PHI,HOU,PHI@HOU,8:15PM EDT,10,1.3," "," "
" "," "," "," "," "," "," "," "," "," "," "," "," ",nfl.p.34154$nfl.g.2448920,Grant,Calcaterra,nfl.p.34154$nfl.g.2448920 - Grant Calcaterra,TE,PHI,HOU,PHI@HOU,8:15PM EDT,10,4.5," "," "
" "," "," "," "," "," "," "," "," "," "," "," "," ",nfl.p.34378$nfl.g.2448920,Britain,Covey,nfl.p.34378$nfl.g.2448920 - Britain Covey,WR,PHI,HOU,PHI@HOU,8:15PM EDT,10,0.0," "," "
" "," "," "," "," "," "," "," "," "," "," "," "," ",nfl.p.26813$nfl.g.2448920,Rex,Burkhead,nfl.p.26813$nfl.g.2448920 - Rex Burkhead,RB,HOU,PHI,PHI@HOU,8:15PM EDT,10,5.0," "," "
" "," "," "," "," "," "," "," "," "," "," "," "," ",nfl.p.27548$nfl.g.2448920,Brandin,Cooks,nfl.p.27548$nfl.g.2448920 - Brandin Cooks,WR,HOU,PHI,PHI@HOU,8:15PM EDT,16,8.2,O," "
" "," "," "," "," "," "," "," "," "," "," "," "," ",nfl.p.28417$nfl.g.2448920,Phillip,Dorsett II,nfl.p.28417$nfl.g.2448920 - Phillip Dorsett II,WR,HOU,PHI,PHI@HOU,8:15PM EDT,10,3.8," "," "
" "," "," "," "," "," "," "," "," "," "," "," "," ",nfl.p.29341$nfl.g.2448920,Chris,Moore,nfl.p.29341$nfl.g.2448920 - Chris Moore,WR,HOU,PHI,PHI@HOU,8:15PM EDT,10,6.0," "," "
" "," "," "," "," "," "," "," "," "," "," "," "," ",nfl.p.30132$nfl.g.2448920,O.J.,Howard,nfl.p.30132$nfl.g.2448920 - O.J. Howard,TE,HOU,PHI,PHI@HOU,8:15PM EDT,10,3.9," "," "
" "," "," "," "," "," "," "," "," "," "," "," "," ",nfl.p.30860$nfl.g.2448920,Dare,Ogunbowale,nfl.p.30860$nfl.g.2448920 - Dare Ogunbowale,RB,HOU,PHI,PHI@HOU,8:15PM EDT,10,1.5," "," "
" "," "," "," "," "," "," "," "," "," "," "," "," ",nfl.p.31068$nfl.g.2448920,Jordan,Akins,nfl.p.31068$nfl.g.2448920 - Jordan Akins,TE,HOU,PHI,PHI@HOU,8:15PM EDT,10,4.6," "," "
" "," "," "," "," "," "," "," "," "," "," "," "," ",nfl.p.31301$nfl.g.2448920,Kyle,Allen,nfl.p.31301$nfl.g.2448920 - Kyle Allen,QB,HOU,PHI,PHI@HOU,8:15PM EDT,20,3.9," "," "
" "," "," "," "," "," "," "," "," "," "," "," "," ",nfl.p.33455$nfl.g.2448920,Davis,Mills,nfl.p.33455$nfl.g.2448920 - Davis Mills,QB,HOU,PHI,PHI@HOU,8:15PM EDT,20,12.4," "," "
" "," "," "," "," "," "," "," "," "," "," "," "," ",nfl.p.33477$nfl.g.2448920,Nico,Collins,nfl.p.33477$nfl.g.2448920 - Nico Collins,WR,HOU,PHI,PHI@HOU,8:15PM EDT,11,6.6,O," "
" "," "," "," "," "," "," "," "," "," "," "," "," ",nfl.p.33535$nfl.g.2448920,Brevin,Jordan,nfl.p.33535$nfl.g.2448920 - Brevin Jordan,TE,HOU,PHI,PHI@HOU,8:15PM EDT,10,1.2," "," "
" "," "," "," "," "," "," "," "," "," "," "," "," ",nfl.p.34063$nfl.g.2448920,Dameon,Pierce,nfl.p.34063$nfl.g.2448920 - Dameon Pierce,RB,HOU,PHI,PHI@HOU,8:15PM EDT,22,14.0," "," "
" "," "," "," "," "," "," "," "," "," "," "," "," ",nfl.p.34597$nfl.g.2448920,Troy,Hairston,nfl.p.34597$nfl.g.2448920 - Troy Hairston,RB,HOU,PHI,PHI@HOU,8:15PM EDT,10,0.5," "," "
" "," "," "," "," "," "," "," "," "," "," "," "," ",nfl.p.34126$nfl.g.2448920,Teagan,Quitoriano,nfl.p.34126$nfl.g.2448920 - Teagan Quitoriano,TE,HOU,PHI,PHI@HOU,8:15PM EDT,10,6.7," "," "
" "," "," "," "," "," "," "," "," "," "," "," "," ",nfl.p.33098$nfl.g.2448920,Darius,Anderson,nfl.p.33098$nfl.g.2448920 - Darius Anderson,RB,HOU,PHI,PHI@HOU,8:15PM EDT,10,0.0,IR," "
" "," "," "," "," "," "," "," "," "," "," "," "," ",nfl.t.21$nfl.g.2448920,Philadelphia,Eagles,nfl.t.21$nfl.g.2448920 - Philadelphia Eagles,DEF,PHI,HOU,PHI@HOU,8:15PM EDT,20,10.4," "," "
" "," "," "," "," "," "," "," "," "," "," "," "," ",nfl.t.34$nfl.g.2448920,Houston,Texans,nfl.t.34$nfl.g.2448920 - Houston Texans,DEF,HOU,PHI,PHI@HOU,8:15PM EDT,11,6.0," "," "
" "," "," "," "," "," "," "," "," "," "," "," "," ",nfl.p.32511$nfl.g.2448920,Tyron,Johnson,nfl.p.32511$nfl.g.2448920 - Tyron Johnson,WR,HOU,PHI,PHI@HOU,8:15PM EDT,10,0.6," "," "
" "," "," "," "," "," "," "," "," "," "," "," "," ",nfl.p.32415$nfl.g.2448920,Tyree,Jackson,nfl.p.32415$nfl.g.2448920 - Tyree Jackson,TE,PHI,HOU,PHI@HOU,8:15PM EDT,10,3.2,PUP," "
" "," "," "," "," "," "," "," "," "," "," "," "," ",nfl.p.9678$nfl.g.2448923,Chase,Daniel,nfl.p.9678$nfl.g.2448923 - Chase Daniel,QB,LAC,ATL,LAC@ATL,1:00PM EST,20,-0.2," "," "
" "," "," "," "," "," "," "," "," "," "," "," "," ",nfl.p.26699$nfl.g.2448923,Keenan,Allen,nfl.p.26699$nfl.g.2448923 - Keenan Allen,WR,LAC,ATL,LAC@ATL,1:00PM EST,27,5.4,O," "
" "," "," "," "," "," "," "," "," "," "," "," "," ",nfl.p.27626$nfl.g.2448923,Richard,Rodgers,nfl.p.27626$nfl.g.2448923 - Richard Rodgers,TE,LAC,ATL,LAC@ATL,1:00PM EST,10,0.0," "," "
" "," "," "," "," "," "," "," "," "," "," "," "," ",nfl.p.28947$nfl.g.2448923,DeAndre,Carter,nfl.p.28947$nfl.g.2448923 - DeAndre Carter,WR,LAC,ATL,LAC@ATL,1:00PM EST,13,5.1,Q," "
" "," "," "," "," "," "," "," "," "," "," "," "," ",nfl.p.30120$nfl.g.2448923,Mike,Williams,nfl.p.30120$nfl.g.2448923 - Mike Williams,WR,LAC,ATL,LAC@ATL,1:00PM EST,25,12.3,O," "
" "," "," "," "," "," "," "," "," "," "," "," "," ",nfl.p.30157$nfl.g.2448923,Gerald,Everett,nfl.p.30157$nfl.g.2448923 - Gerald Everett,TE,LAC,ATL,LAC@ATL,1:00PM EST,18,8.0," "," "
" "," "," "," "," "," "," "," "," "," "," "," "," ",nfl.p.30423$nfl.g.2448923,Austin,Ekeler,nfl.p.30423$nfl.g.2448923 - Austin Ekeler,RB,LAC,ATL,LAC@ATL,1:00PM EST,39,21.2," "," "
" "," "," "," "," "," "," "," "," "," "," "," "," ",nfl.p.31001$nfl.g.2448923,Sony,Michel,nfl.p.31001$nfl.g.2448923 - Sony Michel,RB,LAC,ATL,LAC@ATL,1:00PM EST,10,2.7," "," "
" "," "," "," "," "," "," "," "," "," "," "," "," ",nfl.p.31998$nfl.g.2448923,Easton,Stick,nfl.p.31998$nfl.g.2448923 - Easton Stick,QB,LAC,ATL,LAC@ATL,1:00PM EST,20,0.0," "," "
" "," "," "," "," "," "," "," "," "," "," "," "," ",nfl.p.32456$nfl.g.2448923,Donald,Parham Jr.,nfl.p.32456$nfl.g.2448923 - Donald Parham Jr.,TE,LAC,ATL,LAC@ATL,1:00PM EST,10,3.4,IR," "
" "," "," "," "," "," "," "," "," "," "," "," "," ",nfl.p.32547$nfl.g.2448923,Jason,Moore Jr.,nfl.p.32547$nfl.g.2448923 - Jason Moore Jr.,WR,LAC,ATL,LAC@ATL,1:00PM EST,10,1.0," "," "
" "," "," "," "," "," "," "," "," "," "," "," "," ",nfl.p.32676$nfl.g.2448923,Justin,Herbert,nfl.p.32676$nfl.g.2448923 - Justin Herbert,QB,LAC,ATL,LAC@ATL,1:00PM EST,34,17.8," "," "
" "," "," "," "," "," "," "," "," "," "," "," "," ",nfl.p.33465$nfl.g.2448923,Joshua,Palmer,nfl.p.33465$nfl.g.2448923 - Joshua Palmer,WR,LAC,ATL,LAC@ATL,1:00PM EST,19,7.2," "," "
" "," "," "," "," "," "," "," "," "," "," "," "," ",nfl.p.33485$nfl.g.2448923,Tre',McKitty,nfl.p.33485$nfl.g.2448923 - Tre' McKitty,TE,LAC,ATL,LAC@ATL,1:00PM EST,10,1.2," "," "
" "," "," "," "," "," "," "," "," "," "," "," "," ",nfl.p.34079$nfl.g.2448923,Isaiah,Spiller,nfl.p.34079$nfl.g.2448923 - Isaiah Spiller,RB,LAC,ATL,LAC@ATL,1:00PM EST,10,-0.5," "," "
" "," "," "," "," "," "," "," "," "," "," "," "," ",nfl.p.34216$nfl.g.2448923,Zander,Horvath,nfl.p.34216$nfl.g.2448923 - Zander Horvath,RB,LAC,ATL,LAC@ATL,1:00PM EST,10,2.5," "," "
" "," "," "," "," "," "," "," "," "," "," "," "," ",nfl.p.32201$nfl.g.2448923,Jalen,Guyton,nfl.p.32201$nfl.g.2448923 - Jalen Guyton,WR,LAC,ATL,LAC@ATL,1:00PM EST,10,3.7,IR," "
" "," "," "," "," "," "," "," "," "," "," "," "," ",nfl.p.28141$nfl.g.2448923,Keith,Smith,nfl.p.28141$nfl.g.2448923 - Keith Smith,RB,ATL,LAC,LAC@ATL,1:00PM EST,10,0.5," "," "
" "," "," "," "," "," "," "," "," "," "," "," "," ",nfl.p.28390$nfl.g.2448923,Marcus,Mariota,nfl.p.28390$nfl.g.2448923 - Marcus Mariota,QB,ATL,LAC,LAC@ATL,1:00PM EST,30,16.9," "," "
" "," "," "," "," "," "," "," "," "," "," "," "," ",nfl.p.28531$nfl.g.2448923,MyCole,Pruitt,nfl.p.28531$nfl.g.2448923 - MyCole Pruitt,TE,ATL,LAC,LAC@ATL,1:00PM EST,10,6.7," "," "
" "," "," "," "," "," "," "," "," "," "," "," "," ",nfl.p.28730$nfl.g.2448923,Damiere,Byrd,nfl.p.28730$nfl.g.2448923 - Damiere Byrd,WR,ATL,LAC,LAC@ATL,1:00PM EST,10,7.0," "," "
" "," "," "," "," "," "," "," "," "," "," "," "," ",nfl.p.30571$nfl.g.2448923,Anthony,Firkser,nfl.p.30571$nfl.g.2448923 - Anthony Firkser,TE,ATL,LAC,LAC@ATL,1:00PM EST,10,1.8," "," "
" "," "," "," "," "," "," "," "," "," "," "," "," ",nfl.p.31769$nfl.g.2448923,KhaDarel,Hodge,nfl.p.31769$nfl.g.2448923 - KhaDarel Hodge,WR,ATL,LAC,LAC@ATL,1:00PM EST,10,3.1," "," "
" "," "," "," "," "," "," "," "," "," "," "," "," ",nfl.p.32123$nfl.g.2448923,Olamide,Zaccheaus,nfl.p.32123$nfl.g.2448923 - Olamide Zaccheaus,WR,ATL,LAC,LAC@ATL,1:00PM EST,11,6.3," "," "
" "," "," "," "," "," "," "," "," "," "," "," "," ",nfl.p.32588$nfl.g.2448923,Parker,Hesse,nfl.p.32588$nfl.g.2448923 - Parker Hesse,TE,ATL,LAC,LAC@ATL,1:00PM EST,10,1.2," "," "
" "," "," "," "," "," "," "," "," "," "," "," "," ",nfl.p.32751$nfl.g.2448923,Bryan,Edwards,nfl.p.32751$nfl.g.2448923 - Bryan Edwards,WR,ATL,LAC,LAC@ATL,1:00PM EST,10,0.8," "," "
" "," "," "," "," "," "," "," "," "," "," "," "," ",nfl.p.33392$nfl.g.2448923,Kyle,Pitts,nfl.p.33392$nfl.g.2448923 - Kyle Pitts,TE,ATL,LAC,LAC@ATL,1:00PM EST,16,6.9," "," "
" "," "," "," "," "," "," "," "," "," "," "," "," ",nfl.p.33571$nfl.g.2448923,Avery,Williams,nfl.p.33571$nfl.g.2448923 - Avery Williams,RB,ATL,LAC,LAC@ATL,1:00PM EST,10,2.3," "," "
" "," "," "," "," "," "," "," "," "," "," "," "," ",nfl.p.33729$nfl.g.2448923,Feleipe,Franks,nfl.p.33729$nfl.g.2448923 - Feleipe Franks,TE,ATL,LAC,LAC@ATL,1:00PM EST,10,0.0," "," "
" "," "," "," "," "," "," "," "," "," "," "," "," ",nfl.p.33732$nfl.g.2448923,Caleb,Huntley,nfl.p.33732$nfl.g.2448923 - Caleb Huntley,RB,ATL,LAC,LAC@ATL,1:00PM EST,12,5.4," "," "
" "," "," "," "," "," "," "," "," "," "," "," "," ",nfl.p.33963$nfl.g.2448923,Drake,London,nfl.p.33963$nfl.g.2448923 - Drake London,WR,ATL,LAC,LAC@ATL,1:00PM EST,13,8.0," "," "
" "," "," "," "," "," "," "," "," "," "," "," "," ",nfl.p.34030$nfl.g.2448923,Desmond,Ridder,nfl.p.34030$nfl.g.2448923 - Desmond Ridder,QB,ATL,LAC,LAC@ATL,1:00PM EST,20,0.0," "," "
" "," "," "," "," "," "," "," "," "," "," "," "," ",nfl.p.34107$nfl.g.2448923,Tyler,Allgeier,nfl.p.34107$nfl.g.2448923 - Tyler Allgeier,RB,ATL,LAC,LAC@ATL,1:00PM EST,15,7.7," "," "
" "," "," "," "," "," "," "," "," "," "," "," "," ",nfl.p.26652$nfl.g.2448923,Cordarrelle,Patterson,nfl.p.26652$nfl.g.2448923 - Cordarrelle Patterson,RB,ATL,LAC,LAC@ATL,1:00PM EST,21,14.2," "," "
" "," "," "," "," "," "," "," "," "," "," "," "," ",nfl.p.34169$nfl.g.2448923,John,FitzPatrick,nfl.p.34169$nfl.g.2448923 - John FitzPatrick,TE,ATL,LAC,LAC@ATL,1:00PM EST,10,0.0,IR," "
" "," "," "," "," "," "," "," "," "," "," "," "," ",nfl.p.26016$nfl.g.2448923,Beau,Brinkley,nfl.p.26016$nfl.g.2448923 - Beau Brinkley,TE,ATL,LAC,LAC@ATL,1:00PM EST,10,0.0,IR," "
" "," "," "," "," "," "," "," "," "," "," "," "," ",nfl.t.24$nfl.g.2448923,Los Angeles,Chargers,nfl.t.24$nfl.g.2448923 - Los Angeles Chargers,DEF,LAC,ATL,LAC@ATL,1:00PM EST,10,4.3," "," "
" "," "," "," "," "," "," "," "," "," "," "," "," ",nfl.t.1$nfl.g.2448923,Atlanta,Falcons,nfl.t.1$nfl.g.2448923 - Atlanta Falcons,DEF,ATL,LAC,LAC@ATL,1:00PM EST,11,5.8," "," "
" "," "," "," "," "," "," "," "," "," "," "," "," ",nfl.p.33928$nfl.g.2448923,Michael,Bandy,nfl.p.33928$nfl.g.2448923 - Michael Bandy,WR,LAC,ATL,LAC@ATL,1:00PM EST,10,2.3," "," "
" "," "," "," "," "," "," "," "," "," "," "," "," ",nfl.p.28115$nfl.g.2448923,Damien,Williams,nfl.p.28115$nfl.g.2448923 - Damien Williams,RB,ATL,LAC,LAC@ATL,1:00PM EST,12,0.2,IR," "
" "," "," "," "," "," "," "," "," "," "," "," "," ",nfl.p.34637$nfl.g.2448923,Stone,Smartt,nfl.p.34637$nfl.g.2448923 - Stone Smartt,TE,LAC,ATL,LAC@ATL,1:00PM EST,10,0.0,O," "
" "," "," "," "," "," "," "," "," "," "," "," "," ",nfl.p.27560$nfl.g.2448926,Teddy,Bridgewater,nfl.p.27560$nfl.g.2448926 - Teddy Bridgewater,QB,MIA,CHI,MIA@CHI,1:00PM EST,20,8.0," "," "
" "," "," "," "," "," "," "," "," "," "," "," "," ",nfl.p.28654$nfl.g.2448926,Raheem,Mostert,nfl.p.28654$nfl.g.2448926 - Raheem Mostert,RB,MIA,CHI,MIA@CHI,1:00PM EST,23,9.2," "," "
" "," "," "," "," "," "," "," "," "," "," "," "," ",nfl.p.29399$nfl.g.2448926,Tyreek,Hill,nfl.p.29399$nfl.g.2448926 - Tyreek Hill,WR,MIA,CHI,MIA@CHI,1:00PM EST,32,18.1," "," "
" "," "," "," "," "," "," "," "," "," "," "," "," ",nfl.p.30955$nfl.g.2448926,River,Cracraft,nfl.p.30955$nfl.g.2448926 - River Cracraft,WR,MIA,CHI,MIA@CHI,1:00PM EST,10,2.9,O," "
" "," "," "," "," "," "," "," "," "," "," "," "," ",nfl.p.31012$nfl.g.2448926,Mike,Gesicki,nfl.p.31012$nfl.g.2448926 - Mike Gesicki,TE,MIA,CHI,MIA@CHI,1:00PM EST,11,7.2," "," "
" "," "," "," "," "," "," "," "," "," "," "," "," ",nfl.p.31093$nfl.g.2448926,Durham,Smythe,nfl.p.31093$nfl.g.2448926 - Durham Smythe,TE,MIA,CHI,MIA@CHI,1:00PM EST,10,2.8," "," "
" "," "," "," "," "," "," "," "," "," "," "," "," ",nfl.p.31104$nfl.g.2448926,Chase,Edmonds,nfl.p.31104$nfl.g.2448926 - Chase Edmonds,RB,DEN,CHI,MIA@CHI,1:00PM EST,11,5.6," "," "
" "," "," "," "," "," "," "," "," "," "," "," "," ",nfl.p.31178$nfl.g.2448926,Cedrick,Wilson Jr.,nfl.p.31178$nfl.g.2448926 - Cedrick Wilson Jr.,WR,MIA,CHI,MIA@CHI,1:00PM EST,10,1.4," "," "
" "," "," "," "," "," "," "," "," "," "," "," "," ",nfl.p.31320$nfl.g.2448926,Trent,Sherfield,nfl.p.31320$nfl.g.2448926 - Trent Sherfield,WR,MIA,CHI,MIA@CHI,1:00PM EST,10,2.9," "," "
" "," "," "," "," "," "," "," "," "," "," "," "," ",nfl.p.32066$nfl.g.2448926,Myles,Gaskin,nfl.p.32066$nfl.g.2448926 - Myles Gaskin,RB,MIA,CHI,MIA@CHI,1:00PM EST,10,4.8," "," "
" "," "," "," "," "," "," "," "," "," "," "," "," ",nfl.p.32344$nfl.g.2448926,Alec,Ingold,nfl.p.32344$nfl.g.2448926 - Alec Ingold,RB,MIA,CHI,MIA@CHI,1:00PM EST,10,2.7," "," "
" "," "," "," "," "," "," "," "," "," "," "," "," ",nfl.p.32675$nfl.g.2448926,Tua,Tagovailoa,nfl.p.32675$nfl.g.2448926 - Tua Tagovailoa,QB,MIA,CHI,MIA@CHI,1:00PM EST,30,19.3," "," "
" "," "," "," "," "," "," "," "," "," "," "," "," ",nfl.p.33265$nfl.g.2448926,Salvon,Ahmed,nfl.p.33265$nfl.g.2448926 - Salvon Ahmed,RB,MIA,CHI,MIA@CHI,1:00PM EST,10,0.2," "," "
" "," "," "," "," "," "," "," "," "," "," "," "," ",nfl.p.33394$nfl.g.2448926,Jaylen,Waddle,nfl.p.33394$nfl.g.2448926 - Jaylen Waddle,WR,MIA,CHI,MIA@CHI,1:00PM EST,26,15.4," "," "
" "," "," "," "," "," "," "," "," "," "," "," "," ",nfl.p.33469$nfl.g.2448926,Hunter,Long,nfl.p.33469$nfl.g.2448926 - Hunter Long,TE,MIA,CHI,MIA@CHI,1:00PM EST,10,0.0," "," "
" "," "," "," "," "," "," "," "," "," "," "," "," ",nfl.p.34081$nfl.g.2448926,Erik,Ezukanma,nfl.p.34081$nfl.g.2448926 - Erik Ezukanma,WR,MIA,CHI,MIA@CHI,1:00PM EST,10,0.0," "," "
" "," "," "," "," "," "," "," "," "," "," "," "," ",nfl.p.34203$nfl.g.2448926,Skylar,Thompson,nfl.p.34203$nfl.g.2448926 - Skylar Thompson,QB,MIA,CHI,MIA@CHI,1:00PM EST,20,4.0," "," "
" "," "," "," "," "," "," "," "," "," "," "," "," ",nfl.p.34513$nfl.g.2448926,Tanner,Conner,nfl.p.34513$nfl.g.2448926 - Tanner Conner,TE,MIA,CHI,MIA@CHI,1:00PM EST,10,0.0,Q," "
" "," "," "," "," "," "," "," "," "," "," "," "," ",nfl.p.32364$nfl.g.2448926,John,Lovett,nfl.p.32364$nfl.g.2448926 - John Lovett,RB,MIA,CHI,MIA@CHI,1:00PM EST,10,0.0,IR," "
" "," "," "," "," "," "," "," "," "," "," "," "," ",nfl.p.30158$nfl.g.2448926,Adam,Shaheen,nfl.p.30158$nfl.g.2448926 - Adam Shaheen,TE,MIA,CHI,MIA@CHI,1:00PM EST,10,2.4,IR," "
" "," "," "," "," "," "," "," "," "," "," "," "," ",nfl.p.25370$nfl.g.2448926,Patrick,Scales,nfl.p.25370$nfl.g.2448926 - Patrick Scales,TE,CHI,MIA,MIA@CHI,1:00PM EST,10,0.0," "," "
" "," "," "," "," "," "," "," "," "," "," "," "," ",nfl.p.26824$nfl.g.2448926,Ryan,Griffin,nfl.p.26824$nfl.g.2448926 - Ryan Griffin,TE,CHI,MIA,MIA@CHI,1:00PM EST,10,0.8," "," "
" "," "," "," "," "," "," "," "," "," "," "," "," ",nfl.p.28638$nfl.g.2448926,Trevor,Siemian,nfl.p.28638$nfl.g.2448926 - Trevor Siemian,QB,CHI,MIA,MIA@CHI,1:00PM EST,20,0.2," "," "
" "," "," "," "," "," "," "," "," "," "," "," "," ",nfl.p.31014$nfl.g.2448926,Dante,Pettis,nfl.p.31014$nfl.g.2448926 - Dante Pettis,WR,CHI,MIA,MIA@CHI,1:00PM EST,11,5.1," "," "
" "," "," "," "," "," "," "," "," "," "," "," "," ",nfl.p.31177$nfl.g.2448926,Equanimeous,St. Brown,nfl.p.31177$nfl.g.2448926 - Equanimeous St. Brown,WR,CHI,MIA,MIA@CHI,1:00PM EST,10,4.0," "," "
" "," "," "," "," "," "," "," "," "," "," "," "," ",nfl.p.31864$nfl.g.2448926,N'Keal,Harry,nfl.p.31864$nfl.g.2448926 - N'Keal Harry,WR,CHI,MIA,MIA@CHI,1:00PM EST,10,5.6," "," "
" "," "," "," "," "," "," "," "," "," "," "," "," ",nfl.p.31905$nfl.g.2448926,David,Montgomery,nfl.p.31905$nfl.g.2448926 - David Montgomery,RB,CHI,MIA,MIA@CHI,1:00PM EST,19,9.4," "," "
" "," "," "," "," "," "," "," "," "," "," "," "," ",nfl.p.31953$nfl.g.2448926,Trevon,Wesco,nfl.p.31953$nfl.g.2448926 - Trevon Wesco,TE,CHI,MIA,MIA@CHI,1:00PM EST,10,2.8," "," "
" "," "," "," "," "," "," "," "," "," "," "," "," ",nfl.p.32140$nfl.g.2448926,Khari,Blasingame,nfl.p.32140$nfl.g.2448926 - Khari Blasingame,RB,CHI,MIA,MIA@CHI,1:00PM EST,10,0.0," "," "
" "," "," "," "," "," "," "," "," "," "," "," "," ",nfl.p.32713$nfl.g.2448926,Cole,Kmet,nfl.p.32713$nfl.g.2448926 - Cole Kmet,TE,CHI,MIA,MIA@CHI,1:00PM EST,11,3.6," "," "
" "," "," "," "," "," "," "," "," "," "," "," "," ",nfl.p.32841$nfl.g.2448926,Isaiah,Coulter,nfl.p.32841$nfl.g.2448926 - Isaiah Coulter,WR,CHI,MIA,MIA@CHI,1:00PM EST,10,0.0," "," "
" "," "," "," "," "," "," "," "," "," "," "," "," ",nfl.p.32843$nfl.g.2448926,Darnell,Mooney,nfl.p.32843$nfl.g.2448926 - Darnell Mooney,WR,CHI,MIA,MIA@CHI,1:00PM EST,16,6.1," "," "
" "," "," "," "," "," "," "," "," "," "," "," "," ",nfl.p.33399$nfl.g.2448926,Justin,Fields,nfl.p.33399$nfl.g.2448926 - Justin Fields,QB,CHI,MIA,MIA@CHI,1:00PM EST,30,16.0," "," "
" "," "," "," "," "," "," "," "," "," "," "," "," ",nfl.p.33605$nfl.g.2448926,Khalil,Herbert,nfl.p.33605$nfl.g.2448926 - Khalil Herbert,RB,CHI,MIA,MIA@CHI,1:00PM EST,19,12.0," "," "
" "," "," "," "," "," "," "," "," "," "," "," "," ",nfl.p.34027$nfl.g.2448926,Velus,Jones Jr.,nfl.p.34027$nfl.g.2448926 - Velus Jones Jr.,WR,CHI,MIA,MIA@CHI,1:00PM EST,10,3.0," "," "
" "," "," "," "," "," "," "," "," "," "," "," "," ",nfl.p.34159$nfl.g.2448926,Trestan,Ebner,nfl.p.34159$nfl.g.2448926 - Trestan Ebner,RB,CHI,MIA,MIA@CHI,1:00PM EST,10,0.7," "," "
" "," "," "," "," "," "," "," "," "," "," "," "," ",nfl.p.34374$nfl.g.2448926,Jake,Tonges,nfl.p.34374$nfl.g.2448926 - Jake Tonges,TE,CHI,MIA,MIA@CHI,1:00PM EST,10,0.0," "," "
" "," "," "," "," "," "," "," "," "," "," "," "," ",nfl.p.31496$nfl.g.2448926,Byron,Pringle,nfl.p.31496$nfl.g.2448926 - Byron Pringle,WR,CHI,MIA,MIA@CHI,1:00PM EST,10,2.2,IR," "
" "," "," "," "," "," "," "," "," "," "," "," "," ",nfl.t.15$nfl.g.2448926,Miami,Dolphins,nfl.t.15$nfl.g.2448926 - Miami Dolphins,DEF,MIA,CHI,MIA@CHI,1:00PM EST,12,4.5," "," "
" "," "," "," "," "," "," "," "," "," "," "," "," ",nfl.t.3$nfl.g.2448926,Chicago,Bears,nfl.t.3$nfl.g.2448926 - Chicago Bears,DEF,CHI,MIA,MIA@CHI,1:00PM EST,14,5.9," "," "
" "," "," "," "," "," "," "," "," "," "," "," "," ",nfl.p.30577$nfl.g.2448926,Cethan,Carter,nfl.p.30577$nfl.g.2448926 - Cethan Carter,TE,MIA,CHI,MIA@CHI,1:00PM EST,10,0.3,IR," "
" "," "," "," "," "," "," "," "," "," "," "," "," ",nfl.p.29406$nfl.g.2448929,Rashard,Higgins,nfl.p.29406$nfl.g.2448929 - Rashard Higgins,WR,CAR,CIN,CAR@CIN,1:00PM EST,10,3.8,O," "
" "," "," "," "," "," "," "," "," "," "," "," "," ",nfl.p.30202$nfl.g.2448929,D'Onta,Foreman,nfl.p.30202$nfl.g.2448929 - D'Onta Foreman,RB,CAR,CIN,CAR@CIN,1:00PM EST,17,7.3," "," "
" "," "," "," "," "," "," "," "," "," "," "," "," ",nfl.p.30538$nfl.g.2448929,P.J.,Walker,nfl.p.30538$nfl.g.2448929 - P.J. Walker,QB,CAR,CIN,CAR@CIN,1:00PM EST,22,9.4," "," "
" "," "," "," "," "," "," "," "," "," "," "," "," ",nfl.p.30971$nfl.g.2448929,Baker,Mayfield,nfl.p.30971$nfl.g.2448929 - Baker Mayfield,QB,CAR,CIN,CAR@CIN,1:00PM EST,20,11.7," "," "
" "," "," "," "," "," "," "," "," "," "," "," "," ",nfl.p.30994$nfl.g.2448929,DJ,Moore,nfl.p.30994$nfl.g.2448929 - DJ Moore,WR,CAR,CIN,CAR@CIN,1:00PM EST,16,10.1," "," "
" "," "," "," "," "," "," "," "," "," "," "," "," ",nfl.p.31071$nfl.g.2448929,Ian,Thomas,nfl.p.31071$nfl.g.2448929 - Ian Thomas,TE,CAR,CIN,CAR@CIN,1:00PM EST,10,2.2," "," "
" "," "," "," "," "," "," "," "," "," "," "," "," ",nfl.p.32712$nfl.g.2448929,Laviska,Shenault Jr.,nfl.p.32712$nfl.g.2448929 - Laviska Shenault Jr.,WR,CAR,CIN,CAR@CIN,1:00PM EST,10,5.6," "," "
" "," "," "," "," "," "," "," "," "," "," "," "," ",nfl.p.32921$nfl.g.2448929,Stephen,Sullivan,nfl.p.32921$nfl.g.2448929 - Stephen Sullivan,TE,CAR,CIN,CAR@CIN,1:00PM EST,10,1.4,O," "
" "," "," "," "," "," "," "," "," "," "," "," "," ",nfl.p.33151$nfl.g.2448929,Giovanni,Ricci,nfl.p.33151$nfl.g.2448929 - Giovanni Ricci,TE,CAR,CIN,CAR@CIN,1:00PM EST,10,1.2," "," "
" "," "," "," "," "," "," "," "," "," "," "," "," ",nfl.p.33447$nfl.g.2448929,Terrace,Marshall Jr.,nfl.p.33447$nfl.g.2448929 - Terrace Marshall Jr.,WR,CAR,CIN,CAR@CIN,1:00PM EST,11,4.9," "," "
" "," "," "," "," "," "," "," "," "," "," "," "," ",nfl.p.33471$nfl.g.2448929,Tommy,Tremble,nfl.p.33471$nfl.g.2448929 - Tommy Tremble,TE,CAR,CIN,CAR@CIN,1:00PM EST,10,3.1," "," "
" "," "," "," "," "," "," "," "," "," "," "," "," ",nfl.p.33514$nfl.g.2448929,Chuba,Hubbard,nfl.p.33514$nfl.g.2448929 - Chuba Hubbard,RB,CAR,CIN,CAR@CIN,1:00PM EST,12,3.1,O," "
" "," "," "," "," "," "," "," "," "," "," "," "," ",nfl.p.33592$nfl.g.2448929,Shi,Smith,nfl.p.33592$nfl.g.2448929 - Shi Smith,WR,CAR,CIN,CAR@CIN,1:00PM EST,10,1.8," "," "
" "," "," "," "," "," "," "," "," "," "," "," "," ",nfl.p.34617$nfl.g.2448929,Raheem,Blackshear,nfl.p.34617$nfl.g.2448929 - Raheem Blackshear,RB,CAR,CIN,CAR@CIN,1:00PM EST,10,0.1," "," "
" "," "," "," "," "," "," "," "," "," "," "," "," ",nfl.p.24063$nfl.g.2448929,Andre,Roberts,nfl.p.24063$nfl.g.2448929 - Andre Roberts,WR,CAR,CIN,CAR@CIN,1:00PM EST,10,0.0,IR," "
" "," "," "," "," "," "," "," "," "," "," "," "," ",nfl.p.30973$nfl.g.2448929,Sam,Darnold,nfl.p.30973$nfl.g.2448929 - Sam Darnold,QB,CAR,CIN,CAR@CIN,1:00PM EST,20,14.2,IR," "
" "," "," "," "," "," "," "," "," "," "," "," "," ",nfl.p.34050$nfl.g.2448929,Matt,Corral,nfl.p.34050$nfl.g.2448929 - Matt Corral,QB,CAR,CIN,CAR@CIN,1:00PM EST,20,0.0,IR," "
" "," "," "," "," "," "," "," "," "," "," "," "," ",nfl.p.29288$nfl.g.2448929,Tyler,Boyd,nfl.p.29288$nfl.g.2448929 - Tyler Boyd,WR,CIN,CAR,CAR@CIN,1:00PM EST,23,11.5," "," "
" "," "," "," "," "," "," "," "," "," "," "," "," ",nfl.p.29435$nfl.g.2448929,Brandon,Allen,nfl.p.29435$nfl.g.2448929 - Brandon Allen,QB,CIN,CAR,CAR@CIN,1:00PM EST,20,2.8," "," "
" "," "," "," "," "," "," "," "," "," "," "," "," ",nfl.p.29440$nfl.g.2448929,Mike,Thomas,nfl.p.29440$nfl.g.2448929 - Mike Thomas,WR,CIN,CAR,CAR@CIN,1:00PM EST,10,2.3," "," "
" "," "," "," "," "," "," "," "," "," "," "," "," ",nfl.p.30161$nfl.g.2448929,Joe,Mixon,nfl.p.30161$nfl.g.2448929 - Joe Mixon,RB,CIN,CAR,CAR@CIN,1:00PM EST,25,12.4," "," "
" "," "," "," "," "," "," "," "," "," "," "," "," ",nfl.p.30227$nfl.g.2448929,Samaje,Perine,nfl.p.30227$nfl.g.2448929 - Samaje Perine,RB,CIN,CAR,CAR@CIN,1:00PM EST,11,4.4," "," "
" "," "," "," "," "," "," "," "," "," "," "," "," ",nfl.p.30290$nfl.g.2448929,Trent,Taylor,nfl.p.30290$nfl.g.2448929 - Trent Taylor,WR,CIN,CAR,CAR@CIN,1:00PM EST,10,0.1," "," "
" "," "," "," "," "," "," "," "," "," "," "," "," ",nfl.p.30995$nfl.g.2448929,Hayden,Hurst,nfl.p.30995$nfl.g.2448929 - Hayden Hurst,TE,CIN,CAR,CAR@CIN,1:00PM EST,15,6.9," "," "
" "," "," "," "," "," "," "," "," "," "," "," "," ",nfl.p.32014$nfl.g.2448929,Trayveon,Williams,nfl.p.32014$nfl.g.2448929 - Trayveon Williams,RB,CIN,CAR,CAR@CIN,1:00PM EST,10,1.5," "," "
" "," "," "," "," "," "," "," "," "," "," "," "," ",nfl.p.32469$nfl.g.2448929,Stanley,Morgan,nfl.p.32469$nfl.g.2448929 - Stanley Morgan,WR,CIN,CAR,CAR@CIN,1:00PM EST,10,0.0," "," "
" "," "," "," "," "," "," "," "," "," "," "," "," ",nfl.p.32671$nfl.g.2448929,Joe,Burrow,nfl.p.32671$nfl.g.2448929 - Joe Burrow,QB,CIN,CAR,CAR@CIN,1:00PM EST,36,23.3," "," "
" "," "," "," "," "," "," "," "," "," "," "," "," ",nfl.p.32703$nfl.g.2448929,Tee,Higgins,nfl.p.32703$nfl.g.2448929 - Tee Higgins,WR,CIN,CAR,CAR@CIN,1:00PM EST,28,12.2," "," "
" "," "," "," "," "," "," "," "," "," "," "," "," ",nfl.p.32761$nfl.g.2448929,Devin,Asiasi,nfl.p.32761$nfl.g.2448929 - Devin Asiasi,TE,CIN,CAR,CAR@CIN,1:00PM EST,10,0.0," "," "
" "," "," "," "," "," "," "," "," "," "," "," "," ",nfl.p.33171$nfl.g.2448929,Mitchell,Wilcox,nfl.p.33171$nfl.g.2448929 - Mitchell Wilcox,TE,CIN,CAR,CAR@CIN,1:00PM EST,10,1.5," "," "
" "," "," "," "," "," "," "," "," "," "," "," "," ",nfl.p.33393$nfl.g.2448929,Ja'Marr,Chase,nfl.p.33393$nfl.g.2448929 - Ja'Marr Chase,WR,CIN,CAR,CAR@CIN,1:00PM EST,30,16.9,O," "
" "," "," "," "," "," "," "," "," "," "," "," "," ",nfl.p.33590$nfl.g.2448929,Chris,Evans,nfl.p.33590$nfl.g.2448929 - Chris Evans,RB,CIN,CAR,CAR@CIN,1:00PM EST,10,0.7," "," "
" "," "," "," "," "," "," "," "," "," "," "," "," ",nfl.p.34450$nfl.g.2448929,Cal,Adomitis,nfl.p.34450$nfl.g.2448929 - Cal Adomitis,TE,CIN,CAR,CAR@CIN,1:00PM EST,10,0.0," "," "
" "," "," "," "," "," "," "," "," "," "," "," "," ",nfl.p.31884$nfl.g.2448929,Drew,Sample,nfl.p.31884$nfl.g.2448929 - Drew Sample,TE,CIN,CAR,CAR@CIN,1:00PM EST,10,0.4,IR," "
" "," "," "," "," "," "," "," "," "," "," "," "," ",nfl.p.8497$nfl.g.2448929,Clark,Harris,nfl.p.8497$nfl.g.2448929 - Clark Harris,TE,CIN,CAR,CAR@CIN,1:00PM EST,10,0.0,IR," "
" "," "," "," "," "," "," "," "," "," "," "," "," ",nfl.p.32148$nfl.g.2448929,Elijah,Holyfield,nfl.p.32148$nfl.g.2448929 - Elijah Holyfield,RB,CIN,CAR,CAR@CIN,1:00PM EST,10,0.0,IR," "
" "," "," "," "," "," "," "," "," "," "," "," "," ",nfl.t.29$nfl.g.2448929,Carolina,Panthers,nfl.t.29$nfl.g.2448929 - Carolina Panthers,DEF,CAR,CIN,CAR@CIN,1:00PM EST,16,7.1," "," "
" "," "," "," "," "," "," "," "," "," "," "," "," ",nfl.t.4$nfl.g.2448929,Cincinnati,Bengals,nfl.t.4$nfl.g.2448929 - Cincinnati Bengals,DEF,CIN,CAR,CAR@CIN,1:00PM EST,14,5.8," "," "
" "," "," "," "," "," "," "," "," "," "," "," "," ",nfl.p.7200$nfl.g.2448931,Aaron,Rodgers,nfl.p.7200$nfl.g.2448931 - Aaron Rodgers,QB,GB,DET,GB@DET,1:00PM EST,27,14.5," "," "
" "," "," "," "," "," "," "," "," "," "," "," "," ",nfl.p.7777$nfl.g.2448931,Marcedes,Lewis,nfl.p.7777$nfl.g.2448931 - Marcedes Lewis,TE,GB,DET,GB@DET,1:00PM EST,10,6.7," "," "
" "," "," "," "," "," "," "," "," "," "," "," "," ",nfl.p.30295$nfl.g.2448931,Aaron,Jones,nfl.p.30295$nfl.g.2448931 - Aaron Jones,RB,GB,DET,GB@DET,1:00PM EST,26,14.2," "," "
" "," "," "," "," "," "," "," "," "," "," "," "," ",nfl.p.30777$nfl.g.2448931,Robert,Tonyan,nfl.p.30777$nfl.g.2448931 - Robert Tonyan,TE,GB,DET,GB@DET,1:00PM EST,16,6.5," "," "
" "," "," "," "," "," "," "," "," "," "," "," "," ",nfl.p.31268$nfl.g.2448931,Allen,Lazard,nfl.p.31268$nfl.g.2448931 - Allen Lazard,WR,GB,DET,GB@DET,1:00PM EST,19,11.8,Q," "
" "," "," "," "," "," "," "," "," "," "," "," "," ",nfl.p.32696$nfl.g.2448931,Jordan,Love,nfl.p.32696$nfl.g.2448931 - Jordan Love,QB,GB,DET,GB@DET,1:00PM EST,20,1.5," "," "
" "," "," "," "," "," "," "," "," "," "," "," "," ",nfl.p.32732$nfl.g.2448931,AJ,Dillon,nfl.p.32732$nfl.g.2448931 - AJ Dillon,RB,GB,DET,GB@DET,1:00PM EST,18,7.2," "," "
" "," "," "," "," "," "," "," "," "," "," "," "," ",nfl.p.32764$nfl.g.2448931,Josiah,Deguara,nfl.p.32764$nfl.g.2448931 - Josiah Deguara,TE,GB,DET,GB@DET,1:00PM EST,10,1.9," "," "
" "," "," "," "," "," "," "," "," "," "," "," "," ",nfl.p.32876$nfl.g.2448931,Tyler,Davis,nfl.p.32876$nfl.g.2448931 - Tyler Davis,TE,GB,DET,GB@DET,1:00PM EST,10,0.8," "," "
" "," "," "," "," "," "," "," "," "," "," "," "," ",nfl.p.33235$nfl.g.2448931,Patrick,Taylor,nfl.p.33235$nfl.g.2448931 - Patrick Taylor,RB,GB,DET,GB@DET,1:00PM EST,10,0.0," "," "
" "," "," "," "," "," "," "," "," "," "," "," "," ",nfl.p.33473$nfl.g.2448931,Amari,Rodgers,nfl.p.33473$nfl.g.2448931 - Amari Rodgers,WR,GB,DET,GB@DET,1:00PM EST,10,0.6," "," "
" "," "," "," "," "," "," "," "," "," "," "," "," ",nfl.p.33989$nfl.g.2448931,Christian,Watson,nfl.p.33989$nfl.g.2448931 - Christian Watson,WR,GB,DET,GB@DET,1:00PM EST,10,3.7,Q," "
" "," "," "," "," "," "," "," "," "," "," "," "," ",nfl.p.34088$nfl.g.2448931,Romeo,Doubs,nfl.p.34088$nfl.g.2448931 - Romeo Doubs,WR,GB,DET,GB@DET,1:00PM EST,14,7.7," "," "
" "," "," "," "," "," "," "," "," "," "," "," "," ",nfl.p.34214$nfl.g.2448931,Samori,Toure,nfl.p.34214$nfl.g.2448931 - Samori Toure,WR,GB,DET,GB@DET,1:00PM EST,10,5.6," "," "
" "," "," "," "," "," "," "," "," "," "," "," "," ",nfl.p.34700$nfl.g.2448931,Jack,Coco,nfl.p.34700$nfl.g.2448931 - Jack Coco,TE,GB,DET,GB@DET,1:00PM EST,10,0.0," "," "
" "," "," "," "," "," "," "," "," "," "," "," "," ",nfl.p.29235$nfl.g.2448931,Jared,Goff,nfl.p.29235$nfl.g.2448931 - Jared Goff,QB,DET,GB,GB@DET,1:00PM EST,23,17.2," "," "
" "," "," "," "," "," "," "," "," "," "," "," "," ",nfl.p.29421$nfl.g.2448931,Nate,Sudfeld,nfl.p.29421$nfl.g.2448931 - Nate Sudfeld,QB,DET,GB,GB@DET,1:00PM EST,20,0.0," "," "
" "," "," "," "," "," "," "," "," "," "," "," "," ",nfl.p.29631$nfl.g.2448931,Kalif,Raymond,nfl.p.29631$nfl.g.2448931 - Kalif Raymond,WR,DET,GB,GB@DET,1:00PM EST,11,4.7," "," "
" "," "," "," "," "," "," "," "," "," "," "," "," ",nfl.p.30230$nfl.g.2448931,Josh,Reynolds,nfl.p.30230$nfl.g.2448931 - Josh Reynolds,WR,DET,GB,GB@DET,1:00PM EST,10,8.7,D," "
" "," "," "," "," "," "," "," "," "," "," "," "," ",nfl.p.30247$nfl.g.2448931,Jamaal,Williams,nfl.p.30247$nfl.g.2448931 - Jamaal Williams,RB,DET,GB,GB@DET,1:00PM EST,22,14.7," "," "
" "," "," "," "," "," "," "," "," "," "," "," "," ",nfl.p.31221$nfl.g.2448931,Justin,Jackson,nfl.p.31221$nfl.g.2448931 - Justin Jackson,RB,DET,GB,GB@DET,1:00PM EST,10,1.6," "," "
" "," "," "," "," "," "," "," "," "," "," "," "," ",nfl.p.31840$nfl.g.2448931,T.J.,Hockenson,nfl.p.31840$nfl.g.2448931 - T.J. Hockenson,TE,MIN,DET,GB@DET,1:00PM EST,19,10.4," "," "
" "," "," "," "," "," "," "," "," "," "," "," "," ",nfl.p.32561$nfl.g.2448931,Tom,Kennedy,nfl.p.32561$nfl.g.2448931 - Tom Kennedy,WR,DET,GB,GB@DET,1:00PM EST,10,4.6," "," "
" "," "," "," "," "," "," "," "," "," "," "," "," ",nfl.p.32596$nfl.g.2448931,Craig,Reynolds,nfl.p.32596$nfl.g.2448931 - Craig Reynolds,RB,DET,GB,GB@DET,1:00PM EST,10,4.4," "," "
" "," "," "," "," "," "," "," "," "," "," "," "," ",nfl.p.32705$nfl.g.2448931,D'Andre,Swift,nfl.p.32705$nfl.g.2448931 - D'Andre Swift,RB,DET,GB,GB@DET,1:00PM EST,22,14.6,Q," "
" "," "," "," "," "," "," "," "," "," "," "," "," ",nfl.p.33500$nfl.g.2448931,Amon-Ra,St. Brown,nfl.p.33500$nfl.g.2448931 - Amon-Ra St. Brown,WR,DET,GB,GB@DET,1:00PM EST,26,12.8," "," "
" "," "," "," "," "," "," "," "," "," "," "," "," ",nfl.p.33774$nfl.g.2448931,Brock,Wright,nfl.p.33774$nfl.g.2448931 - Brock Wright,TE,DET,GB,GB@DET,1:00PM EST,10,3.9,Q," "
" "," "," "," "," "," "," "," "," "," "," "," "," ",nfl.p.34133$nfl.g.2448931,James,Mitchell,nfl.p.34133$nfl.g.2448931 - James Mitchell,TE,DET,GB,GB@DET,1:00PM EST,10,1.9," "," "
" "," "," "," "," "," "," "," "," "," "," "," "," ",nfl.p.34544$nfl.g.2448931,Greg,Bell,nfl.p.34544$nfl.g.2448931 - Greg Bell,RB,DET,GB,GB@DET,1:00PM EST,10,0.0,IR," "
" "," "," "," "," "," "," "," "," "," "," "," "," ",nfl.t.9$nfl.g.2448931,Green Bay,Packers,nfl.t.9$nfl.g.2448931 - Green Bay Packers,DEF,GB,DET,GB@DET,1:00PM EST,15,6.0," "," "
" "," "," "," "," "," "," "," "," "," "," "," "," ",nfl.t.8$nfl.g.2448931,Detroit,Lions,nfl.t.8$nfl.g.2448931 - Detroit Lions,DEF,DET,GB,GB@DET,1:00PM EST,10,2.6," "," "
" "," "," "," "," "," "," "," "," "," "," "," "," ",nfl.p.27532$nfl.g.2448931,Sammy,Watkins,nfl.p.27532$nfl.g.2448931 - Sammy Watkins,WR,GB,DET,GB@DET,1:00PM EST,12,4.9," "," "
" "," "," "," "," "," "," "," "," "," "," "," "," ",nfl.p.26389$nfl.g.2448934,Brandon,Bolden,nfl.p.26389$nfl.g.2448934 - Brandon Bolden,RB,LV,JAX,LV@JAX,1:00PM EST,10,3.6," "," "
" "," "," "," "," "," "," "," "," "," "," "," "," ",nfl.p.27564$nfl.g.2448934,Derek,Carr,nfl.p.27564$nfl.g.2448934 - Derek Carr,QB,LV,JAX,LV@JAX,1:00PM EST,28,14.6," "," "
" "," "," "," "," "," "," "," "," "," "," "," "," ",nfl.p.27581$nfl.g.2448934,Davante,Adams,nfl.p.27581$nfl.g.2448934 - Davante Adams,WR,LV,JAX,LV@JAX,1:00PM EST,28,14.3," "," "
" "," "," "," "," "," "," "," "," "," "," "," "," ",nfl.p.28442$nfl.g.2448934,Ameer,Abdullah,nfl.p.28442$nfl.g.2448934 - Ameer Abdullah,RB,LV,JAX,LV@JAX,1:00PM EST,10,1.3," "," "
" "," "," "," "," "," "," "," "," "," "," "," "," ",nfl.p.28592$nfl.g.2448934,Darren,Waller,nfl.p.28592$nfl.g.2448934 - Darren Waller,TE,LV,JAX,LV@JAX,1:00PM EST,21,7.9,Q," "
" "," "," "," "," "," "," "," "," "," "," "," "," ",nfl.p.30231$nfl.g.2448934,Mack,Hollins,nfl.p.30231$nfl.g.2448934 - Mack Hollins,WR,LV,JAX,LV@JAX,1:00PM EST,12,9.0," "," "
" "," "," "," "," "," "," "," "," "," "," "," "," ",nfl.p.30396$nfl.g.2448934,Keelan,Cole,nfl.p.30396$nfl.g.2448934 - Keelan Cole,WR,LV,JAX,LV@JAX,1:00PM EST,10,1.4," "," "
" "," "," "," "," "," "," "," "," "," "," "," "," ",nfl.p.31826$nfl.g.2448934,Jakob,Johnson,nfl.p.31826$nfl.g.2448934 - Jakob Johnson,RB,LV,JAX,LV@JAX,1:00PM EST,10,0.5," "," "
" "," "," "," "," "," "," "," "," "," "," "," "," ",nfl.p.31856$nfl.g.2448934,Josh,Jacobs,nfl.p.31856$nfl.g.2448934 - Josh Jacobs,RB,LV,JAX,LV@JAX,1:00PM EST,32,18.5," "," "
" "," "," "," "," "," "," "," "," "," "," "," "," ",nfl.p.31965$nfl.g.2448934,Jarrett,Stidham,nfl.p.31965$nfl.g.2448934 - Jarrett Stidham,QB,LV,JAX,LV@JAX,1:00PM EST,20,2.9," "," "
" "," "," "," "," "," "," "," "," "," "," "," "," ",nfl.p.31969$nfl.g.2448934,Foster,Moreau,nfl.p.31969$nfl.g.2448934 - Foster Moreau,TE,LV,JAX,LV@JAX,1:00PM EST,10,5.2," "," "
" "," "," "," "," "," "," "," "," "," "," "," "," ",nfl.p.31981$nfl.g.2448934,Hunter,Renfrow,nfl.p.31981$nfl.g.2448934 - Hunter Renfrow,WR,LV,JAX,LV@JAX,1:00PM EST,11,4.7," "," "
" "," "," "," "," "," "," "," "," "," "," "," "," ",nfl.p.32576$nfl.g.2448934,Jesper,Horsted,nfl.p.32576$nfl.g.2448934 - Jesper Horsted,TE,LV,JAX,LV@JAX,1:00PM EST,10,1.1," "," "
" "," "," "," "," "," "," "," "," "," "," "," "," ",nfl.p.34078$nfl.g.2448934,Zamir,White,nfl.p.34078$nfl.g.2448934 - Zamir White,RB,LV,JAX,LV@JAX,1:00PM EST,10,0.5," "," "
" "," "," "," "," "," "," "," "," "," "," "," "," ",nfl.p.34206$nfl.g.2448934,Brittain,Brown,nfl.p.34206$nfl.g.2448934 - Brittain Brown,RB,LV,JAX,LV@JAX,1:00PM EST,10,0.0," "," "
" "," "," "," "," "," "," "," "," "," "," "," "," ",nfl.p.33813$nfl.g.2448934,DJ,Turner,nfl.p.33813$nfl.g.2448934 - DJ Turner,WR,LV,JAX,LV@JAX,1:00PM EST,10,1.0," "," "
" "," "," "," "," "," "," "," "," "," "," "," "," ",nfl.p.34551$nfl.g.2448934,Sincere,McCormick,nfl.p.34551$nfl.g.2448934 - Sincere McCormick,RB,LV,JAX,LV@JAX,1:00PM EST,10,0.0,IR," "
" "," "," "," "," "," "," "," "," "," "," "," "," ",nfl.p.25876$nfl.g.2448934,Marvin,Jones Jr.,nfl.p.25876$nfl.g.2448934 - Marvin Jones Jr.,WR,JAX,LV,LV@JAX,1:00PM EST,12,6.2," "," "
" "," "," "," "," "," "," "," "," "," "," "," "," ",nfl.p.28365$nfl.g.2448934,Chris,Manhertz,nfl.p.28365$nfl.g.2448934 - Chris Manhertz,TE,JAX,LV,LV@JAX,1:00PM EST,10,1.1," "," "
" "," "," "," "," "," "," "," "," "," "," "," "," ",nfl.p.30136$nfl.g.2448934,Evan,Engram,nfl.p.30136$nfl.g.2448934 - Evan Engram,TE,JAX,LV,LV@JAX,1:00PM EST,15,7.1," "," "
" "," "," "," "," "," "," "," "," "," "," "," "," ",nfl.p.30150$nfl.g.2448934,Zay,Jones,nfl.p.30150$nfl.g.2448934 - Zay Jones,WR,JAX,LV,LV@JAX,1:00PM EST,14,8.0," "," "
" "," "," "," "," "," "," "," "," "," "," "," "," ",nfl.p.30217$nfl.g.2448934,C.J.,Beathard,nfl.p.30217$nfl.g.2448934 - C.J. Beathard,QB,JAX,LV,LV@JAX,1:00PM EST,20,-0.1," "," "
" "," "," "," "," "," "," "," "," "," "," "," "," ",nfl.p.30278$nfl.g.2448934,Jamal,Agnew,nfl.p.30278$nfl.g.2448934 - Jamal Agnew,WR,JAX,LV,LV@JAX,1:00PM EST,10,4.4,Q," "
" "," "," "," "," "," "," "," "," "," "," "," "," ",nfl.p.30891$nfl.g.2448934,Dan,Arnold,nfl.p.30891$nfl.g.2448934 - Dan Arnold,TE,JAX,LV,LV@JAX,1:00PM EST,10,2.2," "," "
" "," "," "," "," "," "," "," "," "," "," "," "," ",nfl.p.31017$nfl.g.2448934,Christian,Kirk,nfl.p.31017$nfl.g.2448934 - Christian Kirk,WR,JAX,LV,LV@JAX,1:00PM EST,17,11.3," "," "
" "," "," "," "," "," "," "," "," "," "," "," "," ",nfl.p.33199$nfl.g.2448934,JaMycal,Hasty,nfl.p.33199$nfl.g.2448934 - JaMycal Hasty,RB,JAX,LV,LV@JAX,1:00PM EST,11,3.1," "," "
" "," "," "," "," "," "," "," "," "," "," "," "," ",nfl.p.33389$nfl.g.2448934,Trevor,Lawrence,nfl.p.33389$nfl.g.2448934 - Trevor Lawrence,QB,JAX,LV,LV@JAX,1:00PM EST,28,16.2," "," "
" "," "," "," "," "," "," "," "," "," "," "," "," ",nfl.p.33413$nfl.g.2448934,Travis,Etienne Jr.,nfl.p.33413$nfl.g.2448934 - Travis Etienne Jr.,RB,JAX,LV,LV@JAX,1:00PM EST,27,11.7," "," "
" "," "," "," "," "," "," "," "," "," "," "," "," ",nfl.p.33533$nfl.g.2448934,Luke,Farrell,nfl.p.33533$nfl.g.2448934 - Luke Farrell,TE,JAX,LV,LV@JAX,1:00PM EST,10,1.6," "," "
" "," "," "," "," "," "," "," "," "," "," "," "," ",nfl.p.33649$nfl.g.2448934,Tim,Jones,nfl.p.33649$nfl.g.2448934 - Tim Jones,WR,JAX,LV,LV@JAX,1:00PM EST,10,0.9," "," "
" "," "," "," "," "," "," "," "," "," "," "," "," ",nfl.p.34110$nfl.g.2448934,Snoop,Conner,nfl.p.34110$nfl.g.2448934 - Snoop Conner,RB,JAX,LV,LV@JAX,1:00PM EST,10,0.0," "," "
" "," "," "," "," "," "," "," "," "," "," "," "," ",nfl.p.34476$nfl.g.2448934,Kendric,Pryor,nfl.p.34476$nfl.g.2448934 - Kendric Pryor,WR,JAX,LV,LV@JAX,1:00PM EST,10,0.0," "," "
" "," "," "," "," "," "," "," "," "," "," "," "," ",nfl.p.34646$nfl.g.2448934,Willie,Johnson,nfl.p.34646$nfl.g.2448934 - Willie Johnson,WR,JAX,LV,LV@JAX,1:00PM EST,10,0.0,IR," "
" "," "," "," "," "," "," "," "," "," "," "," "," ",nfl.t.13$nfl.g.2448934,Las Vegas,Raiders,nfl.t.13$nfl.g.2448934 - Las Vegas Raiders,DEF,LV,JAX,LV@JAX,1:00PM EST,11,4.1," "," "
" "," "," "," "," "," "," "," "," "," "," "," "," ",nfl.t.30$nfl.g.2448934,Jacksonville,Jaguars,nfl.t.30$nfl.g.2448934 - Jacksonville Jaguars,DEF,JAX,LV,LV@JAX,1:00PM EST,13,6.9," "," "
" "," "," "," "," "," "," "," "," "," "," "," "," ",nfl.p.8780$nfl.g.2448938,Matt,Ryan,nfl.p.8780$nfl.g.2448938 - Matt Ryan,QB,IND,NE,IND@NE,1:00PM EST,20,14.6,O," "
" "," "," "," "," "," "," "," "," "," "," "," "," ",nfl.p.25798$nfl.g.2448938,Nick,Foles,nfl.p.25798$nfl.g.2448938 - Nick Foles,QB,IND,NE,IND@NE,1:00PM EST,20,16.8," "," "
" "," "," "," "," "," "," "," "," "," "," "," "," ",nfl.p.30112$nfl.g.2448938,Mo,Alie-Cox,nfl.p.30112$nfl.g.2448938 - Mo Alie-Cox,TE,IND,NE,IND@NE,1:00PM EST,11,5.2," "," "
" "," "," "," "," "," "," "," "," "," "," "," "," ",nfl.p.31073$nfl.g.2448938,Keke,Coutee,nfl.p.31073$nfl.g.2448938 - Keke Coutee,WR,IND,NE,IND@NE,1:00PM EST,10,0.0," "," "
" "," "," "," "," "," "," "," "," "," "," "," "," ",nfl.p.31074$nfl.g.2448938,Nyheim,Hines,nfl.p.31074$nfl.g.2448938 - Nyheim Hines,RB,BUF,NE,IND@NE,1:00PM EST,12,5.8," "," "
" "," "," "," "," "," "," "," "," "," "," "," "," ",nfl.p.31891$nfl.g.2448938,Parris,Campbell,nfl.p.31891$nfl.g.2448938 - Parris Campbell,WR,IND,NE,IND@NE,1:00PM EST,16,7.2," "," "
" "," "," "," "," "," "," "," "," "," "," "," "," ",nfl.p.32704$nfl.g.2448938,Michael,Pittman Jr.,nfl.p.32704$nfl.g.2448938 - Michael Pittman Jr.,WR,IND,NE,IND@NE,1:00PM EST,16,11.8," "," "
" "," "," "," "," "," "," "," "," "," "," "," "," ",nfl.p.32711$nfl.g.2448938,Jonathan,Taylor,nfl.p.32711$nfl.g.2448938 - Jonathan Taylor,RB,IND,NE,IND@NE,1:00PM EST,27,10.5,O," "
" "," "," "," "," "," "," "," "," "," "," "," "," ",nfl.p.33515$nfl.g.2448938,Kylen,Granson,nfl.p.33515$nfl.g.2448938 - Kylen Granson,TE,IND,NE,IND@NE,1:00PM EST,10,3.4," "," "
" "," "," "," "," "," "," "," "," "," "," "," "," ",nfl.p.33606$nfl.g.2448938,Sam,Ehlinger,nfl.p.33606$nfl.g.2448938 - Sam Ehlinger,QB,IND,NE,IND@NE,1:00PM EST,20,7.5," "," "
" "," "," "," "," "," "," "," "," "," "," "," "," ",nfl.p.33620$nfl.g.2448938,Mike,Strachan,nfl.p.33620$nfl.g.2448938 - Mike Strachan,WR,IND,NE,IND@NE,1:00PM EST,10,1.8," "," "
" "," "," "," "," "," "," "," "," "," "," "," "," ",nfl.p.33798$nfl.g.2448938,Deon,Jackson,nfl.p.33798$nfl.g.2448938 - Deon Jackson,RB,IND,NE,IND@NE,1:00PM EST,10,6.8," "," "
" "," "," "," "," "," "," "," "," "," "," "," "," ",nfl.p.34008$nfl.g.2448938,Alec,Pierce,nfl.p.34008$nfl.g.2448938 - Alec Pierce,WR,IND,NE,IND@NE,1:00PM EST,12,7.9," "," "
" "," "," "," "," "," "," "," "," "," "," "," "," ",nfl.p.34029$nfl.g.2448938,Jelani,Woods,nfl.p.34029$nfl.g.2448938 - Jelani Woods,TE,IND,NE,IND@NE,1:00PM EST,10,5.7," "," "
" "," "," "," "," "," "," "," "," "," "," "," "," ",nfl.p.32292$nfl.g.2448938,Ashton,Dulin,nfl.p.32292$nfl.g.2448938 - Ashton Dulin,WR,IND,NE,IND@NE,1:00PM EST,10,4.6,IR," "
" "," "," "," "," "," "," "," "," "," "," "," "," ",nfl.p.34148$nfl.g.2448938,Drew,Ogletree,nfl.p.34148$nfl.g.2448938 - Drew Ogletree,TE,IND,NE,IND@NE,1:00PM EST,10,0.0,IR," "
" "," "," "," "," "," "," "," "," "," "," "," "," ",nfl.p.8930$nfl.g.2448938,Matthew,Slater,nfl.p.8930$nfl.g.2448938 - Matthew Slater,WR,NE,IND,IND@NE,1:00PM EST,10,0.0," "," "
" "," "," "," "," "," "," "," "," "," "," "," "," ",nfl.p.28402$nfl.g.2448938,DeVante,Parker,nfl.p.28402$nfl.g.2448938 - DeVante Parker,WR,NE,IND,IND@NE,1:00PM EST,10,6.5,O," "
" "," "," "," "," "," "," "," "," "," "," "," "," ",nfl.p.28408$nfl.g.2448938,Nelson,Agholor,nfl.p.28408$nfl.g.2448938 - Nelson Agholor,WR,NE,IND,IND@NE,1:00PM EST,10,4.6," "," "
" "," "," "," "," "," "," "," "," "," "," "," "," ",nfl.p.29269$nfl.g.2448938,Hunter,Henry,nfl.p.29269$nfl.g.2448938 - Hunter Henry,TE,NE,IND,IND@NE,1:00PM EST,10,4.1," "," "
" "," "," "," "," "," "," "," "," "," "," "," "," ",nfl.p.30213$nfl.g.2448938,Jonnu,Smith,nfl.p.30213$nfl.g.2448938 - Jonnu Smith,TE,NE,IND,IND@NE,1:00PM EST,10,3.3," "," "
" "," "," "," "," "," "," "," "," "," "," "," "," ",nfl.p.30551$nfl.g.2448938,Kendrick,Bourne,nfl.p.30551$nfl.g.2448938 - Kendrick Bourne,WR,NE,IND,IND@NE,1:00PM EST,10,3.2," "," "
" "," "," "," "," "," "," "," "," "," "," "," "," ",nfl.p.31919$nfl.g.2448938,Damien,Harris,nfl.p.31919$nfl.g.2448938 - Damien Harris,RB,NE,IND,IND@NE,1:00PM EST,16,8.3,Q," "
" "," "," "," "," "," "," "," "," "," "," "," "," ",nfl.p.32231$nfl.g.2448938,Jakobi,Meyers,nfl.p.32231$nfl.g.2448938 - Jakobi Meyers,WR,NE,IND,IND@NE,1:00PM EST,16,13.0," "," "
" "," "," "," "," "," "," "," "," "," "," "," "," ",nfl.p.33403$nfl.g.2448938,Mac,Jones,nfl.p.33403$nfl.g.2448938 - Mac Jones,QB,NE,IND,IND@NE,1:00PM EST,20,11.3," "," "
" "," "," "," "," "," "," "," "," "," "," "," "," ",nfl.p.33508$nfl.g.2448938,Rhamondre,Stevenson,nfl.p.33508$nfl.g.2448938 - Rhamondre Stevenson,RB,NE,IND,IND@NE,1:00PM EST,23,14.7," "," "
" "," "," "," "," "," "," "," "," "," "," "," "," ",nfl.p.34005$nfl.g.2448938,Tyquan,Thornton,nfl.p.34005$nfl.g.2448938 - Tyquan Thornton,WR,NE,IND,IND@NE,1:00PM EST,11,6.3," "," "
" "," "," "," "," "," "," "," "," "," "," "," "," ",nfl.p.34083$nfl.g.2448938,Pierre,Strong Jr.,nfl.p.34083$nfl.g.2448938 - Pierre Strong Jr.,RB,NE,IND,IND@NE,1:00PM EST,10,0.2,Q," "
" "," "," "," "," "," "," "," "," "," "," "," "," ",nfl.p.34093$nfl.g.2448938,Bailey,Zappe,nfl.p.34093$nfl.g.2448938 - Bailey Zappe,QB,NE,IND,IND@NE,1:00PM EST,20,10.5," "," "
" "," "," "," "," "," "," "," "," "," "," "," "," ",nfl.p.34139$nfl.g.2448938,Kevin,Harris,nfl.p.34139$nfl.g.2448938 - Kevin Harris,RB,NE,IND,IND@NE,1:00PM EST,10,0.5," "," "
" "," "," "," "," "," "," "," "," "," "," "," "," ",nfl.p.9547$nfl.g.2448938,Brian,Hoyer,nfl.p.9547$nfl.g.2448938 - Brian Hoyer,QB,NE,IND,IND@NE,1:00PM EST,20,1.5,IR," "
" "," "," "," "," "," "," "," "," "," "," "," "," ",nfl.p.28482$nfl.g.2448938,Ty,Montgomery,nfl.p.28482$nfl.g.2448938 - Ty Montgomery,WR,NE,IND,IND@NE,1:00PM EST,10,8.8,IR," "
" "," "," "," "," "," "," "," "," "," "," "," "," ",nfl.p.33349$nfl.g.2448938,Kristian,Wilkerson,nfl.p.33349$nfl.g.2448938 - Kristian Wilkerson,WR,NE,IND,IND@NE,1:00PM EST,10,18.2,IR," "
" "," "," "," "," "," "," "," "," "," "," "," "," ",nfl.t.11$nfl.g.2448938,Indianapolis,Colts,nfl.t.11$nfl.g.2448938 - Indianapolis Colts,DEF,IND,NE,IND@NE,1:00PM EST,15,6.0," "," "
" "," "," "," "," "," "," "," "," "," "," "," "," ",nfl.t.17$nfl.g.2448938,New England,Patriots,nfl.t.17$nfl.g.2448938 - New England Patriots,DEF,NE,IND,IND@NE,1:00PM EST,22,9.5," "," "
" "," "," "," "," "," "," "," "," "," "," "," "," ",nfl.p.34407$nfl.g.2448938,Raleigh,Webb,nfl.p.34407$nfl.g.2448938 - Raleigh Webb,WR,NE,IND,IND@NE,1:00PM EST,10,0.0," "," "
" "," "," "," "," "," "," "," "," "," "," "," "," ",nfl.p.24912$nfl.g.2448941,Taiwan,Jones,nfl.p.24912$nfl.g.2448941 - Taiwan Jones,RB,BUF,NYJ,BUF@NYJ,1:00PM EST,10,0.0," "," "
" "," "," "," "," "," "," "," "," "," "," "," "," ",nfl.p.26483$nfl.g.2448941,Case,Keenum,nfl.p.26483$nfl.g.2448941 - Case Keenum,QB,BUF,NYJ,BUF@NYJ,1:00PM EST,20,0.2," "," "
" "," "," "," "," "," "," "," "," "," "," "," "," ",nfl.p.28534$nfl.g.2448941,Stefon,Diggs,nfl.p.28534$nfl.g.2448941 - Stefon Diggs,WR,BUF,NYJ,BUF@NYJ,1:00PM EST,40,20.8," "," "
" "," "," "," "," "," "," "," "," "," "," "," "," ",nfl.p.28974$nfl.g.2448941,Jake,Kumerow,nfl.p.28974$nfl.g.2448941 - Jake Kumerow,WR,BUF,NYJ,BUF@NYJ,1:00PM EST,10,2.8," "," "
" "," "," "," "," "," "," "," "," "," "," "," "," ",nfl.p.30285$nfl.g.2448941,Isaiah,McKenzie,nfl.p.30285$nfl.g.2448941 - Isaiah McKenzie,WR,BUF,NYJ,BUF@NYJ,1:00PM EST,14,8.5," "," "
" "," "," "," "," "," "," "," "," "," "," "," "," ",nfl.p.30977$nfl.g.2448941,Josh,Allen,nfl.p.30977$nfl.g.2448941 - Josh Allen,QB,BUF,NYJ,BUF@NYJ,1:00PM EST,40,28.1," "," "
" "," "," "," "," "," "," "," "," "," "," "," "," ",nfl.p.31906$nfl.g.2448941,Devin,Singletary,nfl.p.31906$nfl.g.2448941 - Devin Singletary,RB,BUF,NYJ,BUF@NYJ,1:00PM EST,16,9.4," "," "
" "," "," "," "," "," "," "," "," "," "," "," "," ",nfl.p.31928$nfl.g.2448941,Dawson,Knox,nfl.p.31928$nfl.g.2448941 - Dawson Knox,TE,BUF,NYJ,BUF@NYJ,1:00PM EST,14,6.0," "," "
" "," "," "," "," "," "," "," "," "," "," "," "," ",nfl.p.32060$nfl.g.2448941,Tommy,Sweeney,nfl.p.32060$nfl.g.2448941 - Tommy Sweeney,TE,BUF,NYJ,BUF@NYJ,1:00PM EST,10,1.2," "," "
" "," "," "," "," "," "," "," "," "," "," "," "," ",nfl.p.32756$nfl.g.2448941,Zack,Moss,nfl.p.32756$nfl.g.2448941 - Zack Moss,RB,IND,NYJ,BUF@NYJ,1:00PM EST,10,2.7," "," "
" "," "," "," "," "," "," "," "," "," "," "," "," ",nfl.p.32798$nfl.g.2448941,Gabe,Davis,nfl.p.32798$nfl.g.2448941 - Gabe Davis,WR,BUF,NYJ,BUF@NYJ,1:00PM EST,24,12.3," "," "
" "," "," "," "," "," "," "," "," "," "," "," "," ",nfl.p.32877$nfl.g.2448941,Isaiah,Hodgins,nfl.p.32877$nfl.g.2448941 - Isaiah Hodgins,WR,NYG,NYJ,BUF@NYJ,1:00PM EST,10,6.1," "," "
" "," "," "," "," "," "," "," "," "," "," "," "," ",nfl.p.33357$nfl.g.2448941,Reggie,Gilliam,nfl.p.33357$nfl.g.2448941 - Reggie Gilliam,RB,BUF,NYJ,BUF@NYJ,1:00PM EST,10,5.1," "," "
" "," "," "," "," "," "," "," "," "," "," "," "," ",nfl.p.33819$nfl.g.2448941,Quintin,Morris,nfl.p.33819$nfl.g.2448941 - Quintin Morris,TE,BUF,NYJ,BUF@NYJ,1:00PM EST,10,1.5," "," "
" "," "," "," "," "," "," "," "," "," "," "," "," ",nfl.p.34019$nfl.g.2448941,James,Cook,nfl.p.34019$nfl.g.2448941 - James Cook,RB,BUF,NYJ,BUF@NYJ,1:00PM EST,10,3.9," "," "
" "," "," "," "," "," "," "," "," "," "," "," "," ",nfl.p.34104$nfl.g.2448941,Khalil,Shakir,nfl.p.34104$nfl.g.2448941 - Khalil Shakir,WR,BUF,NYJ,BUF@NYJ,1:00PM EST,10,4.0," "," "
" "," "," "," "," "," "," "," "," "," "," "," "," ",nfl.p.33591$nfl.g.2448941,Marquez,Stevenson,nfl.p.33591$nfl.g.2448941 - Marquez Stevenson,WR,BUF,NYJ,BUF@NYJ,1:00PM EST,10,0.0,IR," "
" "," "," "," "," "," "," "," "," "," "," "," "," ",nfl.p.8795$nfl.g.2448941,Joe,Flacco,nfl.p.8795$nfl.g.2448941 - Joe Flacco,QB,NYJ,BUF,BUF@NYJ,1:00PM EST,20,15.9," "," "
" "," "," "," "," "," "," "," "," "," "," "," "," ",nfl.p.28545$nfl.g.2448941,C.J.,Uzomah,nfl.p.28545$nfl.g.2448941 - C.J. Uzomah,TE,NYJ,BUF,BUF@NYJ,1:00PM EST,10,1.7," "," "
" "," "," "," "," "," "," "," "," "," "," "," "," ",nfl.p.30118$nfl.g.2448941,Corey,Davis,nfl.p.30118$nfl.g.2448941 - Corey Davis,WR,NYJ,BUF,BUF@NYJ,1:00PM EST,13,8.1,O," "
" "," "," "," "," "," "," "," "," "," "," "," "," ",nfl.p.31127$nfl.g.2448941,Tyler,Conklin,nfl.p.31127$nfl.g.2448941 - Tyler Conklin,TE,NYJ,BUF,BUF@NYJ,1:00PM EST,11,8.1," "," "
" "," "," "," "," "," "," "," "," "," "," "," "," ",nfl.p.31141$nfl.g.2448941,Mike,White,nfl.p.31141$nfl.g.2448941 - Mike White,QB,NYJ,BUF,BUF@NYJ,1:00PM EST,20,13.0," "," "
" "," "," "," "," "," "," "," "," "," "," "," "," ",nfl.p.31180$nfl.g.2448941,Braxton,Berrios,nfl.p.31180$nfl.g.2448941 - Braxton Berrios,WR,NYJ,BUF,BUF@NYJ,1:00PM EST,10,4.5," "," "
" "," "," "," "," "," "," "," "," "," "," "," "," ",nfl.p.32018$nfl.g.2448941,Ty,Johnson,nfl.p.32018$nfl.g.2448941 - Ty Johnson,RB,NYJ,BUF,BUF@NYJ,1:00PM EST,10,0.6," "," "
" "," "," "," "," "," "," "," "," "," "," "," "," ",nfl.p.32533$nfl.g.2448941,Jeff,Smith,nfl.p.32533$nfl.g.2448941 - Jeff Smith,WR,NYJ,BUF,BUF@NYJ,1:00PM EST,10,1.3," "," "
" "," "," "," "," "," "," "," "," "," "," "," "," ",nfl.p.32729$nfl.g.2448941,Denzel,Mims,nfl.p.32729$nfl.g.2448941 - Denzel Mims,WR,NYJ,BUF,BUF@NYJ,1:00PM EST,10,4.8," "," "
" "," "," "," "," "," "," "," "," "," "," "," "," ",nfl.p.33390$nfl.g.2448941,Zach,Wilson,nfl.p.33390$nfl.g.2448941 - Zach Wilson,QB,NYJ,BUF,BUF@NYJ,1:00PM EST,20,13.2," "," "
" "," "," "," "," "," "," "," "," "," "," "," "," ",nfl.p.33422$nfl.g.2448941,Elijah,Moore,nfl.p.33422$nfl.g.2448941 - Elijah Moore,WR,NYJ,BUF,BUF@NYJ,1:00PM EST,13,4.6," "," "
" "," "," "," "," "," "," "," "," "," "," "," "," ",nfl.p.33495$nfl.g.2448941,Michael,Carter,nfl.p.33495$nfl.g.2448941 - Michael Carter,RB,NYJ,BUF,BUF@NYJ,1:00PM EST,15,8.5," "," "
" "," "," "," "," "," "," "," "," "," "," "," "," ",nfl.p.33965$nfl.g.2448941,Garrett,Wilson,nfl.p.33965$nfl.g.2448941 - Garrett Wilson,WR,NYJ,BUF,BUF@NYJ,1:00PM EST,14,9.0," "," "
" "," "," "," "," "," "," "," "," "," "," "," "," ",nfl.p.33991$nfl.g.2448941,Breece,Hall,nfl.p.33991$nfl.g.2448941 - Breece Hall,RB,NYJ,BUF,BUF@NYJ,1:00PM EST,10,15.1,IR," "
" "," "," "," "," "," "," "," "," "," "," "," "," ",nfl.p.34057$nfl.g.2448941,Jeremy,Ruckert,nfl.p.34057$nfl.g.2448941 - Jeremy Ruckert,TE,NYJ,BUF,BUF@NYJ,1:00PM EST,10,0.0," "," "
" "," "," "," "," "," "," "," "," "," "," "," "," ",nfl.p.31207$nfl.g.2448941,Nick,Bawden,nfl.p.31207$nfl.g.2448941 - Nick Bawden,RB,NYJ,BUF,BUF@NYJ,1:00PM EST,10,2.5,IR," "
" "," "," "," "," "," "," "," "," "," "," "," "," ",nfl.t.2$nfl.g.2448941,Buffalo,Bills,nfl.t.2$nfl.g.2448941 - Buffalo Bills,DEF,BUF,NYJ,BUF@NYJ,1:00PM EST,20,10.7," "," "
" "," "," "," "," "," "," "," "," "," "," "," "," ",nfl.t.20$nfl.g.2448941,New York,Jets,nfl.t.20$nfl.g.2448941 - New York Jets,DEF,NYJ,BUF,BUF@NYJ,1:00PM EST,15,8.2," "," "
" "," "," "," "," "," "," "," "," "," "," "," "," ",nfl.p.34357$nfl.g.2448941,Zonovan,Knight,nfl.p.34357$nfl.g.2448941 - Zonovan Knight,RB,NYJ,BUF,BUF@NYJ,1:00PM EST,10,0.0," "," "
" "," "," "," "," "," "," "," "," "," "," "," "," ",nfl.p.33138$nfl.g.2448941,James,Robinson,nfl.p.33138$nfl.g.2448941 - James Robinson,RB,NYJ,BUF,BUF@NYJ,1:00PM EST,14,8.6,Q," "
" "," "," "," "," "," "," "," "," "," "," "," "," ",nfl.p.30283$nfl.g.2448941,Rodney,Adams,nfl.p.30283$nfl.g.2448941 - Rodney Adams,WR,NYJ,BUF,BUF@NYJ,1:00PM EST,10,0.0,O," "
" "," "," "," "," "," "," "," "," "," "," "," "," ",nfl.p.25812$nfl.g.2448943,Kirk,Cousins,nfl.p.25812$nfl.g.2448943 - Kirk Cousins,QB,MIN,WAS,MIN@WAS,1:00PM EST,29,18.1," "," "
" "," "," "," "," "," "," "," "," "," "," "," "," ",nfl.p.26583$nfl.g.2448943,Andrew,DePaola,nfl.p.26583$nfl.g.2448943 - Andrew DePaola,TE,MIN,WAS,MIN@WAS,1:00PM EST,10,0.0," "," "
" "," "," "," "," "," "," "," "," "," "," "," "," ",nfl.p.27277$nfl.g.2448943,Adam,Thielen,nfl.p.27277$nfl.g.2448943 - Adam Thielen,WR,MIN,WAS,MIN@WAS,1:00PM EST,19,9.5," "," "
" "," "," "," "," "," "," "," "," "," "," "," "," ",nfl.p.29951$nfl.g.2448943,C.J.,Ham,nfl.p.29951$nfl.g.2448943 - C.J. Ham,RB,MIN,WAS,MIN@WAS,1:00PM EST,10,0.8," "," "
" "," "," "," "," "," "," "," "," "," "," "," "," ",nfl.p.30154$nfl.g.2448943,Dalvin,Cook,nfl.p.30154$nfl.g.2448943 - Dalvin Cook,RB,MIN,WAS,MIN@WAS,1:00PM EST,26,14.8," "," "
" "," "," "," "," "," "," "," "," "," "," "," "," ",nfl.p.30373$nfl.g.2448943,Johnny,Mundt,nfl.p.30373$nfl.g.2448943 - Johnny Mundt,TE,MIN,WAS,MIN@WAS,1:00PM EST,10,2.8," "," "
" "," "," "," "," "," "," "," "," "," "," "," "," ",nfl.p.30563$nfl.g.2448943,Nick,Mullens,nfl.p.30563$nfl.g.2448943 - Nick Mullens,QB,MIN,WAS,MIN@WAS,1:00PM EST,20,9.9," "," "
" "," "," "," "," "," "," "," "," "," "," "," "," ",nfl.p.31882$nfl.g.2448943,Irv,Smith Jr.,nfl.p.31882$nfl.g.2448943 - Irv Smith Jr.,TE,MIN,WAS,MIN@WAS,1:00PM EST,11,5.7,IR," "
" "," "," "," "," "," "," "," "," "," "," "," "," ",nfl.p.31934$nfl.g.2448943,Alexander,Mattison,nfl.p.31934$nfl.g.2448943 - Alexander Mattison,RB,MIN,WAS,MIN@WAS,1:00PM EST,14,5.9," "," "
" "," "," "," "," "," "," "," "," "," "," "," "," ",nfl.p.32691$nfl.g.2448943,Jalen,Reagor,nfl.p.32691$nfl.g.2448943 - Jalen Reagor,WR,MIN,WAS,MIN@WAS,1:00PM EST,10,1.5," "," "
" "," "," "," "," "," "," "," "," "," "," "," "," ",nfl.p.32692$nfl.g.2448943,Justin,Jefferson,nfl.p.32692$nfl.g.2448943 - Justin Jefferson,WR,MIN,WAS,MIN@WAS,1:00PM EST,35,17.5," "," "
" "," "," "," "," "," "," "," "," "," "," "," "," ",nfl.p.32846$nfl.g.2448943,K.J.,Osborn,nfl.p.32846$nfl.g.2448943 - K.J. Osborn,WR,MIN,WAS,MIN@WAS,1:00PM EST,14,5.8," "," "
" "," "," "," "," "," "," "," "," "," "," "," "," ",nfl.p.33507$nfl.g.2448943,Kene,Nwangwu,nfl.p.33507$nfl.g.2448943 - Kene Nwangwu,RB,MIN,WAS,MIN@WAS,1:00PM EST,10,0.0," "," "
" "," "," "," "," "," "," "," "," "," "," "," "," ",nfl.p.34147$nfl.g.2448943,Jalen,Nailor,nfl.p.34147$nfl.g.2448943 - Jalen Nailor,WR,MIN,WAS,MIN@WAS,1:00PM EST,10,1.8,O," "
" "," "," "," "," "," "," "," "," "," "," "," "," ",nfl.p.34125$nfl.g.2448943,Ty,Chandler,nfl.p.34125$nfl.g.2448943 - Ty Chandler,RB,MIN,WAS,MIN@WAS,1:00PM EST,10,0.0,IR," "
" "," "," "," "," "," "," "," "," "," "," "," "," ",nfl.p.32079$nfl.g.2448943,Bisi,Johnson,nfl.p.32079$nfl.g.2448943 - Bisi Johnson,WR,MIN,WAS,MIN@WAS,1:00PM EST,10,0.0,IR," "
" "," "," "," "," "," "," "," "," "," "," "," "," ",nfl.p.34233$nfl.g.2448943,Thomas,Hennigan,nfl.p.34233$nfl.g.2448943 - Thomas Hennigan,WR,MIN,WAS,MIN@WAS,1:00PM EST,10,0.0,IR," "
" "," "," "," "," "," "," "," "," "," "," "," "," ",nfl.p.27648$nfl.g.2448943,Logan,Thomas,nfl.p.27648$nfl.g.2448943 - Logan Thomas,TE,WAS,MIN,MIN@WAS,1:00PM EST,15,5.8," "," "
" "," "," "," "," "," "," "," "," "," "," "," "," ",nfl.p.28839$nfl.g.2448943,Taylor,Heinicke,nfl.p.28839$nfl.g.2448943 - Taylor Heinicke,QB,WAS,MIN,MIN@WAS,1:00PM EST,22,19.2," "," "
" "," "," "," "," "," "," "," "," "," "," "," "," ",nfl.p.29390$nfl.g.2448943,Jonathan,Williams,nfl.p.29390$nfl.g.2448943 - Jonathan Williams,RB,WAS,MIN,MIN@WAS,1:00PM EST,10,1.3," "," "
" "," "," "," "," "," "," "," "," "," "," "," "," ",nfl.p.29650$nfl.g.2448943,J.D.,McKissic,nfl.p.29650$nfl.g.2448943 - J.D. McKissic,RB,WAS,MIN,MIN@WAS,1:00PM EST,11,5.3,O," "
" "," "," "," "," "," "," "," "," "," "," "," "," ",nfl.p.30153$nfl.g.2448943,Curtis,Samuel,nfl.p.30153$nfl.g.2448943 - Curtis Samuel,WR,WAS,MIN,MIN@WAS,1:00PM EST,14,10.1," "," "
" "," "," "," "," "," "," "," "," "," "," "," "," ",nfl.p.31405$nfl.g.2448943,Cam,Sims,nfl.p.31405$nfl.g.2448943 - Cam Sims,WR,WAS,MIN,MIN@WAS,1:00PM EST,10,1.1," "," "
" "," "," "," "," "," "," "," "," "," "," "," "," ",nfl.p.31908$nfl.g.2448943,Terry,McLaurin,nfl.p.31908$nfl.g.2448943 - Terry McLaurin,WR,WAS,MIN,MIN@WAS,1:00PM EST,19,10.6," "," "
" "," "," "," "," "," "," "," "," "," "," "," "," ",nfl.p.32736$nfl.g.2448943,Antonio,Gibson,nfl.p.32736$nfl.g.2448943 - Antonio Gibson,RB,WAS,MIN,MIN@WAS,1:00PM EST,15,11.3," "," "
" "," "," "," "," "," "," "," "," "," "," "," "," ",nfl.p.33470$nfl.g.2448943,Dyami,Brown,nfl.p.33470$nfl.g.2448943 - Dyami Brown,WR,WAS,MIN,MIN@WAS,1:00PM EST,10,6.2," "," "
" "," "," "," "," "," "," "," "," "," "," "," "," ",nfl.p.33512$nfl.g.2448943,John,Bates,nfl.p.33512$nfl.g.2448943 - John Bates,TE,WAS,MIN,MIN@WAS,1:00PM EST,10,2.2," "," "
" "," "," "," "," "," "," "," "," "," "," "," "," ",nfl.p.33645$nfl.g.2448943,Dax,Milne,nfl.p.33645$nfl.g.2448943 - Dax Milne,WR,WAS,MIN,MIN@WAS,1:00PM EST,10,0.7," "," "
" "," "," "," "," "," "," "," "," "," "," "," "," ",nfl.p.33971$nfl.g.2448943,Jahan,Dotson,nfl.p.33971$nfl.g.2448943 - Jahan Dotson,WR,WAS,MIN,MIN@WAS,1:00PM EST,17,11.6,O," "
" "," "," "," "," "," "," "," "," "," "," "," "," ",nfl.p.34054$nfl.g.2448943,Brian,Robinson Jr.,nfl.p.34054$nfl.g.2448943 - Brian Robinson Jr.,RB,WAS,MIN,MIN@WAS,1:00PM EST,17,6.4," "," "
" "," "," "," "," "," "," "," "," "," "," "," "," ",nfl.p.34100$nfl.g.2448943,Sam,Howell,nfl.p.34100$nfl.g.2448943 - Sam Howell,QB,WAS,MIN,MIN@WAS,1:00PM EST,20,0.0," "," "
" "," "," "," "," "," "," "," "," "," "," "," "," ",nfl.p.34105$nfl.g.2448943,Cole,Turner,nfl.p.34105$nfl.g.2448943 - Cole Turner,TE,WAS,MIN,MIN@WAS,1:00PM EST,10,1.1," "," "
" "," "," "," "," "," "," "," "," "," "," "," "," ",nfl.p.34278$nfl.g.2448943,Armani,Rogers,nfl.p.34278$nfl.g.2448943 - Armani Rogers,TE,WAS,MIN,MIN@WAS,1:00PM EST,10,1.8," "," "
" "," "," "," "," "," "," "," "," "," "," "," "," ",nfl.p.34274$nfl.g.2448943,Curtis,Hodges,nfl.p.34274$nfl.g.2448943 - Curtis Hodges,TE,WAS,MIN,MIN@WAS,1:00PM EST,10,0.0,IR," "
" "," "," "," "," "," "," "," "," "," "," "," "," ",nfl.p.33007$nfl.g.2448943,Eli,Wolf,nfl.p.33007$nfl.g.2448943 - Eli Wolf,TE,WAS,MIN,MIN@WAS,1:00PM EST,10,0.0,IR," "
" "," "," "," "," "," "," "," "," "," "," "," "," ",nfl.t.16$nfl.g.2448943,Minnesota,Vikings,nfl.t.16$nfl.g.2448943 - Minnesota Vikings,DEF,MIN,WAS,MIN@WAS,1:00PM EST,18,7.7," "," "
" "," "," "," "," "," "," "," "," "," "," "," "," ",nfl.t.28$nfl.g.2448943,Washington,Commanders,nfl.t.28$nfl.g.2448943 - Washington Commanders,DEF,WAS,MIN,MIN@WAS,1:00PM EST,10,5.2," "," "
" "," "," "," "," "," "," "," "," "," "," "," "," ",nfl.p.25295$nfl.g.2448946,Nick,Bellore,nfl.p.25295$nfl.g.2448946 - Nick Bellore,RB,SEA,ARI,SEA@ARI,4:05PM EST,10,0.0," "," "
" "," "," "," "," "," "," "," "," "," "," "," "," ",nfl.p.26662$nfl.g.2448946,Geno,Smith,nfl.p.26662$nfl.g.2448946 - Geno Smith,QB,SEA,ARI,SEA@ARI,4:05PM EST,30,18.2," "," "
" "," "," "," "," "," "," "," "," "," "," "," "," ",nfl.p.26701$nfl.g.2448946,Marquise,Goodwin,nfl.p.26701$nfl.g.2448946 - Marquise Goodwin,WR,SEA,ARI,SEA@ARI,4:05PM EST,13,6.2,O," "
" "," "," "," "," "," "," "," "," "," "," "," "," ",nfl.p.28457$nfl.g.2448946,Tyler,Lockett,nfl.p.28457$nfl.g.2448946 - Tyler Lockett,WR,SEA,ARI,SEA@ARI,4:05PM EST,22,11.3," "," "
" "," "," "," "," "," "," "," "," "," "," "," "," ",nfl.p.31090$nfl.g.2448946,Will,Dissly,nfl.p.31090$nfl.g.2448946 - Will Dissly,TE,SEA,ARI,SEA@ARI,4:05PM EST,13,6.1," "," "
" "," "," "," "," "," "," "," "," "," "," "," "," ",nfl.p.31852$nfl.g.2448946,Noah,Fant,nfl.p.31852$nfl.g.2448946 - Noah Fant,TE,SEA,ARI,SEA@ARI,4:05PM EST,13,4.3," "," "
" "," "," "," "," "," "," "," "," "," "," "," "," ",nfl.p.31874$nfl.g.2448946,Drew,Lock,nfl.p.31874$nfl.g.2448946 - Drew Lock,QB,SEA,ARI,SEA@ARI,4:05PM EST,20,8.9," "," "
" "," "," "," "," "," "," "," "," "," "," "," "," ",nfl.p.31896$nfl.g.2448946,DK,Metcalf,nfl.p.31896$nfl.g.2448946 - DK Metcalf,WR,SEA,ARI,SEA@ARI,4:05PM EST,24,10.0," "," "
" "," "," "," "," "," "," "," "," "," "," "," "," ",nfl.p.32052$nfl.g.2448946,Cullen,Gillaspia,nfl.p.32052$nfl.g.2448946 - Cullen Gillaspia,RB,SEA,ARI,SEA@ARI,4:05PM EST,10,0.0," "," "
" "," "," "," "," "," "," "," "," "," "," "," "," ",nfl.p.32293$nfl.g.2448946,Penny,Hart,nfl.p.32293$nfl.g.2448946 - Penny Hart,WR,SEA,ARI,SEA@ARI,4:05PM EST,10,2.0,Q," "
" "," "," "," "," "," "," "," "," "," "," "," "," ",nfl.p.32803$nfl.g.2448946,Colby,Parkinson,nfl.p.32803$nfl.g.2448946 - Colby Parkinson,TE,SEA,ARI,SEA@ARI,4:05PM EST,10,4.5," "," "
" "," "," "," "," "," "," "," "," "," "," "," "," ",nfl.p.32814$nfl.g.2448946,DeeJay,Dallas,nfl.p.32814$nfl.g.2448946 - DeeJay Dallas,RB,SEA,ARI,SEA@ARI,4:05PM EST,10,1.3," "," "
" "," "," "," "," "," "," "," "," "," "," "," "," ",nfl.p.33114$nfl.g.2448946,Tony,Jones Jr.,nfl.p.33114$nfl.g.2448946 - Tony Jones Jr.,RB,SEA,ARI,SEA@ARI,4:05PM EST,10,3.0," "," "
" "," "," "," "," "," "," "," "," "," "," "," "," ",nfl.p.33444$nfl.g.2448946,Dee,Eskridge,nfl.p.33444$nfl.g.2448946 - Dee Eskridge,WR,SEA,ARI,SEA@ARI,4:05PM EST,10,1.5," "," "
" "," "," "," "," "," "," "," "," "," "," "," "," ",nfl.p.33996$nfl.g.2448946,Kenneth,Walker III,nfl.p.33996$nfl.g.2448946 - Kenneth Walker III,RB,SEA,ARI,SEA@ARI,4:05PM EST,28,11.9," "," "
" "," "," "," "," "," "," "," "," "," "," "," "," ",nfl.p.34189$nfl.g.2448946,Dareke,Young,nfl.p.34189$nfl.g.2448946 - Dareke Young,WR,SEA,ARI,SEA@ARI,4:05PM EST,10,0.0," "," "
" "," "," "," "," "," "," "," "," "," "," "," "," ",nfl.p.30997$nfl.g.2448946,Rashaad,Penny,nfl.p.30997$nfl.g.2448946 - Rashaad Penny,RB,SEA,ARI,SEA@ARI,4:05PM EST,10,10.0,IR," "
" "," "," "," "," "," "," "," "," "," "," "," "," ",nfl.p.28221$nfl.g.2448946,Tyler,Ott,nfl.p.28221$nfl.g.2448946 - Tyler Ott,TE,SEA,ARI,SEA@ARI,4:05PM EST,10,0.0,IR," "
" "," "," "," "," "," "," "," "," "," "," "," "," ",nfl.p.32367$nfl.g.2448946,Cody,Thompson,nfl.p.32367$nfl.g.2448946 - Cody Thompson,WR,SEA,ARI,SEA@ARI,4:05PM EST,10,0.0,IR," "
" "," "," "," "," "," "," "," "," "," "," "," "," ",nfl.p.24060$nfl.g.2448946,Colt,McCoy,nfl.p.24060$nfl.g.2448946 - Colt McCoy,QB,ARI,SEA,SEA@ARI,4:05PM EST,20,6.0," "," "
" "," "," "," "," "," "," "," "," "," "," "," "," ",nfl.p.24791$nfl.g.2448946,A.J.,Green,nfl.p.24791$nfl.g.2448946 - A.J. Green,WR,ARI,SEA,SEA@ARI,4:05PM EST,10,2.1," "," "
" "," "," "," "," "," "," "," "," "," "," "," "," ",nfl.p.26650$nfl.g.2448946,DeAndre,Hopkins,nfl.p.26650$nfl.g.2448946 - DeAndre Hopkins,WR,ARI,SEA,SEA@ARI,4:05PM EST,29,21.6," "," "
" "," "," "," "," "," "," "," "," "," "," "," "," ",nfl.p.26658$nfl.g.2448946,Zach,Ertz,nfl.p.26658$nfl.g.2448946 - Zach Ertz,TE,ARI,SEA,SEA@ARI,4:05PM EST,23,9.7," "," "
" "," "," "," "," "," "," "," "," "," "," "," "," ",nfl.p.29785$nfl.g.2448946,Robbie,Anderson,nfl.p.29785$nfl.g.2448946 - Robbie Anderson,WR,ARI,SEA,SEA@ARI,4:05PM EST,10,4.4," "," "
" "," "," "," "," "," "," "," "," "," "," "," "," ",nfl.p.29789$nfl.g.2448946,Stephen,Anderson,nfl.p.29789$nfl.g.2448946 - Stephen Anderson,TE,ARI,SEA,SEA@ARI,4:05PM EST,10,0.1," "," "
" "," "," "," "," "," "," "," "," "," "," "," "," ",nfl.p.30218$nfl.g.2448946,James,Conner,nfl.p.30218$nfl.g.2448946 - James Conner,RB,ARI,SEA,SEA@ARI,4:05PM EST,21,8.7,Q," "
" "," "," "," "," "," "," "," "," "," "," "," "," ",nfl.p.31500$nfl.g.2448946,Darrel,Williams,nfl.p.31500$nfl.g.2448946 - Darrel Williams,RB,ARI,SEA,SEA@ARI,4:05PM EST,10,3.8,IR," "
" "," "," "," "," "," "," "," "," "," "," "," "," ",nfl.p.31833$nfl.g.2448946,Kyler,Murray,nfl.p.31833$nfl.g.2448946 - Kyler Murray,QB,ARI,SEA,SEA@ARI,4:05PM EST,31,20.2," "," "
" "," "," "," "," "," "," "," "," "," "," "," "," ",nfl.p.31857$nfl.g.2448946,Marquise,Brown,nfl.p.31857$nfl.g.2448946 - Marquise Brown,WR,ARI,SEA,SEA@ARI,4:05PM EST,10,14.7,IR," "
" "," "," "," "," "," "," "," "," "," "," "," "," ",nfl.p.32029$nfl.g.2448946,Trace,McSorley,nfl.p.32029$nfl.g.2448946 - Trace McSorley,QB,ARI,SEA,SEA@ARI,4:05PM EST,20,2.5," "," "
" "," "," "," "," "," "," "," "," "," "," "," "," ",nfl.p.32523$nfl.g.2448946,Greg,Dortch,nfl.p.32523$nfl.g.2448946 - Greg Dortch,WR,ARI,SEA,SEA@ARI,4:05PM EST,10,5.5," "," "
" "," "," "," "," "," "," "," "," "," "," "," "," ",nfl.p.32892$nfl.g.2448946,Eno,Benjamin,nfl.p.32892$nfl.g.2448946 - Eno Benjamin,RB,ARI,SEA,SEA@ARI,4:05PM EST,17,8.9," "," "
" "," "," "," "," "," "," "," "," "," "," "," "," ",nfl.p.33437$nfl.g.2448946,Rondale,Moore,nfl.p.33437$nfl.g.2448946 - Rondale Moore,WR,ARI,SEA,SEA@ARI,4:05PM EST,11,8.6," "," "
" "," "," "," "," "," "," "," "," "," "," "," "," ",nfl.p.34010$nfl.g.2448946,Trey,McBride,nfl.p.34010$nfl.g.2448946 - Trey McBride,TE,ARI,SEA,SEA@ARI,4:05PM EST,10,1.3," "," "
" "," "," "," "," "," "," "," "," "," "," "," "," ",nfl.p.34157$nfl.g.2448946,Keaontay,Ingram,nfl.p.34157$nfl.g.2448946 - Keaontay Ingram,RB,ARI,SEA,SEA@ARI,4:05PM EST,10,5.7," "," "
" "," "," "," "," "," "," "," "," "," "," "," "," ",nfl.p.33088$nfl.g.2448946,Jonathan,Ward,nfl.p.33088$nfl.g.2448946 - Jonathan Ward,RB,ARI,SEA,SEA@ARI,4:05PM EST,10,0.0,IR," "
" "," "," "," "," "," "," "," "," "," "," "," "," ",nfl.p.32317$nfl.g.2448946,Antoine,Wesley,nfl.p.32317$nfl.g.2448946 - Antoine Wesley,WR,ARI,SEA,SEA@ARI,4:05PM EST,10,5.6,IR," "
" "," "," "," "," "," "," "," "," "," "," "," "," ",nfl.t.26$nfl.g.2448946,Seattle,Seahawks,nfl.t.26$nfl.g.2448946 - Seattle Seahawks,DEF,SEA,ARI,SEA@ARI,4:05PM EST,17,8.5," "," "
" "," "," "," "," "," "," "," "," "," "," "," "," ",nfl.t.22$nfl.g.2448946,Arizona,Cardinals,nfl.t.22$nfl.g.2448946 - Arizona Cardinals,DEF,ARI,SEA,SEA@ARI,4:05PM EST,16,7.9," "," "
" "," "," "," "," "," "," "," "," "," "," "," "," ",nfl.p.32036$nfl.g.2448946,Travis,Homer,nfl.p.32036$nfl.g.2448946 - Travis Homer,RB,SEA,ARI,SEA@ARI,4:05PM EST,10,2.7," "," "
" "," "," "," "," "," "," "," "," "," "," "," "," ",nfl.p.9265$nfl.g.2448948,Matthew,Stafford,nfl.p.9265$nfl.g.2448948 - Matthew Stafford,QB,LAR,TB,LAR@TB,4:25PM EST,24,13.0," "," "
" "," "," "," "," "," "," "," "," "," "," "," "," ",nfl.p.27589$nfl.g.2448948,Allen,Robinson II,nfl.p.27589$nfl.g.2448948 - Allen Robinson II,WR,LAR,TB,LAR@TB,4:25PM EST,16,6.5," "," "
" "," "," "," "," "," "," "," "," "," "," "," "," ",nfl.p.28990$nfl.g.2448948,Malcolm,Brown,nfl.p.28990$nfl.g.2448948 - Malcolm Brown,RB,LAR,TB,LAR@TB,4:25PM EST,10,2.2," "," "
" "," "," "," "," "," "," "," "," "," "," "," "," ",nfl.p.29344$nfl.g.2448948,Tyler,Higbee,nfl.p.29344$nfl.g.2448948 - Tyler Higbee,TE,LAR,TB,LAR@TB,4:25PM EST,16,7.0," "," "
" "," "," "," "," "," "," "," "," "," "," "," "," ",nfl.p.30182$nfl.g.2448948,Cooper,Kupp,nfl.p.30182$nfl.g.2448948 - Cooper Kupp,WR,LAR,TB,LAR@TB,4:25PM EST,39,20.0," "," "
" "," "," "," "," "," "," "," "," "," "," "," "," ",nfl.p.31641$nfl.g.2448948,Brandon,Powell,nfl.p.31641$nfl.g.2448948 - Brandon Powell,WR,LAR,TB,LAR@TB,4:25PM EST,10,1.7," "," "
" "," "," "," "," "," "," "," "," "," "," "," "," ",nfl.p.31803$nfl.g.2448948,John,Wolford,nfl.p.31803$nfl.g.2448948 - John Wolford,QB,LAR,TB,LAR@TB,4:25PM EST,20,0.2," "," "
" "," "," "," "," "," "," "," "," "," "," "," "," ",nfl.p.31902$nfl.g.2448948,Darrell,Henderson Jr.,nfl.p.31902$nfl.g.2448948 - Darrell Henderson Jr.,RB,LAR,TB,LAR@TB,4:25PM EST,12,7.0," "," "
" "," "," "," "," "," "," "," "," "," "," "," "," ",nfl.p.32125$nfl.g.2448948,Kendall,Blanton,nfl.p.32125$nfl.g.2448948 - Kendall Blanton,TE,LAR,TB,LAR@TB,4:25PM EST,10,2.2," "," "
" "," "," "," "," "," "," "," "," "," "," "," "," ",nfl.p.32722$nfl.g.2448948,Cam,Akers,nfl.p.32722$nfl.g.2448948 - Cam Akers,RB,LAR,TB,LAR@TB,4:25PM EST,10,4.4," "," "
" "," "," "," "," "," "," "," "," "," "," "," "," ",nfl.p.32806$nfl.g.2448948,Brycen,Hopkins,nfl.p.32806$nfl.g.2448948 - Brycen Hopkins,TE,LAR,TB,LAR@TB,4:25PM EST,10,4.0," "," "
" "," "," "," "," "," "," "," "," "," "," "," "," ",nfl.p.33258$nfl.g.2448948,Bryce,Perkins,nfl.p.33258$nfl.g.2448948 - Bryce Perkins,QB,LAR,TB,LAR@TB,4:25PM EST,20,0.0," "," "
" "," "," "," "," "," "," "," "," "," "," "," "," ",nfl.p.33445$nfl.g.2448948,Tutu,Atwell,nfl.p.33445$nfl.g.2448948 - Tutu Atwell,WR,LAR,TB,LAR@TB,4:25PM EST,10,1.7," "," "
" "," "," "," "," "," "," "," "," "," "," "," "," ",nfl.p.33637$nfl.g.2448948,Ben,Skowronek,nfl.p.33637$nfl.g.2448948 - Ben Skowronek,WR,LAR,TB,LAR@TB,4:25PM EST,10,6.1," "," "
" "," "," "," "," "," "," "," "," "," "," "," "," ",nfl.p.34330$nfl.g.2448948,Lance,McCutcheon,nfl.p.34330$nfl.g.2448948 - Lance McCutcheon,WR,LAR,TB,LAR@TB,4:25PM EST,10,0.0," "," "
" "," "," "," "," "," "," "," "," "," "," "," "," ",nfl.p.34120$nfl.g.2448948,Kyren,Williams,nfl.p.34120$nfl.g.2448948 - Kyren Williams,RB,LAR,TB,LAR@TB,4:25PM EST,12,0.0,IR," "
" "," "," "," "," "," "," "," "," "," "," "," "," ",nfl.p.33254$nfl.g.2448948,J.J.,Koski,nfl.p.33254$nfl.g.2448948 - J.J. Koski,WR,LAR,TB,LAR@TB,4:25PM EST,10,0.0,IR," "
" "," "," "," "," "," "," "," "," "," "," "," "," ",nfl.p.5228$nfl.g.2448948,Tom,Brady,nfl.p.5228$nfl.g.2448948 - Tom Brady,QB,TB,LAR,LAR@TB,4:25PM EST,26,15.4," "," "
" "," "," "," "," "," "," "," "," "," "," "," "," ",nfl.p.24793$nfl.g.2448948,Julio,Jones,nfl.p.24793$nfl.g.2448948 - Julio Jones,WR,TB,LAR,LAR@TB,4:25PM EST,11,6.8," "," "
" "," "," "," "," "," "," "," "," "," "," "," "," ",nfl.p.24797$nfl.g.2448948,Blaine,Gabbert,nfl.p.24797$nfl.g.2448948 - Blaine Gabbert,QB,TB,LAR,LAR@TB,4:25PM EST,20,0.3," "," "
" "," "," "," "," "," "," "," "," "," "," "," "," ",nfl.p.24830$nfl.g.2448948,Kyle,Rudolph,nfl.p.24830$nfl.g.2448948 - Kyle Rudolph,TE,TB,LAR,LAR@TB,4:25PM EST,10,0.8," "," "
" "," "," "," "," "," "," "," "," "," "," "," "," ",nfl.p.27535$nfl.g.2448948,Mike,Evans,nfl.p.27535$nfl.g.2448948 - Mike Evans,WR,TB,LAR,LAR@TB,4:25PM EST,23,13.6," "," "
" "," "," "," "," "," "," "," "," "," "," "," "," ",nfl.p.28267$nfl.g.2448948,Cameron,Brate,nfl.p.28267$nfl.g.2448948 - Cameron Brate,TE,TB,LAR,LAR@TB,4:25PM EST,10,3.6,O," "
" "," "," "," "," "," "," "," "," "," "," "," "," ",nfl.p.28414$nfl.g.2448948,Breshad,Perriman,nfl.p.28414$nfl.g.2448948 - Breshad Perriman,WR,TB,LAR,LAR@TB,4:25PM EST,10,3.4," "," "
" "," "," "," "," "," "," "," "," "," "," "," "," ",nfl.p.30117$nfl.g.2448948,Leonard,Fournette,nfl.p.30117$nfl.g.2448948 - Leonard Fournette,RB,TB,LAR,LAR@TB,4:25PM EST,21,14.3," "," "
" "," "," "," "," "," "," "," "," "," "," "," "," ",nfl.p.30197$nfl.g.2448948,Chris,Godwin,nfl.p.30197$nfl.g.2448948 - Chris Godwin,WR,TB,LAR,LAR@TB,4:25PM EST,20,9.1," "," "
" "," "," "," "," "," "," "," "," "," "," "," "," ",nfl.p.31164$nfl.g.2448948,Russell,Gage,nfl.p.31164$nfl.g.2448948 - Russell Gage,WR,TB,LAR,LAR@TB,4:25PM EST,11,6.2,O," "
" "," "," "," "," "," "," "," "," "," "," "," "," ",nfl.p.32040$nfl.g.2448948,Scotty,Miller,nfl.p.32040$nfl.g.2448948 - Scotty Miller,WR,TB,LAR,LAR@TB,4:25PM EST,10,2.7," "," "
" "," "," "," "," "," "," "," "," "," "," "," "," ",nfl.p.32746$nfl.g.2448948,Ke'Shawn,Vaughn,nfl.p.32746$nfl.g.2448948 - Ke'Shawn Vaughn,RB,TB,LAR,LAR@TB,4:25PM EST,10,6.8," "," "
" "," "," "," "," "," "," "," "," "," "," "," "," ",nfl.p.33452$nfl.g.2448948,Kyle,Trask,nfl.p.33452$nfl.g.2448948 - Kyle Trask,QB,TB,LAR,LAR@TB,4:25PM EST,20,0.0," "," "
" "," "," "," "," "," "," "," "," "," "," "," "," ",nfl.p.33517$nfl.g.2448948,Jaelon,Darden,nfl.p.33517$nfl.g.2448948 - Jaelon Darden,WR,TB,LAR,LAR@TB,4:25PM EST,10,0.5," "," "
" "," "," "," "," "," "," "," "," "," "," "," "," ",nfl.p.34047$nfl.g.2448948,Rachaad,White,nfl.p.34047$nfl.g.2448948 - Rachaad White,RB,TB,LAR,LAR@TB,4:25PM EST,10,4.3," "," "
" "," "," "," "," "," "," "," "," "," "," "," "," ",nfl.p.34062$nfl.g.2448948,Cade,Otton,nfl.p.34062$nfl.g.2448948 - Cade Otton,TE,TB,LAR,LAR@TB,4:25PM EST,10,3.8," "," "
" "," "," "," "," "," "," "," "," "," "," "," "," ",nfl.p.34174$nfl.g.2448948,Ko,Kieft,nfl.p.34174$nfl.g.2448948 - Ko Kieft,TE,TB,LAR,LAR@TB,4:25PM EST,10,1.0," "," "
" "," "," "," "," "," "," "," "," "," "," "," "," ",nfl.p.26660$nfl.g.2448948,Giovani,Bernard,nfl.p.26660$nfl.g.2448948 - Giovani Bernard,RB,TB,LAR,LAR@TB,4:25PM EST,10,0.0,IR," "
" "," "," "," "," "," "," "," "," "," "," "," "," ",nfl.t.14$nfl.g.2448948,Los Angeles,Rams,nfl.t.14$nfl.g.2448948 - Los Angeles Rams,DEF,LAR,TB,LAR@TB,4:25PM EST,13,6.0," "," "
" "," "," "," "," "," "," "," "," "," "," "," "," ",nfl.t.27$nfl.g.2448948,Tampa Bay,Buccaneers,nfl.t.27$nfl.g.2448948 - Tampa Bay Buccaneers,DEF,TB,LAR,LAR@TB,4:25PM EST,20,7.6," "," "
" "," "," "," "," "," "," "," "," "," "," "," "," ",nfl.p.32727$nfl.g.2448948,Van,Jefferson,nfl.p.32727$nfl.g.2448948 - Van Jefferson,WR,LAR,TB,LAR@TB,4:25PM EST,12,7.6,Q," "
" "," "," "," "," "," "," "," "," "," "," "," "," ",nfl.p.34310$nfl.g.2448948,Ronnie,Rivers,nfl.p.34310$nfl.g.2448948 - Ronnie Rivers,RB,LAR,TB,LAR@TB,4:25PM EST,15,3.8," "," "
" "," "," "," "," "," "," "," "," "," "," "," "," ",nfl.p.25718$nfl.g.2448950,Ryan,Tannehill,nfl.p.25718$nfl.g.2448950 - Ryan Tannehill,QB,TEN,KC,TEN@KC,8:20PM EST,24,12.0,Q," "
" "," "," "," "," "," "," "," "," "," "," "," "," ",nfl.p.26664$nfl.g.2448950,Robert,Woods,nfl.p.26664$nfl.g.2448950 - Robert Woods,WR,TEN,KC,TEN@KC,8:20PM EST,15,5.8," "," "
" "," "," "," "," "," "," "," "," "," "," "," "," ",nfl.p.28634$nfl.g.2448950,Geoff,Swaim,nfl.p.28634$nfl.g.2448950 - Geoff Swaim,TE,TEN,KC,TEN@KC,8:20PM EST,11,3.4," "," "
" "," "," "," "," "," "," "," "," "," "," "," "," ",nfl.p.29279$nfl.g.2448950,Derrick,Henry,nfl.p.29279$nfl.g.2448950 - Derrick Henry,RB,TEN,KC,TEN@KC,8:20PM EST,36,19.8," "," "
" "," "," "," "," "," "," "," "," "," "," "," "," ",nfl.p.29315$nfl.g.2448950,Austin,Hooper,nfl.p.29315$nfl.g.2448950 - Austin Hooper,TE,TEN,KC,TEN@KC,8:20PM EST,10,2.4," "," "
" "," "," "," "," "," "," "," "," "," "," "," "," ",nfl.p.30660$nfl.g.2448950,Cody,Hollister,nfl.p.30660$nfl.g.2448950 - Cody Hollister,WR,TEN,KC,TEN@KC,8:20PM EST,10,1.7," "," "
" "," "," "," "," "," "," "," "," "," "," "," "," ",nfl.p.31441$nfl.g.2448950,Kevin,Rader,nfl.p.31441$nfl.g.2448950 - Kevin Rader,TE,TEN,KC,TEN@KC,8:20PM EST,10,0.0," "," "
" "," "," "," "," "," "," "," "," "," "," "," "," ",nfl.p.31457$nfl.g.2448950,Dontrell,Hilliard,nfl.p.31457$nfl.g.2448950 - Dontrell Hilliard,RB,TEN,KC,TEN@KC,8:20PM EST,13,8.3," "," "
" "," "," "," "," "," "," "," "," "," "," "," "," ",nfl.p.33348$nfl.g.2448950,Nick,Westbrook-Ikhine,nfl.p.33348$nfl.g.2448950 - Nick Westbrook-Ikhine,WR,TEN,KC,TEN@KC,8:20PM EST,10,3.5," "," "
" "," "," "," "," "," "," "," "," "," "," "," "," ",nfl.p.33835$nfl.g.2448950,Tory,Carter,nfl.p.33835$nfl.g.2448950 - Tory Carter,RB,TEN,KC,TEN@KC,8:20PM EST,10,0.0,O," "
" "," "," "," "," "," "," "," "," "," "," "," "," ",nfl.p.34042$nfl.g.2448950,Malik,Willis,nfl.p.34042$nfl.g.2448950 - Malik Willis,QB,TEN,KC,TEN@KC,8:20PM EST,20,1.1," "," "
" "," "," "," "," "," "," "," "," "," "," "," "," ",nfl.p.34087$nfl.g.2448950,Hassan,Haskins,nfl.p.34087$nfl.g.2448950 - Hassan Haskins,RB,TEN,KC,TEN@KC,8:20PM EST,10,0.9," "," "
" "," "," "," "," "," "," "," "," "," "," "," "," ",nfl.p.34099$nfl.g.2448950,Chig,Okonkwo,nfl.p.34099$nfl.g.2448950 - Chig Okonkwo,TE,TEN,KC,TEN@KC,8:20PM EST,10,2.2," "," "
" "," "," "," "," "," "," "," "," "," "," "," "," ",nfl.p.34119$nfl.g.2448950,Kyle,Philips,nfl.p.34119$nfl.g.2448950 - Kyle Philips,WR,TEN,KC,TEN@KC,8:20PM EST,10,2.0,IR," "
" "," "," "," "," "," "," "," "," "," "," "," "," ",nfl.p.31174$nfl.g.2448950,Trenton,Cannon,nfl.p.31174$nfl.g.2448950 - Trenton Cannon,RB,TEN,KC,TEN@KC,8:20PM EST,10,0.0,IR," "
" "," "," "," "," "," "," "," "," "," "," "," "," ",nfl.p.33593$nfl.g.2448950,Racey,McMath,nfl.p.33593$nfl.g.2448950 - Racey McMath,WR,TEN,KC,TEN@KC,8:20PM EST,10,0.0,IR," "
" "," "," "," "," "," "," "," "," "," "," "," "," ",nfl.p.8834$nfl.g.2448950,Chad,Henne,nfl.p.8834$nfl.g.2448950 - Chad Henne,QB,KC,TEN,TEN@KC,8:20PM EST,20,-0.3," "," "
" "," "," "," "," "," "," "," "," "," "," "," "," ",nfl.p.26686$nfl.g.2448950,Travis,Kelce,nfl.p.26686$nfl.g.2448950 - Travis Kelce,TE,KC,TEN,TEN@KC,8:20PM EST,32,17.6," "," "
" "," "," "," "," "," "," "," "," "," "," "," "," ",nfl.p.27494$nfl.g.2448950,James,Winchester,nfl.p.27494$nfl.g.2448950 - James Winchester,TE,KC,TEN,TEN@KC,8:20PM EST,10,0.0," "," "
" "," "," "," "," "," "," "," "," "," "," "," "," ",nfl.p.27624$nfl.g.2448950,Jerick,McKinnon,nfl.p.27624$nfl.g.2448950 - Jerick McKinnon,RB,KC,TEN,TEN@KC,8:20PM EST,10,5.1," "," "
" "," "," "," "," "," "," "," "," "," "," "," "," ",nfl.p.28556$nfl.g.2448950,Michael,Burton,nfl.p.28556$nfl.g.2448950 - Michael Burton,RB,KC,TEN,TEN@KC,8:20PM EST,10,0.3," "," "
" "," "," "," "," "," "," "," "," "," "," "," "," ",nfl.p.30123$nfl.g.2448950,Patrick,Mahomes,nfl.p.30123$nfl.g.2448950 - Patrick Mahomes,QB,KC,TEN,TEN@KC,8:20PM EST,39,25.0," "," "
" "," "," "," "," "," "," "," "," "," "," "," "," ",nfl.p.30175$nfl.g.2448950,JuJu,Smith-Schuster,nfl.p.30175$nfl.g.2448950 - JuJu Smith-Schuster,WR,KC,TEN,TEN@KC,8:20PM EST,22,10.9," "," "
" "," "," "," "," "," "," "," "," "," "," "," "," ",nfl.p.31008$nfl.g.2448950,Ronald,Jones II,nfl.p.31008$nfl.g.2448950 - Ronald Jones II,RB,KC,TEN,TEN@KC,8:20PM EST,10,4.9," "," "
" "," "," "," "," "," "," "," "," "," "," "," "," ",nfl.p.31114$nfl.g.2448950,Justin,Watson,nfl.p.31114$nfl.g.2448950 - Justin Watson,WR,KC,TEN,TEN@KC,8:20PM EST,10,2.9," "," "
" "," "," "," "," "," "," "," "," "," "," "," "," ",nfl.p.31144$nfl.g.2448950,Marquez,Valdes-Scantling,nfl.p.31144$nfl.g.2448950 - Marquez Valdes-Scantling,WR,KC,TEN,TEN@KC,8:20PM EST,14,6.8," "," "
" "," "," "," "," "," "," "," "," "," "," "," "," ",nfl.p.31888$nfl.g.2448950,Mecole,Hardman,nfl.p.31888$nfl.g.2448950 - Mecole Hardman,WR,KC,TEN,TEN@KC,8:20PM EST,18,9.2," "," "
" "," "," "," "," "," "," "," "," "," "," "," "," ",nfl.p.32600$nfl.g.2448950,Jody,Fortson,nfl.p.32600$nfl.g.2448950 - Jody Fortson,TE,KC,TEN,TEN@KC,8:20PM EST,10,3.1,O," "
" "," "," "," "," "," "," "," "," "," "," "," "," ",nfl.p.32702$nfl.g.2448950,Clyde,Edwards-Helaire,nfl.p.32702$nfl.g.2448950 - Clyde Edwards-Helaire,RB,KC,TEN,TEN@KC,8:20PM EST,18,12.4," "," "
" "," "," "," "," "," "," "," "," "," "," "," "," ",nfl.p.33550$nfl.g.2448950,Noah,Gray,nfl.p.33550$nfl.g.2448950 - Noah Gray,TE,KC,TEN,TEN@KC,8:20PM EST,10,2.6," "," "
" "," "," "," "," "," "," "," "," "," "," "," "," ",nfl.p.33879$nfl.g.2448950,Shane,Buechele,nfl.p.33879$nfl.g.2448950 - Shane Buechele,QB,KC,TEN,TEN@KC,8:20PM EST,20,0.0," "," "
" "," "," "," "," "," "," "," "," "," "," "," "," ",nfl.p.34009$nfl.g.2448950,Skyy,Moore,nfl.p.34009$nfl.g.2448950 - Skyy Moore,WR,KC,TEN,TEN@KC,8:20PM EST,10,1.6," "," "
" "," "," "," "," "," "," "," "," "," "," "," "," ",nfl.p.34207$nfl.g.2448950,Isiah,Pacheco,nfl.p.34207$nfl.g.2448950 - Isiah Pacheco,RB,KC,TEN,TEN@KC,8:20PM EST,12,3.9," "," "
" "," "," "," "," "," "," "," "," "," "," "," "," ",nfl.p.28505$nfl.g.2448950,Blake,Bell,nfl.p.28505$nfl.g.2448950 - Blake Bell,TE,KC,TEN,TEN@KC,8:20PM EST,10,1.2,IR," "
" "," "," "," "," "," "," "," "," "," "," "," "," ",nfl.p.34440$nfl.g.2448950,Justyn,Ross,nfl.p.34440$nfl.g.2448950 - Justyn Ross,WR,KC,TEN,TEN@KC,8:20PM EST,10,0.0,IR," "
" "," "," "," "," "," "," "," "," "," "," "," "," ",nfl.t.10$nfl.g.2448950,Tennessee,Titans,nfl.t.10$nfl.g.2448950 - Tennessee Titans,DEF,TEN,KC,TEN@KC,8:20PM EST,12,7.6," "," "
" "," "," "," "," "," "," "," "," "," "," "," "," ",nfl.t.12$nfl.g.2448950,Kansas City,Chiefs,nfl.t.12$nfl.g.2448950 - Kansas City Chiefs,DEF,KC,TEN,TEN@KC,8:20PM EST,13,6.0," "," "
" "," "," "," "," "," "," "," "," "," "," "," "," ",nfl.p.28464$nfl.g.2448950,Chris,Conley,nfl.p.28464$nfl.g.2448950 - Chris Conley,WR,TEN,KC,TEN@KC,8:20PM EST,10,0.0," "," "
" "," "," "," "," "," "," "," "," "," "," "," "," ",nfl.p.33408$nfl.g.2448950,Kadarius,Toney,nfl.p.33408$nfl.g.2448950 - Kadarius Toney,WR,KC,TEN,TEN@KC,8:20PM EST,14,1.6," "," "
" "," "," "," "," "," "," "," "," "," "," "," "," ",nfl.p.28514$nfl.g.2448956,Mike,Davis,nfl.p.28514$nfl.g.2448956 - Mike Davis,RB,BAL,NO,BAL@NO,8:15PM EST,10,0.6," "," "
" "," "," "," "," "," "," "," "," "," "," "," "," ",nfl.p.28559$nfl.g.2448956,Nick,Boyle,nfl.p.28559$nfl.g.2448956 - Nick Boyle,TE,BAL,NO,BAL@NO,8:15PM EST,10,0.4," "," "
" "," "," "," "," "," "," "," "," "," "," "," "," ",nfl.p.29307$nfl.g.2448956,Kenyan,Drake,nfl.p.29307$nfl.g.2448956 - Kenyan Drake,RB,BAL,NO,BAL@NO,8:15PM EST,16,7.2," "," "
" "," "," "," "," "," "," "," "," "," "," "," "," ",nfl.p.29360$nfl.g.2448956,Demarcus,Robinson,nfl.p.29360$nfl.g.2448956 - Demarcus Robinson,WR,BAL,NO,BAL@NO,8:15PM EST,13,3.9,Q," "
" "," "," "," "," "," "," "," "," "," "," "," "," ",nfl.p.30592$nfl.g.2448956,Patrick,Ricard,nfl.p.30592$nfl.g.2448956 - Patrick Ricard,RB,BAL,NO,BAL@NO,8:15PM EST,10,1.6," "," "
" "," "," "," "," "," "," "," "," "," "," "," "," ",nfl.p.31002$nfl.g.2448956,Lamar,Jackson,nfl.p.31002$nfl.g.2448956 - Lamar Jackson,QB,BAL,NO,BAL@NO,8:15PM EST,35,23.1," "," "
" "," "," "," "," "," "," "," "," "," "," "," "," ",nfl.p.31056$nfl.g.2448956,Mark,Andrews,nfl.p.31056$nfl.g.2448956 - Mark Andrews,TE,BAL,NO,BAL@NO,8:15PM EST,25,12.6,D," "
" "," "," "," "," "," "," "," "," "," "," "," "," ",nfl.p.31901$nfl.g.2448956,Josh,Oliver,nfl.p.31901$nfl.g.2448956 - Josh Oliver,TE,BAL,NO,BAL@NO,8:15PM EST,10,2.4," "," "
" "," "," "," "," "," "," "," "," "," "," "," "," ",nfl.p.31945$nfl.g.2448956,Justice,Hill,nfl.p.31945$nfl.g.2448956 - Justice Hill,RB,BAL,NO,BAL@NO,8:15PM EST,13,3.3," "," "
" "," "," "," "," "," "," "," "," "," "," "," "," ",nfl.p.32762$nfl.g.2448956,Devin,Duvernay,nfl.p.32762$nfl.g.2448956 - Devin Duvernay,WR,BAL,NO,BAL@NO,8:15PM EST,17,9.9," "," "
" "," "," "," "," "," "," "," "," "," "," "," "," ",nfl.p.32871$nfl.g.2448956,James,Proche II,nfl.p.32871$nfl.g.2448956 - James Proche II,WR,BAL,NO,BAL@NO,8:15PM EST,10,2.6," "," "
" "," "," "," "," "," "," "," "," "," "," "," "," ",nfl.p.32993$nfl.g.2448956,Tyler,Huntley,nfl.p.32993$nfl.g.2448956 - Tyler Huntley,QB,BAL,NO,BAL@NO,8:15PM EST,20,12.4," "," "
" "," "," "," "," "," "," "," "," "," "," "," "," ",nfl.p.33415$nfl.g.2448956,Rashod,Bateman,nfl.p.33415$nfl.g.2448956 - Rashod Bateman,WR,BAL,NO,BAL@NO,8:15PM EST,18,7.7,O," "
" "," "," "," "," "," "," "," "," "," "," "," "," ",nfl.p.33519$nfl.g.2448956,Tylan,Wallace,nfl.p.33519$nfl.g.2448956 - Tylan Wallace,WR,BAL,NO,BAL@NO,8:15PM EST,10,0.9," "," "
" "," "," "," "," "," "," "," "," "," "," "," "," ",nfl.p.34095$nfl.g.2448956,Isaiah,Likely,nfl.p.34095$nfl.g.2448956 - Isaiah Likely,TE,BAL,NO,BAL@NO,8:15PM EST,10,4.6," "," "
" "," "," "," "," "," "," "," "," "," "," "," "," ",nfl.p.31894$nfl.g.2448956,Andy,Isabella,nfl.p.31894$nfl.g.2448956 - Andy Isabella,WR,BAL,NO,BAL@NO,8:15PM EST,10,1.6," "," "
" "," "," "," "," "," "," "," "," "," "," "," "," ",nfl.p.34084$nfl.g.2448956,Charlie,Kolar,nfl.p.34084$nfl.g.2448956 - Charlie Kolar,TE,BAL,NO,BAL@NO,8:15PM EST,10,0.0,IR," "
" "," "," "," "," "," "," "," "," "," "," "," "," ",nfl.p.24815$nfl.g.2448956,Mark,Ingram II,nfl.p.24815$nfl.g.2448956 - Mark Ingram II,RB,NO,BAL,BAL@NO,8:15PM EST,11,4.2,O," "
" "," "," "," "," "," "," "," "," "," "," "," "," ",nfl.p.24822$nfl.g.2448956,Andy,Dalton,nfl.p.24822$nfl.g.2448956 - Andy Dalton,QB,NO,BAL,BAL@NO,8:15PM EST,25,16.4," "," "
" "," "," "," "," "," "," "," "," "," "," "," "," ",nfl.p.27591$nfl.g.2448956,Jarvis,Landry,nfl.p.27591$nfl.g.2448956 - Jarvis Landry,WR,NO,BAL,BAL@NO,8:15PM EST,14,6.6,Q," "
" "," "," "," "," "," "," "," "," "," "," "," "," ",nfl.p.28389$nfl.g.2448956,Jameis,Winston,nfl.p.28389$nfl.g.2448956 - Jameis Winston,QB,NO,BAL,BAL@NO,8:15PM EST,24,16.3," "," "
" "," "," "," "," "," "," "," "," "," "," "," "," ",nfl.p.29281$nfl.g.2448956,Michael,Thomas,nfl.p.29281$nfl.g.2448956 - Michael Thomas,WR,NO,BAL,BAL@NO,8:15PM EST,22,14.4,IR," "
" "," "," "," "," "," "," "," "," "," "," "," "," ",nfl.p.29328$nfl.g.2448956,Nick,Vannett,nfl.p.29328$nfl.g.2448956 - Nick Vannett,TE,NO,BAL,BAL@NO,8:15PM EST,10,1.2," "," "
" "," "," "," "," "," "," "," "," "," "," "," "," ",nfl.p.29470$nfl.g.2448956,Dwayne,Washington,nfl.p.29470$nfl.g.2448956 - Dwayne Washington,RB,NO,BAL,BAL@NO,8:15PM EST,10,0.8," "," "
" "," "," "," "," "," "," "," "," "," "," "," "," ",nfl.p.29666$nfl.g.2448956,J.P.,Holtz,nfl.p.29666$nfl.g.2448956 - J.P. Holtz,TE,NO,BAL,BAL@NO,8:15PM EST,10,0.0," "," "
" "," "," "," "," "," "," "," "," "," "," "," "," ",nfl.p.30015$nfl.g.2448956,Zach,Wood,nfl.p.30015$nfl.g.2448956 - Zach Wood,TE,NO,BAL,BAL@NO,8:15PM EST,10,0.0," "," "
" "," "," "," "," "," "," "," "," "," "," "," "," ",nfl.p.30180$nfl.g.2448956,Alvin,Kamara,nfl.p.30180$nfl.g.2448956 - Alvin Kamara,RB,NO,BAL,BAL@NO,8:15PM EST,27,16.7," "," "
" "," "," "," "," "," "," "," "," "," "," "," "," ",nfl.p.30614$nfl.g.2448956,Taysom,Hill,nfl.p.30614$nfl.g.2448956 - Taysom Hill,TE,NO,BAL,BAL@NO,8:15PM EST,17,11.5," "," "
" "," "," "," "," "," "," "," "," "," "," "," "," ",nfl.p.31061$nfl.g.2448956,Tre'Quan,Smith,nfl.p.31061$nfl.g.2448956 - Tre'Quan Smith,WR,NO,BAL,BAL@NO,8:15PM EST,10,6.1," "," "
" "," "," "," "," "," "," "," "," "," "," "," "," ",nfl.p.31517$nfl.g.2448956,Keith,Kirkwood,nfl.p.31517$nfl.g.2448956 - Keith Kirkwood,WR,NO,BAL,BAL@NO,8:15PM EST,10,1.4," "," "
" "," "," "," "," "," "," "," "," "," "," "," "," ",nfl.p.32775$nfl.g.2448956,Adam,Trautman,nfl.p.32775$nfl.g.2448956 - Adam Trautman,TE,NO,BAL,BAL@NO,8:15PM EST,10,4.5," "," "
" "," "," "," "," "," "," "," "," "," "," "," "," ",nfl.p.33109$nfl.g.2448956,Marquez,Callaway,nfl.p.33109$nfl.g.2448956 - Marquez Callaway,WR,NO,BAL,BAL@NO,8:15PM EST,10,4.1," "," "
" "," "," "," "," "," "," "," "," "," "," "," "," ",nfl.p.33113$nfl.g.2448956,Juwan,Johnson,nfl.p.33113$nfl.g.2448956 - Juwan Johnson,TE,NO,BAL,BAL@NO,8:15PM EST,11,5.5," "," "
" "," "," "," "," "," "," "," "," "," "," "," "," ",nfl.p.33966$nfl.g.2448956,Chris,Olave,nfl.p.33966$nfl.g.2448956 - Chris Olave,WR,NO,BAL,BAL@NO,8:15PM EST,23,12.2," "," "
" "," "," "," "," "," "," "," "," "," "," "," "," ",nfl.p.34659$nfl.g.2448956,Rashid,Shaheed,nfl.p.34659$nfl.g.2448956 - Rashid Shaheed,WR,NO,BAL,BAL@NO,8:15PM EST,13,9.2," "," "
" "," "," "," "," "," "," "," "," "," "," "," "," ",nfl.t.33$nfl.g.2448956,Baltimore,Ravens,nfl.t.33$nfl.g.2448956 - Baltimore Ravens,DEF,BAL,NO,BAL@NO,8:15PM EST,20,7.9," "," "
" "," "," "," "," "," "," "," "," "," "," "," "," ",nfl.t.18$nfl.g.2448956,New Orleans,Saints,nfl.t.18$nfl.g.2448956 - New Orleans Saints,DEF,NO,BAL,BAL@NO,8:15PM EST,10,5.4," "," "
" "," "," "," "," "," "," "," "," "," "," "," "," ",nfl.p.31424$nfl.g.2448956,Gus,Edwards,nfl.p.31424$nfl.g.2448956 - Gus Edwards,RB,BAL,NO,BAL@NO,8:15PM EST,18,12.6,D," "
" "," "," "," "," "," "," "," "," "," "," "," "," ",nfl.p.33693$nfl.g.2448956,Dylan,Soehner,nfl.p.33693$nfl.g.2448956 - Dylan Soehner,TE,NO,BAL,BAL@NO,8:15PM EST,10,0.0,PUP," "
