,,,,,,,,,,,,,,,,,Rushing,Rushing,Rushing,Rushing,Rushing,Rushing,Receiving,Receiving,Receiving,Receiving,Receiving,Receiving,Receiving,Receiving,Receiving,Snap Counts,Snap Counts,,Snap Counts,Snap Counts,Snap Counts,,PAT,PAT,,FG,FG,,,,,Passing,Passing,Passing,Passing,Passing,Passing,Passing,Passing,Passing,Passing,Passing,Passing,Passing,Passing,Passing,Passing,Passing,Passing,Passing,Fumbles,Fumbles,Fumbles,Fumbles,Fumbles,,-additional
Rk,Player,Off%,Att,Att,Tgt,2PM,Fmb,Day,G#,Week,Date,Age,Team,,Opp,Result,Att,Yds,Y/A,TD,1D,Succ%,Tgt,Rec,Yds,Y/R,TD,Ctch%,Y/Tgt,1D,Succ%,OffSnp,Off%,DefSnp,Def%,STSnp,ST %,TD,XPM,XPA,XP%,FGM,FGA,FG%,2PM,Sfty,Pts,Cmp,Att,Inc,Cmp%,Yds,TD,Int,Pick6,TD%,Int%,Rate,Sk,Yds,Sk%,Y/A,AY/A,ANY/A,Y/C,Succ%,Fmb,FR,Yds,FRTD,FF,Pos.,-9999
1,Josh Allen,100.0,31,10,0,0,0,Thu,1,1,2022-09-08,26-110,BUF,@,LAR,W 31-10,10,56,5.6,1,4,60.0,0,0,0,,0,,,0,,59,100.0,0,0.0,0,0.0,1,0,0,,0,0,,0,0,6,26,31,5,83.9,297,3,2,0,9.7,6.5,112.0,2,5,6.06,9.6,8.61,7.94,11.4,63.6,0,0,0,0,0,QB,AlleJo02
2,Robbie Chosen,100.0,0,0,8,0,0,Sun,1,1,2022-09-11,29-125,CAR,,CLE,L 24-26,0,0,,0,0,,8,5,102,20.4,1,62.5,12.8,1,25.0,53,100.0,0,0.0,0,0.0,1,0,0,,0,0,,0,0,6,0,0,0,,0,0,0,0,,,,0,0,,,,,,,0,0,0,0,0,WR,AndeRo04
3,Tom Brady,100.0,27,2,0,0,0,Sun,1,1,2022-09-11,45-039,TAM,@,DAL,W 19-3,2,-1,-0.5,0,0,0.0,0,0,0,,0,,,0,,62,100.0,0,0.0,0,0.0,0,0,0,,0,0,,0,0,0,18,27,9,66.7,212,1,1,0,3.7,3.7,87.3,2,17,6.90,7.9,6.93,5.86,11.8,51.7,0,0,0,0,0,QB,BradTo00
4,Jacoby Brissett,100.0,34,4,0,0,0,Sun,1,1,2022-09-11,29-274,CLE,@,CAR,W 26-24,4,10,2.5,0,1,25.0,0,0,0,,0,,,0,,80,100.0,0,0.0,0,0.0,0,0,0,,0,0,,0,0,0,18,34,16,52.9,147,1,0,0,2.9,0.0,74.0,1,9,2.86,4.3,4.91,4.51,8.2,31.4,0,0,0,0,0,QB,BrisJa00
5,Joe Burrow,100.0,53,6,0,0,2,Sun,1,1,2022-09-11,25-275,CIN,,PIT,L 20-23 (OT),6,47,7.8,0,3,66.7,0,0,0,,0,,,0,,100,100.0,0,0.0,0,0.0,0,0,0,,0,0,,0,0,0,33,53,20,62.3,338,2,4,1,3.8,7.5,61.7,7,39,11.67,6.4,3.74,2.65,10.2,45.0,2,0,0,0,0,QB,BurrJo01
6,Derek Carr,100.0,37,0,0,0,2,Sun,1,1,2022-09-11,31-167,LVR,@,LAC,L 19-24,0,0,,0,0,,0,0,0,,0,,,0,,58,100.0,0,0.0,0,0.0,0,0,0,,0,0,,0,0,0,22,37,15,59.5,295,2,3,0,5.4,8.1,69.1,5,29,11.90,8.0,5.41,4.07,13.4,47.6,2,0,0,0,0,QB,CarrDe02
7,Ja'Marr Chase,100.0,0,0,16,0,0,Sun,1,1,2022-09-11,22-194,CIN,,PIT,L 20-23 (OT),0,0,,0,0,,16,10,129,12.9,1,62.5,8.1,10,62.5,100,100.0,0,0.0,0,0.0,1,0,0,,0,0,,0,0,6,0,0,0,,0,0,0,0,,,,0,0,,,,,,,0,0,0,0,0,WR,ChasJa00
8,Kirk Cousins,100.0,32,0,0,0,0,Sun,1,1,2022-09-11,34-023,MIN,,GNB,W 23-7,0,0,,0,0,,0,0,0,,0,,,0,,62,100.0,0,0.0,0,0.0,0,0,0,,0,0,,0,0,0,23,32,9,71.9,277,2,0,0,6.3,0.0,118.9,1,8,3.03,8.7,9.91,9.36,12.0,45.5,0,0,0,0,0,QB,CousKi00
9,Justin Fields,100.0,17,11,0,0,0,Sun,1,1,2022-09-11,23-190,CHI,,SFO,W 19-10,11,28,2.5,0,3,36.4,0,0,0,,0,,,0,,58,100.0,0,0.0,0,0.0,0,0,0,,0,0,,0,0,0,8,17,9,47.1,121,2,1,0,11.8,5.9,85.7,2,16,10.53,7.1,6.82,5.26,15.1,26.3,0,0,0,0,0,QB,FielJu00
10,Joe Flacco,100.0,59,1,0,0,0,Sun,1,1,2022-09-11,37-238,NYJ,,BAL,L 9-24,1,0,0.0,0,0,0.0,0,0,0,,0,,,0,,84,100.0,0,0.0,0,0.0,0,0,0,,0,0,,0,0,0,37,59,22,62.7,309,1,1,0,1.7,1.7,74.8,3,12,4.84,5.2,4.81,4.39,8.4,43.5,0,0,0,0,0,QB,FlacJo00
11,Jared Goff,100.0,37,2,0,0,1,Sun,1,1,2022-09-11,27-332,DET,,PHI,L 35-38,2,9,4.5,0,1,50.0,0,0,0,,0,,,0,,69,100.0,0,0.0,0,0.0,0,0,0,,0,0,,0,0,0,21,37,16,56.8,215,2,1,1,5.4,2.7,80.3,1,10,2.63,5.8,5.68,5.26,10.2,39.5,1,1,6,0,0,QB,GoffJa00
12,Justin Herbert,100.0,34,4,0,0,0,Sun,1,1,2022-09-11,24-185,LAC,,LVR,W 24-19,4,1,0.3,0,0,0.0,0,0,0,,0,,,0,,67,100.0,0,0.0,0,0.0,0,0,0,,0,0,,0,0,0,26,34,8,76.5,279,3,0,0,8.8,0.0,129.4,0,0,0.00,8.2,9.97,9.97,10.7,58.8,0,0,0,0,0,QB,HerbJu00
13,Jalen Hurts,100.0,32,17,0,0,0,Sun,1,1,2022-09-11,24-035,PHI,@,DET,W 38-35,17,90,5.3,1,6,64.7,0,0,0,,0,,,0,,77,100.0,0,0.0,0,0.0,1,0,0,,0,0,,0,0,6,18,32,14,56.3,243,0,0,0,0.0,0.0,80.6,1,4,3.03,7.6,7.59,7.24,13.5,42.4,0,0,0,0,0,QB,HurtJa00
14,Lamar Jackson,100.0,30,6,0,0,0,Sun,1,1,2022-09-11,25-247,BAL,@,NYJ,W 24-9,6,17,2.8,0,2,50.0,0,0,0,,0,,,0,,56,100.0,0,0.0,0,0.0,0,0,0,,0,0,,0,0,0,17,30,13,56.7,213,3,1,0,10.0,3.3,98.3,2,2,6.25,7.1,7.60,7.06,12.5,43.8,0,0,0,0,0,QB,JackLa00
15,Daniel Jones,100.0,21,6,0,0,1,Sun,1,1,2022-09-11,25-107,NYG,@,TEN,W 21-20,6,25,4.2,0,2,50.0,0,0,0,,0,,,0,,60,100.0,0,0.0,0,0.0,0,0,0,,0,0,,0,0,0,17,21,4,81.0,188,2,1,0,9.5,4.8,115.9,5,32,19.23,9.0,8.71,5.81,11.1,46.2,1,0,0,0,0,QB,JoneDa05
16,Mac Jones,100.0,30,2,0,0,1,Sun,1,1,2022-09-11,24-006,NWE,@,MIA,L 7-20,2,0,0.0,0,0,0.0,0,0,0,,0,,,0,,57,100.0,0,0.0,0,0.0,0,0,0,,0,0,,0,0,0,21,30,9,70.0,213,1,1,0,3.3,3.3,87.2,2,20,6.25,7.1,6.27,5.25,10.1,43.8,1,0,0,0,0,QB,JoneMa05
17,Cooper Kupp,100.0,0,0,15,0,0,Thu,1,1,2022-09-08,29-085,LAR,,BUF,L 10-31,0,0,,0,0,,15,13,128,9.8,1,86.7,8.5,6,73.3,67,100.0,0,0.0,0,0.0,1,0,0,,0,0,,0,0,6,0,0,0,,0,0,0,0,,,,0,0,,,,,,,0,0,0,0,0,WR,KuppCo00
18,Trey Lance,100.0,28,13,0,0,1,Sun,1,1,2022-09-11,22-125,SFO,@,CHI,L 10-19,13,54,4.2,0,6,61.5,0,0,0,,0,,,0,,68,100.0,0,0.0,0,0.0,0,0,0,,0,0,,0,0,0,13,28,15,46.4,164,0,1,0,0.0,3.6,50.3,2,9,6.67,5.9,4.25,3.67,12.6,33.3,1,1,-5,0,0,QB,LancTr00
19,Trevor Lawrence,100.0,42,2,0,0,0,Sun,1,1,2022-09-11,22-340,JAX,@,WAS,L 22-28,2,4,2.0,0,0,50.0,0,0,0,,0,,,0,,70,100.0,0,0.0,0,0.0,0,0,0,,0,0,,0,0,0,24,42,18,57.1,275,1,1,0,2.4,2.4,75.0,2,15,4.55,6.5,5.95,5.34,11.5,43.2,0,0,0,0,0,QB,LawrTr00
20,Marcus Mariota,100.0,33,12,0,0,2,Sun,1,1,2022-09-11,28-316,ATL,,NOR,L 26-27,12,72,6.0,1,3,75.0,0,0,0,,0,,,0,,75,100.0,0,0.0,0,0.0,1,0,0,,0,0,,0,0,6,20,33,13,60.6,215,0,0,0,0.0,0.0,79.7,0,0,0.00,6.5,6.52,6.52,10.8,48.5,2,1,0,0,0,QB,MariMa01
21,Baker Mayfield,100.0,27,5,0,0,4,Sun,1,1,2022-09-11,27-150,CAR,,CLE,L 24-26,5,6,1.2,1,2,20.0,0,0,0,,0,,,0,,53,100.0,0,0.0,0,0.0,1,0,0,,0,0,,0,0,6,16,27,11,59.3,235,1,1,0,3.7,3.7,84.6,4,28,12.90,8.7,7.78,5.87,14.7,35.5,4,4,2,0,0,QB,MayfBa00
22,D.J. Moore,100.0,0,1,6,0,0,Sun,1,1,2022-09-11,25-150,CAR,,CLE,L 24-26,1,7,7.0,0,0,100.0,6,3,43,14.3,0,50.0,7.2,2,50.0,53,100.0,0,0.0,0,0.0,0,0,0,,0,0,,0,0,0,0,0,0,,0,0,0,0,,,,0,0,,,,,,,0,0,0,0,0,WR,MoorD.00
23,DeVante Parker,100.0,0,0,2,0,0,Sun,1,1,2022-09-11,29-234,NWE,@,MIA,L 7-20,0,0,,0,0,,2,1,9,9.0,0,50.0,4.5,1,50.0,57,100.0,0,0.0,1,5.3,0,0,0,,0,0,,0,0,0,0,0,0,,0,0,0,0,,,,0,0,,,,,,,0,0,0,0,0,WR,ParkDe01
24,Matt Ryan,100.0,50,4,0,0,4,Sun,1,1,2022-09-11,37-117,IND,@,HOU,T 20-20 (OT),4,12,3.0,0,2,50.0,0,0,0,,0,,,0,,92,100.0,0,0.0,0,0.0,0,0,0,,0,0,,0,0,0,32,50,18,64.0,352,1,1,0,2.0,2.0,83.1,2,12,3.85,7.0,6.54,6.06,11.0,46.2,4,2,-2,0,0,QB,RyanMa00
25,Dalton Schultz,100.0,0,0,9,0,0,Sun,1,1,2022-09-11,26-062,DAL,,TAM,L 3-19,0,0,,0,0,,9,7,62,8.9,0,77.8,6.9,2,55.6,69,100.0,0,0.0,0,0.0,0,0,0,,0,0,,0,0,0,0,0,0,,0,0,0,0,,,,0,0,,,,,,,0,0,0,0,0,TE,SchuDa00
26,Geno Smith,100.0,28,6,0,0,1,Mon,1,1,2022-09-12,31-337,SEA,,DEN,W 17-16,6,14,2.3,0,1,33.3,0,0,0,,0,,,0,,55,100.0,0,0.0,0,0.0,0,0,0,,0,0,,0,0,0,23,28,5,82.1,195,2,0,0,7.1,0.0,119.5,2,18,6.67,7.0,8.39,7.23,8.5,46.7,1,0,0,0,0,QB,SmitGe00
27,Matthew Stafford,100.0,41,1,0,0,1,Thu,1,1,2022-09-08,34-213,LAR,,BUF,L 10-31,1,2,2.0,0,1,100.0,0,0,0,,0,,,0,,67,100.0,0,0.0,0,0.0,0,0,0,,0,0,,0,0,0,29,41,12,70.7,240,1,3,0,2.4,7.3,63.1,7,49,14.58,5.9,3.05,1.58,8.3,45.8,1,1,0,0,0,QB,StafMa00
28,Tua Tagovailoa,100.0,33,2,0,0,1,Sun,1,1,2022-09-11,24-193,MIA,,NWE,W 20-7,2,0,0.0,0,0,0.0,0,0,0,,0,,,0,,60,100.0,0,0.0,0,0.0,0,0,0,,0,0,,0,0,0,23,33,10,69.7,270,1,0,0,3.0,0.0,104.4,3,28,8.33,8.2,8.79,7.28,11.7,52.8,1,0,0,0,0,QB,TagoTu00
29,Ryan Tannehill,100.0,33,2,0,0,0,Sun,1,1,2022-09-11,34-046,TEN,,NYG,L 20-21,2,7,3.5,0,1,50.0,0,0,0,,0,,,0,,65,100.0,0,0.0,0,0.0,0,0,0,,0,0,,0,0,0,20,33,13,60.6,266,2,0,0,6.1,0.0,106.4,1,0,2.94,8.1,9.27,9.00,13.3,52.9,0,0,0,0,0,QB,TannRy00
30,Mitchell Trubisky,100.0,38,3,0,0,0,Sun,1,1,2022-09-11,28-022,PIT,@,CIN,W 23-20 (OT),3,9,3.0,0,1,33.3,0,0,0,,0,,,0,,63,100.0,0,0.0,0,0.0,0,0,0,,0,0,,0,0,0,21,38,17,55.3,194,1,0,0,2.6,0.0,78.2,1,2,2.56,5.1,5.63,5.44,9.2,33.3,0,0,0,0,0,QB,TrubMi00
31,Carson Wentz,100.0,41,6,0,0,0,Sun,1,1,2022-09-11,29-255,WAS,,JAX,W 28-22,6,12,2.0,0,0,16.7,0,0,0,,0,,,0,,77,100.0,0,0.0,0,0.0,0,0,0,,0,0,,0,0,0,27,41,14,65.9,313,4,2,0,9.8,4.9,101.0,1,8,2.38,7.6,7.39,7.02,11.6,50.0,0,0,0,0,0,QB,WentCa00
32,Russell Wilson,100.0,42,1,0,0,0,Mon,1,1,2022-09-12,33-287,DEN,@,SEA,L 16-17,1,2,2.0,0,0,0.0,0,0,0,,0,,,0,,66,100.0,0,0.0,0,0.0,0,0,0,,0,0,,0,0,0,29,42,13,69.0,340,1,0,0,2.4,0.0,101.3,2,10,4.55,8.1,8.57,7.95,11.7,45.5,0,0,0,0,0,QB,WilsRu00
33,Jameis Winston,100.0,34,2,0,0,0,Sun,1,1,2022-09-11,28-248,NOR,@,ATL,W 27-26,2,9,4.5,0,0,50.0,0,0,0,,0,,,0,,61,100.0,0,0.0,0,0.0,0,0,0,,0,0,,0,0,0,23,34,11,67.6,269,2,0,0,5.9,0.0,111.0,4,35,10.53,7.9,9.09,7.21,11.7,47.4,0,0,0,0,0,QB,WinsJa00
34,Brandon Aiyuk,98.5,0,1,3,0,0,Sun,1,1,2022-09-11,24-178,SFO,@,CHI,L 10-19,1,7,7.0,0,0,100.0,3,2,40,20.0,0,66.7,13.3,1,66.7,67,98.5,0,0.0,0,0.0,0,0,0,,0,0,,0,0,0,0,0,0,,0,0,0,0,,,,0,0,,,,,,,0,0,0,0,0,WR,AiyuBr00
35,Gabriel Davis,98.3,0,0,5,0,0,Thu,1,1,2022-09-08,23-160,BUF,@,LAR,W 31-10,0,0,,0,0,,5,4,88,22.0,1,80.0,17.6,3,80.0,58,98.3,0,0.0,0,0.0,1,0,0,,0,0,,0,0,6,0,0,0,,0,0,0,0,,,,0,0,,,,,,,0,0,0,0,0,WR,DaviGa01
36,Michael Pittman Jr.,97.8,0,0,13,0,0,Sun,1,1,2022-09-11,24-341,IND,@,HOU,T 20-20 (OT),0,0,,0,0,,13,9,121,13.4,1,69.2,9.3,7,61.5,90,97.8,0,0.0,0,0.0,1,0,0,,0,0,,0,0,6,0,0,0,,0,0,0,0,,,,0,0,,,,,,,0,0,0,0,0,WR,PittMi01
37,Davis Mills,97.1,37,2,0,0,1,Sun,1,1,2022-09-11,23-325,HOU,,IND,T 20-20 (OT),2,-1,-0.5,0,0,0.0,0,0,0,,0,,,0,,68,97.1,0,0.0,0,0.0,0,0,0,,0,0,,0,0,0,23,37,14,62.2,240,2,0,0,5.4,0.0,98.9,3,18,7.50,6.5,7.57,6.55,10.4,50.0,1,0,0,0,0,QB,MillDa02
38,CeeDee Lamb,97.1,0,0,11,0,0,Sun,1,1,2022-09-11,23-156,DAL,,TAM,L 3-19,0,0,,0,0,,11,2,29,14.5,0,18.2,2.6,2,18.2,67,97.1,0,0.0,0,0.0,0,0,0,,0,0,,0,0,0,0,0,0,,0,0,0,0,,,,0,0,,,,,,,0,0,0,0,0,WR,LambCe00
39,Allen Robinson,97.0,0,0,2,0,0,Thu,1,1,2022-09-08,29-015,LAR,,BUF,L 10-31,0,0,,0,,,2,1,12,12.0,0,50.0,6.0,,0.0,65,97.0,0,0.0,0,0.0,0,0,0,,0,0,,0,0,0,0,0,0,,0,0,0,0,,,,0,0,,,,,,,0,0,0,0,0,WR,RobiAl02
40,DeVonta Smith,96.1,0,0,4,0,0,Sun,1,1,2022-09-11,23-301,PHI,@,DET,W 38-35,0,0,,0,,,4,0,0,,0,0.0,0.0,,0.0,74,96.1,0,0.0,2,6.5,0,0,0,,0,0,,0,0,0,0,0,0,,0,0,0,0,,,,0,0,,,,,,,0,0,0,0,0,WR,SmitDe07
41,Courtland Sutton,95.5,0,0,7,0,0,Mon,1,1,2022-09-12,26-337,DEN,@,SEA,L 16-17,0,0,,0,0,,7,4,72,18.0,0,57.1,10.3,3,57.1,63,95.5,0,0.0,0,0.0,0,0,0,,0,0,,0,0,0,0,0,0,,0,0,0,0,,,,0,0,,,,,,,0,0,0,0,0,WR,SuttCo00
42,Marquise Brown,95.4,0,0,6,0,0,Sun,1,1,2022-09-11,25-099,ARI,,KAN,L 21-44,0,0,,0,0,,6,4,43,10.8,1,66.7,7.2,2,50.0,62,95.4,0,0.0,0,0.0,1,0,0,,0,0,,0,0,6,0,0,0,,0,0,0,0,,,,0,0,,,,,,,0,0,0,0,0,WR,BrowMa04
43,Adam Thielen,95.2,0,0,4,0,0,Sun,1,1,2022-09-11,32-020,MIN,,GNB,W 23-7,0,0,,0,0,,4,3,36,12.0,0,75.0,9.0,2,50.0,59,95.2,0,0.0,0,0.0,0,0,0,,0,0,,0,0,0,0,0,0,,0,0,0,0,,,,0,0,,,,,,,0,0,0,0,0,WR,ThieAd00
44,Davante Adams,94.8,0,0,17,0,0,Sun,1,1,2022-09-11,29-261,LVR,@,LAC,L 19-24,0,0,,0,0,,17,10,141,14.1,1,58.8,8.3,8,58.8,55,94.8,0,0.0,0,0.0,1,0,0,,0,0,,0,0,6,0,0,0,,0,0,0,0,,,,1,10,100.00,,,-10.00,,0.0,0,0,0,0,0,WR,AdamDa01
45,Tyler Higbee,94.0,0,0,11,0,0,Thu,1,1,2022-09-08,29-250,LAR,,BUF,L 10-31,0,0,,0,0,,11,5,39,7.8,0,45.5,3.5,4,36.4,63,94.0,0,0.0,0,0.0,0,0,0,,0,0,,0,0,0,0,0,0,,0,0,0,0,,,,0,0,,,,,,,0,0,0,0,0,TE,HigbTy00
46,Patrick Mahomes,92.9,39,3,0,0,1,Sun,1,1,2022-09-11,26-359,KAN,@,ARI,W 44-21,3,5,1.7,0,1,66.7,0,0,0,,0,,,0,,65,92.9,0,0.0,0,0.0,0,0,0,,0,0,,0,0,0,30,39,9,76.9,360,5,0,0,12.8,0.0,144.2,0,0,0.00,9.2,11.79,11.79,12.0,74.4,1,0,0,0,0,QB,MahoPa00
47,Mike Williams,92.5,0,0,4,0,0,Sun,1,1,2022-09-11,27-342,LAC,,LVR,W 24-19,0,0,,0,,,4,2,10,5.0,0,50.0,2.5,,50.0,62,92.5,0,0.0,0,0.0,0,0,0,,0,0,,0,0,0,0,0,0,,0,0,0,0,,,,0,0,,,,,,,0,0,0,0,0,WR,WillMi07
48,Dallas Goedert,92.2,0,0,4,0,0,Sun,1,1,2022-09-11,27-251,PHI,@,DET,W 38-35,0,0,,0,0,,4,3,60,20.0,0,75.0,15.0,3,75.0,71,92.2,0,0.0,2,6.5,0,0,0,,0,0,,0,0,0,0,0,0,,0,0,0,0,,,,0,0,,,,,,,0,0,0,0,0,TE,GoedDa00
49,Chase Claypool,92.1,0,6,6,0,0,Sun,1,1,2022-09-11,24-066,PIT,@,CIN,W 23-20 (OT),6,36,6.0,0,2,33.3,6,4,18,4.5,0,66.7,3.0,1,50.0,58,92.1,0,0.0,0,0.0,0,0,0,,0,0,,0,0,0,0,0,0,,0,0,0,0,,,,0,0,,,,,,,0,0,0,0,0,WR,ClayCh01
50,Justin Jefferson,91.9,0,0,11,0,0,Sun,1,1,2022-09-11,23-087,MIN,,GNB,W 23-7,0,0,,0,0,,11,9,184,20.4,2,81.8,16.7,7,63.6,57,91.9,0,0.0,0,0.0,2,0,0,,0,0,,0,0,12,0,0,0,,0,0,0,0,,,,0,0,,,,,,,0,0,0,0,0,WR,JeffJu00
51,Aaron Rodgers,91.8,34,1,0,0,1,Sun,1,1,2022-09-11,38-283,GNB,@,MIN,L 7-23,1,-1,-1.0,0,0,0.0,0,0,0,,0,,,0,,56,91.8,0,0.0,0,0.0,0,0,0,,0,0,,0,0,0,22,34,12,64.7,195,0,1,0,0.0,2.9,67.6,4,33,10.53,5.7,4.41,3.08,8.9,42.1,1,0,0,0,0,QB,RodgAa00
52,Tyler Conklin,91.7,0,0,7,0,1,Sun,1,1,2022-09-11,27-043,NYJ,,BAL,L 9-24,0,0,,0,0,,7,4,16,4.0,1,57.1,2.3,1,28.6,77,91.7,0,0.0,3,11.1,1,0,0,,0,0,,0,0,6,0,0,0,,0,0,0,0,,,,0,0,,,,,,,1,0,0,0,0,TE,ConkTy00
53,Brandin Cooks,91.4,0,0,12,0,0,Sun,1,1,2022-09-11,28-351,HOU,,IND,T 20-20 (OT),0,0,,0,0,,12,7,82,11.7,0,58.3,6.8,4,50.0,64,91.4,0,0.0,0,0.0,0,0,0,,0,0,,0,0,0,0,0,0,,0,0,0,0,,,,0,0,,,,,,,0,0,0,0,0,WR,CookBr00
54,Christian Kirk,91.4,0,0,12,0,0,Sun,1,1,2022-09-11,25-297,JAX,@,WAS,L 22-28,0,0,,0,0,,12,6,117,19.5,0,50.0,9.8,3,41.7,64,91.4,0,0.0,0,0.0,0,0,0,,0,0,,0,0,0,0,0,0,,0,0,0,0,,,,0,0,,,,,,,0,0,0,0,0,WR,KirkCh01
55,T.J. Hockenson,91.3,0,0,7,0,0,Sun,1,1,2022-09-11,25-070,DET,,PHI,L 35-38,0,0,,0,0,,7,4,38,9.5,0,57.1,5.4,3,42.9,63,91.3,0,0.0,0,0.0,0,0,0,,0,0,,0,0,0,0,0,0,,0,0,0,0,,,,0,0,,,,,,,0,0,0,0,0,TE,HockTJ00
56,Greg Dortch,90.8,0,0,9,0,0,Sun,1,1,2022-09-11,24-105,ARI,,KAN,L 21-44,0,0,,0,0,,9,7,63,9.0,0,77.8,7.0,3,55.6,59,90.8,0,0.0,2,7.4,0,0,0,,0,0,,0,0,0,0,0,0,,0,0,0,0,,,,0,0,,,,,,,0,0,0,0,0,WR,DortGr01
57,Darnell Mooney,89.7,0,0,3,0,0,Sun,1,1,2022-09-11,24-317,CHI,,SFO,W 19-10,0,0,,0,,,3,1,8,8.0,0,33.3,2.7,,33.3,52,89.7,0,0.0,0,0.0,0,0,0,,0,0,,0,0,0,0,0,0,,0,0,0,0,,,,0,0,,,,,,,0,0,0,0,0,WR,MoonDa00
58,Terry McLaurin,89.6,0,0,4,0,0,Sun,1,1,2022-09-11,26-361,WAS,,JAX,W 28-22,0,0,,0,0,,4,2,58,29.0,1,50.0,14.5,2,50.0,69,89.6,0,0.0,0,0.0,1,0,0,,0,0,,0,0,6,0,0,0,,0,0,0,0,,,,0,0,,,,,,,0,0,0,0,0,WR,McLaTe00
59,Jerry Jeudy,89.4,0,0,7,0,0,Mon,1,1,2022-09-12,23-141,DEN,@,SEA,L 16-17,0,0,,0,0,,7,4,102,25.5,1,57.1,14.6,3,42.9,59,89.4,0,0.0,0,0.0,1,0,0,,0,0,,0,0,6,0,0,0,,0,0,0,0,,,,0,0,,,,,,,0,0,0,0,0,WR,JeudJe00
60,Elijah Moore,89.3,0,0,7,0,0,Sun,1,1,2022-09-11,22-168,NYJ,,BAL,L 9-24,0,0,,0,0,,7,5,49,9.8,0,71.4,7.0,3,71.4,75,89.3,0,0.0,0,0.0,0,0,0,,0,0,,0,0,0,0,0,0,,0,0,0,0,,,,0,0,,,,,,,0,0,0,0,0,WR,MoorEl00
61,Pat Freiermuth,88.9,0,0,10,0,0,Sun,1,1,2022-09-11,23-321,PIT,@,CIN,W 23-20 (OT),0,0,,0,0,,10,5,75,15.0,0,50.0,7.5,3,40.0,56,88.9,0,0.0,6,18.8,0,0,0,,0,0,,0,0,0,0,0,0,,0,0,0,0,,,,0,0,,,,,,,0,0,0,0,0,TE,FreiPa00
62,David Njoku,88.8,0,0,1,0,0,Sun,1,1,2022-09-11,26-063,CLE,@,CAR,W 26-24,0,0,,0,,,1,1,7,7.0,0,100.0,7.0,,0.0,71,88.8,0,0.0,0,0.0,0,0,0,,0,0,,0,0,0,0,0,0,,0,0,0,0,,,,0,0,,,,,,,0,0,0,0,0,TE,NjokDa00
63,Noah Brown,88.4,0,0,9,0,0,Sun,1,1,2022-09-11,26-248,DAL,,TAM,L 3-19,0,0,,0,0,,9,5,68,13.6,0,55.6,7.6,4,44.4,61,88.4,0,0.0,5,20.8,0,0,0,,0,0,,0,0,0,0,0,0,,0,0,0,0,,,,0,0,,,,,,,0,0,0,0,0,WR,BrowNo00
64,Amon-Ra St. Brown,88.4,0,0,12,0,0,Sun,1,1,2022-09-11,22-322,DET,,PHI,L 35-38,0,0,,0,0,,12,8,64,8.0,1,66.7,5.3,3,50.0,61,88.4,0,0.0,0,0.0,1,0,0,,0,0,,0,0,6,0,0,0,,0,0,0,0,,,,0,0,,,,,,,0,0,0,0,0,WR,StxxAm00
65,Jahan Dotson,88.3,0,1,5,0,0,Sun,1,1,2022-09-11,22-173,WAS,,JAX,W 28-22,1,-10,-10.0,0,0,0.0,5,3,40,13.3,2,60.0,8.0,2,60.0,68,88.3,0,0.0,0,0.0,2,0,0,,0,0,,0,0,12,0,0,0,,0,0,0,0,,,,0,0,,,,,,,0,0,0,0,0,WR,DotsJa00
66,Ben Skowronek,88.1,0,0,6,0,0,Thu,1,1,2022-09-08,25-073,LAR,,BUF,L 10-31,0,0,,0,0,,6,4,25,6.3,0,66.7,4.2,2,66.7,59,88.1,0,0.0,0,0.0,0,0,0,,0,0,,0,0,0,0,0,0,,0,0,0,0,,,,0,0,,,,,,,0,0,0,0,0,WR,SkowBe00
67,Mack Hollins,87.9,0,0,1,0,0,Sun,1,1,2022-09-11,28-360,LVR,@,LAC,L 19-24,0,0,,0,0,,1,1,16,16.0,0,100.0,16.0,1,100.0,51,87.9,0,0.0,6,25.0,0,0,0,,0,0,,0,0,0,0,0,0,,0,0,0,0,,,,0,0,,,,,,,0,0,0,0,0,WR,HollMa00
68,Jakobi Meyers,87.7,0,1,6,0,0,Sun,1,1,2022-09-11,25-306,NWE,@,MIA,L 7-20,1,7,7.0,0,1,100.0,6,4,55,13.8,0,66.7,9.2,2,66.7,50,87.7,0,0.0,1,5.3,0,0,0,,0,0,,0,0,0,0,0,0,,0,0,0,0,,,,0,0,,,,,,,0,0,0,0,0,WR,MeyeJa01
69,Kyler Murray,87.7,34,5,0,0,0,Sun,1,1,2022-09-11,25-035,ARI,,KAN,L 21-44,5,29,5.8,0,1,40.0,0,0,0,,0,,,0,,57,87.7,0,0.0,0,0.0,0,0,0,,0,0,,0,0,0,22,34,12,64.7,193,2,0,0,5.9,0.0,99.3,2,18,5.56,5.7,6.85,5.97,8.8,50.0,0,1,0,0,0,QB,MurrKy00
70,A.J. Brown,87.0,0,0,13,0,0,Sun,1,1,2022-09-11,25-073,PHI,@,DET,W 38-35,0,0,,0,0,,13,10,155,15.5,0,76.9,11.9,7,61.5,67,87.0,0,0.0,2,6.5,0,0,0,,0,0,,0,0,0,0,0,0,,0,0,0,0,,,,0,0,,,,,,,0,0,0,0,0,WR,BrowAJ00
71,Dawson Knox,86.4,0,0,2,0,0,Thu,1,1,2022-09-08,25-298,BUF,@,LAR,W 31-10,0,0,,0,,,2,1,5,5.0,0,50.0,2.5,,50.0,51,86.4,0,0.0,0,0.0,0,0,0,,0,0,,0,0,0,0,0,0,,0,0,0,0,,,,0,0,,,,,,,0,0,0,0,0,TE,KnoxDa00
72,Darren Waller,84.5,0,0,6,0,0,Sun,1,1,2022-09-11,29-363,LVR,@,LAC,L 19-24,0,0,,0,0,,6,4,79,19.8,0,66.7,13.2,4,66.7,49,84.5,0,0.0,0,0.0,0,0,0,,0,0,,0,0,0,0,0,0,,0,0,0,0,,,,0,0,,,,,,,0,0,0,0,0,TE,WallDa01
73,Kyle Pitts,84.0,0,0,7,0,0,Sun,1,1,2022-09-11,21-340,ATL,,NOR,L 26-27,0,0,,0,0,,7,2,19,9.5,0,28.6,2.7,1,28.6,63,84.0,0,0.0,0,0.0,0,0,0,,0,0,,0,0,0,0,0,0,,0,0,0,0,,,,0,0,,,,,,,0,0,0,0,0,TE,PittKy00
74,Mark Andrews,83.9,0,0,7,0,0,Sun,1,1,2022-09-11,27-005,BAL,@,NYJ,W 24-9,0,0,,0,0,,7,5,52,10.4,0,71.4,7.4,3,57.1,47,83.9,0,0.0,1,3.7,0,0,0,,0,0,,0,0,0,0,0,0,,0,0,0,0,,,,0,0,,,,,,,0,0,0,0,0,TE,AndrMa00
75,Saquon Barkley,83.3,0,18,7,1,1,Sun,1,1,2022-09-11,25-214,NYG,@,TEN,W 21-20,18,164,9.1,1,7,61.1,7,6,30,5.0,0,85.7,4.3,0,57.1,50,83.3,0,0.0,0,0.0,1,0,0,,0,0,,1,0,8,0,0,0,,0,0,0,0,,,,0,0,,,,,,,1,0,0,0,0,RB,BarkSa00
76,Zay Jones,82.9,0,0,9,0,0,Sun,1,1,2022-09-11,27-165,JAX,@,WAS,L 22-28,0,0,,0,0,,9,6,65,10.8,0,66.7,7.2,4,55.6,58,82.9,0,0.0,0,0.0,0,0,0,,0,0,,0,0,0,0,0,0,,0,0,0,0,,,,0,0,,,,,,,0,0,0,0,0,WR,JoneZa00
77,Cole Kmet,82.8,0,0,1,0,0,Sun,1,1,2022-09-11,23-185,CHI,,SFO,W 19-10,0,0,,0,,,1,0,0,,0,0.0,0.0,,0.0,48,82.8,0,0.0,4,16.7,0,0,0,,0,0,,0,0,0,0,0,0,,0,0,0,0,,,,0,0,,,,,,,0,0,0,0,0,TE,KmetCo00
78,Hunter Renfrow,82.8,0,0,6,0,1,Sun,1,1,2022-09-11,26-264,LVR,@,LAC,L 19-24,0,0,,0,0,,6,3,21,7.0,0,50.0,3.5,2,50.0,48,82.8,0,0.0,4,16.7,0,0,0,,0,0,,0,0,0,0,0,0,,0,0,0,0,,,,0,0,,,,,,,1,1,0,0,0,WR,RenfHu00
79,Amari Cooper,82.5,0,0,6,0,0,Sun,1,1,2022-09-11,28-086,CLE,@,CAR,W 26-24,0,0,,0,,,6,3,17,5.7,0,50.0,2.8,,33.3,66,82.5,0,0.0,0,0.0,0,0,0,,0,0,,0,0,0,0,0,0,,0,0,0,0,,,,0,0,,,,,,,0,0,0,0,0,WR,CoopAm00
80,Donovan Peoples-Jones,82.5,0,0,11,0,0,Sun,1,1,2022-09-11,23-204,CLE,@,CAR,W 26-24,0,0,,0,0,,11,6,60,10.0,0,54.5,5.5,3,36.4,66,82.5,0,0.0,0,0.0,0,0,0,,0,0,,0,0,0,0,0,0,,0,0,0,0,,,,0,0,,,,,,,0,0,0,0,0,WR,PeopDo00
81,Deebo Samuel,82.4,0,8,7,0,1,Sun,1,1,2022-09-11,26-239,SFO,@,CHI,L 10-19,8,52,6.5,1,3,50.0,7,2,14,7.0,0,28.6,2.0,0,28.6,56,82.4,0,0.0,0,0.0,1,0,0,,0,0,,0,0,6,0,0,0,,0,0,0,0,,,,0,0,,,,,,,1,0,0,0,0,WR,SamuDe00
82,Darrell Henderson,82.1,0,13,5,0,0,Thu,1,1,2022-09-08,25-020,LAR,,BUF,L 10-31,13,47,3.6,0,2,46.2,5,5,26,5.2,0,100.0,5.2,1,40.0,55,82.1,0,0.0,0,0.0,0,0,0,,0,0,,0,0,0,0,0,0,,0,0,0,0,,,,0,0,,,,,,,0,0,0,0,0,RB,HendDa00
83,D.K. Metcalf,81.8,0,0,7,0,1,Mon,1,1,2022-09-12,24-272,SEA,,DEN,W 17-16,0,0,,0,0,,7,7,36,5.1,0,100.0,5.1,1,71.4,45,81.8,0,0.0,0,0.0,0,0,0,,0,0,,0,0,0,0,0,0,,0,0,0,0,,,,0,0,,,,,,,1,0,0,0,0,WR,MetcDK00
84,Marvin Jones,81.4,0,0,6,0,0,Sun,1,1,2022-09-11,32-183,JAX,@,WAS,L 22-28,0,0,,0,0,,6,4,38,9.5,0,66.7,6.3,3,66.7,57,81.4,0,0.0,0,0.0,0,0,0,,0,0,,0,0,0,0,0,0,,0,0,0,0,,,,0,0,,,,,,,0,0,0,0,0,WR,JoneMa02
85,DJ Chark,81.2,0,0,8,0,0,Sun,1,1,2022-09-11,25-353,DET,,PHI,L 35-38,0,0,,0,0,,8,4,52,13.0,1,50.0,6.5,3,37.5,56,81.2,0,0.0,0,0.0,1,0,0,,0,0,,0,0,6,0,0,0,,0,0,0,0,,,,0,0,,,,,,,0,0,0,0,0,WR,CharDJ00
86,Christian McCaffrey,81.1,0,10,5,0,0,Sun,1,1,2022-09-11,26-096,CAR,,CLE,L 24-26,10,33,3.3,1,3,70.0,5,4,24,6.0,0,80.0,4.8,1,40.0,43,81.1,0,0.0,0,0.0,1,0,0,,0,0,,0,0,6,0,0,0,,0,0,0,0,,,,0,0,,,,,,,0,1,0,0,0,RB,McCaCh01
87,Diontae Johnson,81.0,0,0,12,0,1,Sun,1,1,2022-09-11,26-068,PIT,@,CIN,W 23-20 (OT),0,0,,0,0,,12,7,55,7.9,0,58.3,4.6,2,33.3,51,81.0,0,0.0,0,0.0,0,0,0,,0,0,,0,0,0,0,0,0,,0,0,0,0,,,,0,0,,,,,,,1,0,0,0,0,WR,JohnDi01
88,Tyler Boyd,80.0,0,0,7,0,0,Sun,1,1,2022-09-11,27-300,CIN,,PIT,L 20-23 (OT),0,0,,0,0,,7,4,33,8.3,1,57.1,4.7,3,42.9,80,80.0,0,0.0,0,0.0,1,0,0,,0,0,,0,0,6,0,0,0,,0,0,0,0,,,,0,0,,,,,,,0,0,0,0,0,WR,BoydTy00
89,Tyler Lockett,80.0,0,0,4,0,0,Mon,1,1,2022-09-12,29-349,SEA,,DEN,W 17-16,0,0,,0,0,,4,3,28,9.3,0,75.0,7.0,2,50.0,44,80.0,0,0.0,1,5.3,0,0,0,,0,0,,0,0,0,0,0,0,,0,0,0,0,,,,0,0,,,,,,,0,0,0,0,0,WR,LockTy00
90,Josh Reynolds,79.7,0,0,3,0,0,Sun,1,1,2022-09-11,27-207,DET,,PHI,L 35-38,0,0,,0,0,,3,1,28,28.0,0,33.3,9.3,1,33.3,55,79.7,0,0.0,0,0.0,0,0,0,,0,0,,0,0,0,0,0,0,,0,0,0,0,,,,0,0,,,,,,,0,0,0,0,0,WR,ReynJo00
91,Dalvin Cook,77.4,0,20,5,0,0,Sun,1,1,2022-09-11,27-032,MIN,,GNB,W 23-7,20,90,4.5,0,5,55.0,5,3,18,6.0,0,60.0,3.6,1,40.0,48,77.4,0,0.0,0,0.0,0,0,0,,0,0,,0,0,0,0,0,0,,0,0,0,0,,,,0,0,,,,,,,0,0,0,0,0,RB,CookDa01
92,Shi Smith,77.4,0,0,3,0,0,Sun,1,1,2022-09-11,23-320,CAR,,CLE,L 24-26,0,0,,0,0,,3,1,12,12.0,0,33.3,4.0,1,33.3,41,77.4,0,0.0,0,0.0,0,0,0,,0,0,,0,0,0,0,0,0,,0,0,0,0,,,,0,0,,,,,,,0,0,0,0,0,WR,SmitSh03
93,Hunter Henry,77.2,0,0,3,0,0,Sun,1,1,2022-09-11,27-278,NWE,@,MIA,L 7-20,0,0,,0,0,,3,2,20,10.0,0,66.7,6.7,1,33.3,44,77.2,0,0.0,1,5.3,0,0,0,,0,0,,0,0,0,0,0,0,,0,0,0,0,,,,0,0,,,,,,,0,0,0,0,0,TE,HenrHu00
94,Parris Campbell,77.2,0,0,4,0,0,Sun,1,1,2022-09-11,25-057,IND,@,HOU,T 20-20 (OT),0,0,,0,0,,4,3,37,12.3,0,75.0,9.3,3,75.0,71,77.2,0,0.0,0,0.0,0,0,0,,0,0,,0,0,0,0,0,0,,0,0,0,0,,,,0,0,,,,,,,0,0,0,0,0,WR,CampPa00
95,Dak Prescott,76.8,29,2,0,0,0,Sun,1,1,2022-09-11,29-044,DAL,,TAM,L 3-19,2,11,5.5,0,1,50.0,0,0,0,,0,,,0,,53,76.8,0,0.0,0,0.0,0,0,0,,0,0,,0,0,0,14,29,15,48.3,134,0,1,0,0.0,3.4,47.2,2,13,6.45,4.6,3.07,2.45,9.6,32.3,0,0,0,0,0,QB,PresDa01
96,Kenny Golladay,76.7,0,0,2,0,0,Sun,1,1,2022-09-11,28-312,NYG,@,TEN,W 21-20,0,0,,0,0,,2,2,22,11.0,0,100.0,11.0,1,100.0,46,76.7,0,0.0,0,0.0,0,0,0,,0,0,,0,0,0,0,0,0,,0,0,0,0,,,,0,0,,,,,,,0,0,0,0,0,WR,GollKe00
97,Jonathan Taylor,76.1,0,31,7,0,0,Sun,1,1,2022-09-11,23-235,IND,@,HOU,T 20-20 (OT),31,161,5.2,1,9,64.5,7,4,14,3.5,0,57.1,2.0,0,0.0,70,76.1,0,0.0,0,0.0,1,0,0,,0,0,,0,0,6,0,0,0,,0,0,0,0,,,,0,0,,,,,,,0,0,0,0,0,RB,TaylJo02
98,Equanimeous St. Brown,75.9,0,0,3,0,0,Sun,1,1,2022-09-11,25-346,CHI,,SFO,W 19-10,0,0,,0,0,,3,1,18,18.0,1,33.3,6.0,1,33.3,44,75.9,0,0.0,0,0.0,1,0,0,,0,0,,0,0,6,0,0,0,,0,0,0,0,,,,0,0,,,,,,,0,0,0,0,0,WR,St.BEq00
99,Leonard Fournette,75.8,0,21,2,0,0,Sun,1,1,2022-09-11,27-236,TAM,@,DAL,W 19-3,21,127,6.0,0,6,57.1,2,2,10,5.0,0,100.0,5.0,0,50.0,47,75.8,0,0.0,0,0.0,0,0,0,,0,0,,0,0,0,0,0,0,,0,0,0,0,,,,0,0,,,,,,,0,0,0,0,0,RB,FourLe00
100,Hayden Hurst,75.0,0,0,8,0,0,Sun,1,1,2022-09-11,29-018,CIN,,PIT,L 20-23 (OT),0,0,,0,0,,8,5,46,9.2,0,62.5,5.8,3,50.0,75,75.0,0,0.0,4,12.5,0,0,0,,0,0,,0,0,0,0,0,0,,0,0,0,0,,,,0,0,,,,,,,0,0,0,0,0,TE,HursHa00
101,Josh Palmer,74.6,0,1,4,0,0,Sun,1,1,2022-09-11,22-354,LAC,,LVR,W 24-19,1,4,4.0,0,1,100.0,4,3,5,1.7,0,75.0,1.3,0,25.0,50,74.6,0,0.0,1,4.2,0,0,0,,0,0,,0,0,0,0,0,0,,0,0,0,0,,,,0,0,,,,,,,0,0,0,0,0,WR,PalmJo00
102,A.J. Green,73.8,0,0,4,0,0,Sun,1,1,2022-09-11,34-042,ARI,,KAN,L 21-44,0,0,,0,0,,4,2,13,6.5,0,50.0,3.3,1,25.0,48,73.8,0,0.0,0,0.0,0,0,0,,0,0,,0,0,0,0,0,0,,0,0,0,0,,,,0,0,,,,,,,0,0,0,0,0,WR,GreeA.00
103,Juwan Johnson,73.8,0,0,5,0,0,Sun,1,1,2022-09-11,25-363,NOR,@,ATL,W 27-26,0,0,,0,0,,5,2,43,21.5,0,40.0,8.6,1,40.0,45,73.8,0,0.0,16,50.0,0,0,0,,0,0,,0,0,0,0,0,0,,0,0,0,0,,,,0,0,,,,,,,0,0,0,0,0,TE,JohnJu02
104,Chris Olave,73.8,0,0,3,1,0,Sun,1,1,2022-09-11,22-076,NOR,@,ATL,W 27-26,0,0,,0,0,,3,3,41,13.7,0,100.0,13.7,2,66.7,45,73.8,0,0.0,0,0.0,0,0,0,,0,0,,1,0,2,0,0,0,,0,0,0,0,,,,0,0,,,,,,,0,0,0,0,0,WR,OlavCh00
105,Joe Mixon,73.0,0,27,9,0,0,Sun,1,1,2022-09-11,26-049,CIN,,PIT,L 20-23 (OT),27,82,3.0,0,2,25.9,9,7,63,9.0,0,77.8,7.0,3,66.7,73,73.0,0,0.0,0,0.0,0,0,0,,0,0,,0,0,0,0,0,0,,0,0,0,0,,,,0,0,,,,,,,0,0,0,0,0,RB,MixoJo00
106,Marquez Valdes-Scantling,72.9,0,1,4,0,0,Sun,1,1,2022-09-11,27-336,KAN,@,ARI,W 44-21,1,-3,-3.0,0,0,0.0,4,4,44,11.0,0,100.0,11.0,3,100.0,51,72.9,0,0.0,0,0.0,0,0,0,,0,0,,0,0,0,0,0,0,,0,0,0,0,,,,0,0,,,,,,,0,0,0,0,0,WR,ValdMa00
107,Mike Evans,72.6,0,0,7,0,0,Sun,1,1,2022-09-11,29-021,TAM,@,DAL,W 19-3,0,0,,0,0,,7,5,71,14.2,1,71.4,10.1,5,71.4,45,72.6,0,0.0,0,0.0,1,0,0,,0,0,,0,0,6,0,0,0,,0,0,0,0,,,,0,0,,,,,,,0,0,0,0,0,WR,EvanMi00
108,James Conner,72.3,0,10,6,0,1,Sun,1,1,2022-09-11,27-129,ARI,,KAN,L 21-44,10,26,2.6,1,3,50.0,6,5,29,5.8,0,83.3,4.8,3,66.7,47,72.3,0,0.0,0,0.0,1,0,0,,0,0,,0,0,6,0,0,0,,0,0,0,0,,,,0,0,,,,,,,1,1,0,0,0,RB,ConnJa00
109,Jarvis Landry,72.1,0,0,9,0,0,Sun,1,1,2022-09-11,29-287,NOR,@,ATL,W 27-26,0,0,,0,0,,9,7,114,16.3,0,77.8,12.7,4,77.8,44,72.1,0,0.0,0,0.0,0,0,0,,0,0,,0,0,0,0,0,0,,0,0,0,0,,,,0,0,,,,,,,0,0,0,0,0,WR,LandJa00
110,Drake London,72.0,0,0,7,0,0,Sun,1,1,2022-09-11,21-049,ATL,,NOR,L 26-27,0,0,,0,0,,7,5,74,14.8,0,71.4,10.6,3,71.4,54,72.0,0,0.0,0,0.0,0,0,0,,0,0,,0,0,0,0,0,0,,0,0,0,0,,,,0,0,,,,,,,0,0,0,0,0,WR,LondDr00
111,Sterling Shepard,71.7,0,0,4,0,0,Sun,1,1,2022-09-11,29-213,NYG,@,TEN,W 21-20,0,0,,0,0,,4,2,71,35.5,1,50.0,17.8,1,25.0,43,71.7,0,0.0,0,0.0,1,0,0,,0,0,,0,0,6,0,0,0,,0,0,0,0,,,,0,0,,,,,,,0,0,0,0,0,WR,ShepSt00
112,Rex Burkhead,71.4,0,14,8,0,0,Sun,1,1,2022-09-11,32-071,HOU,,IND,T 20-20 (OT),14,40,2.9,0,1,50.0,8,5,30,6.0,0,62.5,3.8,1,50.0,50,71.4,0,0.0,0,0.0,0,0,0,,0,0,,0,0,0,0,0,0,,0,0,0,0,,,,0,0,,,,,,,0,0,0,0,0,RB,BurkRe00
113,Evan Engram,71.4,0,0,4,0,0,Sun,1,1,2022-09-11,28-009,JAX,@,WAS,L 22-28,0,0,,0,0,,4,4,28,7.0,0,100.0,7.0,1,50.0,50,71.4,0,0.0,0,0.0,0,0,0,,0,0,,0,0,0,0,0,0,,0,0,0,0,,,,0,0,,,,,,,0,0,0,0,0,TE,EngrEv00
114,George Pickens,71.4,0,0,3,0,0,Sun,1,1,2022-09-11,21-191,PIT,@,CIN,W 23-20 (OT),0,0,,0,,,3,1,3,3.0,0,33.3,1.0,,0.0,45,71.4,0,0.0,0,0.0,0,0,0,,0,0,,0,0,0,0,0,0,,0,0,0,0,,,,0,0,,,,,,,0,0,0,0,0,WR,PickGe00
115,Curtis Samuel,71.4,0,4,11,0,1,Sun,1,1,2022-09-11,26-031,WAS,,JAX,W 28-22,4,17,4.3,0,1,25.0,11,8,55,6.9,1,72.7,5.0,5,45.5,55,71.4,0,0.0,0,0.0,1,0,0,,0,0,,0,0,6,0,0,0,,0,0,0,0,,,,0,0,,,,,,,1,0,0,0,0,WR,SamuCu00
116,Robert Woods,70.8,0,0,2,0,0,Sun,1,1,2022-09-11,30-154,TEN,,NYG,L 20-21,0,0,,0,0,,2,1,13,13.0,0,50.0,6.5,1,50.0,46,70.8,0,0.0,0,0.0,0,0,0,,0,0,,0,0,0,0,0,0,,0,0,0,0,,,,0,0,,,,,,,0,0,0,0,0,WR,WoodRo02
117,Richie James,70.0,0,1,6,0,0,Sun,1,1,2022-09-11,27-006,NYG,@,TEN,W 21-20,1,2,2.0,0,0,0.0,6,5,59,11.8,0,83.3,9.8,3,50.0,42,70.0,0,0.0,6,21.4,0,0,0,,0,0,,0,0,0,0,0,0,,0,0,0,0,,,,0,0,,,,,,,0,0,0,0,0,WR,JameRi00
118,Geoff Swaim,69.2,0,0,4,0,0,Sun,1,1,2022-09-11,28-360,TEN,,NYG,L 20-21,0,0,,0,0,,4,3,19,6.3,0,75.0,4.8,1,50.0,45,69.2,0,0.0,13,46.4,0,0,0,,0,0,,0,0,0,0,0,0,,0,0,0,0,,,,0,0,,,,,,,0,0,0,0,0,TE,SwaiGe00
119,Rashaad Penny,69.1,0,12,3,0,1,Mon,1,1,2022-09-12,26-222,SEA,,DEN,W 17-16,12,60,5.0,0,2,41.7,3,2,7,3.5,0,66.7,2.3,1,66.7,38,69.1,0,0.0,0,0.0,0,0,0,,0,0,,0,0,0,0,0,0,,0,0,0,0,,,,0,0,,,,,,,1,0,0,0,0,RB,PennRa00
120,Mike Thomas,69.0,0,0,5,1,0,Sun,1,1,2022-09-11,28-026,CIN,,PIT,L 20-23 (OT),0,0,,0,,,5,1,5,5.0,0,20.0,1.0,,0.0,69,69.0,0,0.0,6,18.8,0,0,0,,0,0,,1,0,2,0,0,0,,0,0,0,0,,,,0,0,,,,,,,0,0,0,0,0,WR,ThomMi04
121,Jonnu Smith,68.4,0,0,4,0,0,Sun,1,1,2022-09-11,27-020,NWE,@,MIA,L 7-20,0,0,,0,0,,4,3,33,11.0,0,75.0,8.3,2,75.0,39,68.4,0,0.0,4,21.1,0,0,0,,0,0,,0,0,0,0,0,0,,0,0,0,0,,,,0,0,,,,,,,0,0,0,0,0,TE,SmitJo01
122,Corey Davis,67.9,0,0,10,0,0,Sun,1,1,2022-09-11,27-243,NYJ,,BAL,L 9-24,0,0,,0,0,,10,6,77,12.8,0,60.0,7.7,5,60.0,57,67.9,0,0.0,0,0.0,0,0,0,,0,0,,0,0,0,0,0,0,,0,0,0,0,,,,0,0,,,,,,,0,0,0,0,0,WR,DaviCo03
123,Cameron Brate,67.7,0,0,3,0,0,Sun,1,1,2022-09-11,31-070,TAM,@,DAL,W 19-3,0,0,,0,0,,3,1,7,7.0,0,33.3,2.3,1,33.3,42,67.7,0,0.0,0,0.0,0,0,0,,0,0,,0,0,0,0,0,0,,0,0,0,0,,,,0,0,,,,,,,0,0,0,0,0,TE,BratCa00
124,K.J. Osborn,67.7,0,0,4,0,0,Sun,1,1,2022-09-11,25-093,MIN,,GNB,W 23-7,0,0,,0,,,4,3,14,4.7,0,75.0,3.5,,25.0,42,67.7,0,0.0,0,0.0,0,0,0,,0,0,,0,0,0,0,0,0,,0,0,0,0,,,,0,0,,,,,,,0,0,0,0,0,WR,OsboKJ00
125,Derrick Henry,67.7,0,21,1,0,1,Sun,1,1,2022-09-11,28-250,TEN,,NYG,L 20-21,21,82,3.9,0,1,47.6,1,0,0,,0,0.0,0.0,0,0.0,44,67.7,0,0.0,0,0.0,0,0,0,,0,0,,0,0,0,0,0,0,,0,0,0,0,,,,0,0,,,,,,,1,1,0,0,0,RB,HenrDe00
126,Nick Westbrook-Ikhine,67.7,0,0,2,0,0,Sun,1,1,2022-09-11,25-174,TEN,,NYG,L 20-21,0,0,,0,0,,2,1,13,13.0,0,50.0,6.5,1,50.0,44,67.7,0,0.0,1,3.6,0,0,0,,0,0,,0,0,0,0,0,0,,0,0,0,0,,,,0,0,,,,,,,0,0,0,0,0,WR,WestNi00
127,Will Dissly,67.3,0,0,3,0,0,Mon,1,1,2022-09-12,26-066,SEA,,DEN,W 17-16,0,0,,0,0,,3,3,43,14.3,1,100.0,14.3,1,33.3,37,67.3,0,0.0,7,36.8,1,0,0,,0,0,,0,0,6,0,0,0,,0,0,0,0,,,,0,0,,,,,,,0,0,0,0,0,TE,DissWi00
128,Sammy Watkins,67.2,0,0,3,0,0,Sun,1,1,2022-09-11,29-089,GNB,@,MIN,L 7-23,0,0,,0,0,,3,3,18,6.0,0,100.0,6.0,2,100.0,41,67.2,0,0.0,0,0.0,0,0,0,,0,0,,0,0,0,0,0,0,,0,0,0,0,,,,0,0,,,,,,,0,0,0,0,0,WR,WatkSa00
129,Nico Collins,67.1,0,0,3,0,0,Sun,1,1,2022-09-11,23-176,HOU,,IND,T 20-20 (OT),0,0,,0,0,,3,2,26,13.0,0,66.7,8.7,1,33.3,47,67.1,0,0.0,0,0.0,0,0,0,,0,0,,0,0,0,0,0,0,,0,0,0,0,,,,0,0,,,,,,,0,0,0,0,0,WR,CollNi00
130,Tyreek Hill,66.7,0,1,12,0,1,Sun,1,1,2022-09-11,28-194,MIA,,NWE,W 20-7,1,6,6.0,0,0,100.0,12,8,94,11.8,0,66.7,7.8,5,58.3,40,66.7,0,0.0,0,0.0,0,0,0,,0,0,,0,0,0,0,0,0,,0,0,0,0,,,,0,0,,,,,,,1,0,0,0,0,WR,HillTy00
131,Albert Okwuegbunam,66.7,0,0,6,0,0,Mon,1,1,2022-09-12,24-140,DEN,@,SEA,L 16-17,0,0,,0,0,,6,5,33,6.6,0,83.3,5.5,2,83.3,44,66.7,0,0.0,0,0.0,0,0,0,,0,0,,0,0,0,0,0,0,,0,0,0,0,,,,0,0,,,,,,,0,0,0,0,0,TE,OkwuAl00
132,D'Andre Swift,66.7,0,15,3,0,0,Sun,1,1,2022-09-11,23-240,DET,,PHI,L 35-38,15,144,9.6,1,5,53.3,3,3,31,10.3,0,100.0,10.3,2,66.7,46,66.7,0,0.0,0,0.0,1,0,0,,0,0,,0,0,6,0,0,0,,0,0,0,0,,,,0,0,,,,,,,0,0,0,0,0,RB,SwifDA00
133,Jaylen Waddle,66.7,0,1,5,0,0,Sun,1,1,2022-09-11,23-290,MIA,,NWE,W 20-7,1,8,8.0,0,0,100.0,5,4,69,17.3,1,80.0,13.8,3,80.0,40,66.7,0,0.0,0,0.0,1,0,0,,0,0,,0,0,6,0,0,0,,0,0,0,0,,,,0,0,,,,,,,0,0,0,0,0,WR,WaddJa00
134,Rashod Bateman,66.1,0,0,5,0,0,Sun,1,1,2022-09-11,22-286,BAL,@,NYJ,W 24-9,0,0,,0,0,,5,2,59,29.5,1,40.0,11.8,1,40.0,37,66.1,0,0.0,1,3.7,1,0,0,,0,0,,0,0,6,0,0,0,,0,0,0,0,,,,0,0,,,,,,,0,0,0,0,0,WR,BateRa00
135,Ian Thomas,66.0,0,0,3,0,0,Sun,1,1,2022-09-11,26-097,CAR,,CLE,L 24-26,0,0,,0,0,,3,2,53,26.5,0,66.7,17.7,2,66.7,35,66.0,0,0.0,12,37.5,0,0,0,,0,0,,0,0,0,0,0,0,,0,0,0,0,,,,0,0,,,,,,,0,0,0,0,0,TE,ThomIa00
136,Pharaoh Brown,65.7,0,0,1,0,0,Sun,1,1,2022-09-11,28-130,HOU,,IND,T 20-20 (OT),0,0,,0,0,,1,1,17,17.0,0,100.0,17.0,1,100.0,46,65.7,0,0.0,4,12.5,0,0,0,,0,0,,0,0,0,0,0,0,,0,0,0,0,,,,0,0,,,,,,,0,0,0,0,0,TE,BrowPh01
137,JuJu Smith-Schuster,65.7,0,0,8,0,2,Sun,1,1,2022-09-11,25-293,KAN,@,ARI,W 44-21,0,0,,0,0,,8,6,79,13.2,0,75.0,9.9,3,75.0,46,65.7,0,0.0,0,0.0,0,0,0,,0,0,,0,0,0,0,0,0,,0,0,0,0,,,,0,0,,,,,,,2,0,0,0,0,WR,SmitJu00
138,Gerald Everett,65.7,0,0,4,0,0,Sun,1,1,2022-09-11,28-078,LAC,,LVR,W 24-19,0,0,,0,0,,4,3,54,18.0,1,75.0,13.5,2,75.0,44,65.7,0,0.0,0,0.0,1,0,0,,0,0,,0,0,6,0,0,0,,0,0,0,0,,,,0,0,,,,,,,0,0,0,0,0,TE,EverGe00
139,Christian Watson,65.6,0,1,4,0,0,Sun,1,1,2022-09-11,23-122,GNB,@,MIN,L 7-23,1,7,7.0,0,0,100.0,4,2,34,17.0,0,50.0,8.5,1,50.0,40,65.6,0,0.0,1,4.3,0,0,0,,0,0,,0,0,0,0,0,0,,0,0,0,0,,,,0,0,,,,,,,0,0,0,0,0,WR,WatsCh00
140,David Montgomery,65.5,0,17,4,0,0,Sun,1,1,2022-09-11,25-096,CHI,,SFO,W 19-10,17,26,1.5,0,0,11.8,4,3,24,8.0,0,75.0,6.0,1,25.0,38,65.5,0,0.0,0,0.0,0,0,0,,0,0,,0,0,0,0,0,0,,0,0,0,0,,,,0,0,,,,,,,0,0,0,0,0,RB,MontDa01
141,Cordarrelle Patterson,65.3,0,22,5,0,0,Sun,1,1,2022-09-11,31-178,ATL,,NOR,L 26-27,22,120,5.5,1,10,72.7,5,3,16,5.3,0,60.0,3.2,1,40.0,49,65.3,0,0.0,5,15.6,1,0,0,,0,0,,0,0,6,0,0,0,,0,0,0,0,,,,0,0,,,,,,,0,0,0,0,0,RB,PattCo00
142,Johnny Mundt,64.5,0,0,3,0,0,Sun,1,1,2022-09-11,27-292,MIN,,GNB,W 23-7,0,0,,0,0,,3,3,17,5.7,0,100.0,5.7,1,66.7,40,64.5,0,0.0,5,21.7,0,0,0,,0,0,,0,0,0,0,0,0,,0,0,0,0,,,,0,0,,,,,,,0,0,0,0,0,TE,MundJo00
143,Stefon Diggs,64.4,0,0,9,0,0,Thu,1,1,2022-09-08,28-283,BUF,@,LAR,W 31-10,0,0,,0,0,,9,8,122,15.3,1,88.9,13.6,5,77.8,38,64.4,0,0.0,0,0.0,1,0,0,,0,0,,0,0,6,0,0,0,,0,0,0,0,,,,0,0,,,,,,,0,0,0,0,0,WR,DiggSt00
144,Travis Kelce,64.3,0,0,9,0,0,Sun,1,1,2022-09-11,32-341,KAN,@,ARI,W 44-21,0,0,,0,0,,9,8,121,15.1,1,88.9,13.4,7,88.9,45,64.3,0,0.0,0,0.0,1,0,0,,0,0,,0,0,6,0,0,0,,0,0,0,0,,,,0,0,,,,,,,0,0,0,0,0,TE,KelcTr00
145,Patrick Ricard,64.3,0,0,1,0,0,Sun,1,1,2022-09-11,28-107,BAL,@,NYJ,W 24-9,0,0,,0,,,1,1,7,7.0,0,100.0,7.0,,100.0,36,64.3,0,0.0,2,7.4,0,0,0,,0,0,,0,0,0,0,0,0,,0,0,0,0,,,,0,0,,,,,,,0,0,0,0,0,FB,RicaPa00
146,Parker Hesse,64.0,0,0,2,0,0,Sun,1,1,2022-09-11,27-108,ATL,,NOR,L 26-27,0,0,,0,0,,2,1,5,5.0,0,50.0,2.5,1,50.0,48,64.0,0,0.0,13,40.6,0,0,0,,0,0,,0,0,0,0,0,0,,0,0,0,0,,,,0,0,,,,,,,0,0,0,0,0,TE,HessPa00
147,Antonio Gibson,63.6,0,14,8,0,0,Sun,1,1,2022-09-11,24-080,WAS,,JAX,W 28-22,14,58,4.1,0,5,57.1,8,7,72,10.3,0,87.5,9.0,3,75.0,49,63.6,0,0.0,0,0.0,0,0,0,,0,0,,0,0,0,0,0,0,,0,0,0,0,,,,0,0,,,,,,,0,0,0,0,0,RB,GibsAn00
148,Chase Edmonds,63.3,0,12,4,0,0,Sun,1,1,2022-09-11,26-151,MIA,,NWE,W 20-7,12,25,2.1,0,0,41.7,4,4,40,10.0,0,100.0,10.0,3,75.0,38,63.3,0,0.0,0,0.0,0,0,0,,0,0,,0,0,0,0,0,0,,0,0,0,0,,,,0,0,,,,,,,0,0,0,0,0,RB,EdmoCh00
149,Durham Smythe,63.3,0,0,2,0,0,Sun,1,1,2022-09-11,27-033,MIA,,NWE,W 20-7,0,0,,0,0,,2,1,14,14.0,0,50.0,7.0,1,50.0,38,63.3,0,0.0,14,73.7,0,0,0,,0,0,,0,0,0,0,0,0,,0,0,0,0,,,,0,0,,,,,,,0,0,0,0,0,TE,SmytDu00
150,Logan Thomas,62.3,0,0,6,0,0,Sun,1,1,2022-09-11,31-072,WAS,,JAX,W 28-22,0,0,,0,0,,6,3,45,15.0,0,50.0,7.5,2,50.0,48,62.3,0,0.0,0,0.0,0,0,0,,0,0,,0,0,0,0,0,0,,0,0,0,0,,,,0,0,,,,,,,0,0,0,0,0,TE,ThomLo00
151,Alvin Kamara,62.3,0,9,4,0,0,Sun,1,1,2022-09-11,27-048,NOR,@,ATL,W 27-26,9,39,4.3,0,1,44.4,4,3,7,2.3,0,75.0,1.8,1,25.0,38,62.3,0,0.0,0,0.0,0,0,0,,0,0,,0,0,0,0,0,0,,0,0,0,0,,,,0,0,,,,,,,0,0,0,0,0,RB,KamaAl00
152,Austin Hooper,61.5,0,0,2,0,0,Sun,1,1,2022-09-11,27-317,TEN,,NYG,L 20-21,0,0,,0,,,2,1,6,6.0,0,50.0,3.0,,50.0,40,61.5,0,0.0,0,0.0,0,0,0,,0,0,,0,0,0,0,0,0,,0,0,0,0,,,,0,0,,,,,,,0,0,0,0,0,TE,HoopAu00
153,Randall Cobb,60.7,0,0,3,0,0,Sun,1,1,2022-09-11,32-020,GNB,@,MIN,L 7-23,0,0,,0,0,,3,2,14,7.0,0,66.7,4.7,2,66.7,37,60.7,0,0.0,0,0.0,0,0,0,,0,0,,0,0,0,0,0,0,,0,0,0,0,,,,0,0,,,,,,,0,0,0,0,0,WR,CobbRa00
154,Aaron Jones,60.7,0,5,5,0,0,Sun,1,1,2022-09-11,27-283,GNB,@,MIN,L 7-23,5,49,9.8,0,3,60.0,5,3,27,9.0,0,60.0,5.4,1,40.0,37,60.7,0,0.0,0,0.0,0,0,0,,0,0,,0,0,0,0,0,0,,0,0,0,0,,,,0,0,,,,,,,0,0,0,0,0,RB,JoneAa00
155,Michael Thomas,60.7,0,0,8,0,0,Sun,1,1,2022-09-11,29-192,NOR,@,ATL,W 27-26,0,0,,0,0,,8,5,57,11.4,2,62.5,7.1,4,62.5,37,60.7,0,0.0,0,0.0,2,0,0,,0,0,,0,0,12,0,0,0,,0,0,0,0,,,,0,0,,,,,,,0,0,0,0,0,WR,ThomMi05
156,KJ Hamler,60.6,0,0,1,0,0,Mon,1,1,2022-09-12,23-066,DEN,@,SEA,L 16-17,0,0,,0,,,1,0,0,,0,0.0,0.0,,0.0,40,60.6,0,0.0,0,0.0,0,0,0,,0,0,,0,0,0,0,0,0,,0,0,0,0,,,,0,0,,,,,,,0,0,0,0,0,WR,HamlKJ00
157,Josh Jacobs,60.3,0,10,1,0,0,Sun,1,1,2022-09-11,24-212,LVR,@,LAC,L 19-24,10,57,5.7,0,1,70.0,1,1,16,16.0,0,100.0,16.0,1,100.0,35,60.3,0,0.0,0,0.0,0,0,0,,0,0,,0,0,0,0,0,0,,0,0,0,0,,,,0,0,,,,,,,0,0,0,0,0,RB,JacoJo01
158,Jauan Jennings,60.3,0,0,6,0,0,Sun,1,1,2022-09-11,25-063,SFO,@,CHI,L 10-19,0,0,,0,0,,6,4,62,15.5,0,66.7,10.3,2,50.0,41,60.3,0,0.0,6,25.0,0,0,0,,0,0,,0,0,0,0,0,0,,0,0,0,0,,,,0,0,,,,,,,0,0,0,0,0,WR,JennJa00
159,Zach Ertz,60.0,0,0,4,1,0,Sun,1,1,2022-09-11,31-305,ARI,,KAN,L 21-44,0,0,,0,0,,4,2,14,7.0,1,50.0,3.5,1,50.0,39,60.0,0,0.0,0,0.0,1,0,0,,0,0,,1,0,8,0,0,0,,0,0,0,0,,,,0,0,,,,,,,0,0,0,0,0,TE,ErtzZa00
160,Brevin Jordan,60.0,0,0,2,0,0,Sun,1,1,2022-09-11,22-057,HOU,,IND,T 20-20 (OT),0,0,,0,0,,2,1,5,5.0,0,50.0,2.5,1,50.0,42,60.0,0,0.0,6,18.8,0,0,0,,0,0,,0,0,0,0,0,0,,0,0,0,0,,,,0,0,,,,,,,0,0,0,0,0,TE,JordBr00
161,Olamide Zaccheaus,60.0,0,0,4,0,1,Sun,1,1,2022-09-11,25-050,ATL,,NOR,L 26-27,0,0,,0,0,,4,4,49,12.3,0,100.0,12.3,1,75.0,45,60.0,0,0.0,1,3.1,0,0,0,,0,0,,0,0,0,0,0,0,,0,0,0,0,,,,0,0,,,,,,,1,0,0,0,0,WR,ZaccOl01
162,Tre' McKitty,59.7,0,0,4,0,1,Sun,1,1,2022-09-11,23-242,LAC,,LVR,W 24-19,0,0,,0,,,4,3,24,8.0,0,75.0,6.0,,50.0,40,59.7,0,0.0,10,41.7,0,0,0,,0,0,,0,0,0,0,0,0,,0,0,0,0,,,,0,0,,,,,,,1,0,0,0,0,TE,McKiTr00
163,Michael Carter,59.5,0,10,9,0,0,Sun,1,1,2022-09-11,23-127,NYJ,,BAL,L 9-24,10,60,6.0,0,2,40.0,9,7,40,5.7,0,77.8,4.4,3,55.6,50,59.5,0,0.0,0,0.0,0,0,0,,0,0,,0,0,0,0,0,0,,0,0,0,0,,,,0,0,,,,,,,0,0,0,0,0,RB,CartMi03
164,Devin Singletary,59.3,0,8,2,0,0,Thu,1,1,2022-09-08,25-005,BUF,@,LAR,W 31-10,8,48,6.0,0,2,62.5,2,2,14,7.0,0,100.0,7.0,2,100.0,35,59.3,0,0.0,0,0.0,0,0,0,,0,0,,0,0,0,0,0,0,,0,0,0,0,,,,0,0,,,,,,,0,0,0,0,0,RB,SingDe00
165,Kenyan Drake,58.9,0,11,1,0,0,Sun,1,1,2022-09-11,28-228,BAL,@,NYJ,W 24-9,11,31,2.8,0,1,36.4,1,1,15,15.0,0,100.0,15.0,1,100.0,33,58.9,0,0.0,0,0.0,0,0,0,,0,0,,0,0,0,0,0,0,,0,0,0,0,,,,0,0,,,,,,,0,0,0,0,0,RB,DrakKe00
166,Jeff Wilson,58.8,0,9,2,0,0,Sun,1,1,2022-09-11,26-299,SFO,@,CHI,L 10-19,9,22,2.4,0,,33.3,2,2,8,4.0,0,100.0,4.0,,0.0,40,58.8,0,0.0,2,8.3,0,0,0,,0,0,,0,0,0,0,0,0,,0,0,0,0,,,,0,0,,,,,,,0,0,0,0,0,RB,WilsJe01
167,Najee Harris,58.7,0,10,2,0,0,Sun,1,1,2022-09-11,24-186,PIT,@,CIN,W 23-20 (OT),10,23,2.3,0,1,30.0,2,2,3,1.5,1,100.0,1.5,1,50.0,37,58.7,0,0.0,0,0.0,1,0,0,,0,0,,0,0,6,0,0,0,,0,0,0,0,,,,0,0,,,,,,,0,0,0,0,0,RB,HarrNa00
168,Ezekiel Elliott,58.0,0,10,2,0,0,Sun,1,1,2022-09-11,27-051,DAL,,TAM,L 3-19,10,52,5.2,0,3,60.0,2,1,-3,-3.0,0,50.0,-1.5,0,0.0,40,58.0,0,0.0,0,0.0,0,0,0,,0,0,,0,0,0,0,0,0,,0,0,0,0,,,,0,0,,,,,,,0,0,0,0,0,RB,ElliEz00
169,Nelson Agholor,57.9,0,0,5,0,1,Sun,1,1,2022-09-11,29-110,NWE,@,MIA,L 7-20,0,0,,0,0,,5,3,28,9.3,0,60.0,5.6,1,40.0,33,57.9,0,0.0,0,0.0,0,0,0,,0,0,,0,0,0,0,0,0,,0,0,0,0,,,,0,0,,,,,,,1,0,0,0,0,WR,AghoNe00
170,Javonte Williams,57.6,0,7,12,0,1,Mon,1,1,2022-09-12,22-140,DEN,@,SEA,L 16-17,7,43,6.1,0,3,57.1,12,11,65,5.9,0,91.7,5.4,3,50.0,38,57.6,0,0.0,0,0.0,0,0,0,,0,0,,0,0,0,0,0,0,,0,0,0,0,,,,0,0,,,,,,,1,0,0,0,0,RB,WillJa10
171,Romeo Doubs,57.4,0,1,5,0,0,Sun,1,1,2022-09-11,22-151,GNB,@,MIN,L 7-23,1,11,11.0,0,1,100.0,5,4,37,9.3,0,80.0,7.4,1,40.0,35,57.4,0,0.0,0,0.0,0,0,0,,0,0,,0,0,0,0,0,0,,0,0,0,0,,,,0,0,,,,,,,0,0,0,0,0,WR,DoubRo00
172,Dennis Houston,56.5,0,0,5,0,0,Sun,1,1,2022-09-11,23-140,DAL,,TAM,L 3-19,0,0,,0,,,5,2,16,8.0,0,40.0,3.2,,20.0,39,56.5,0,0.0,9,37.5,0,0,0,,0,0,,0,0,0,0,0,0,,0,0,0,0,,,,0,0,,,,,,,0,0,0,0,0,WR,HousDe01
173,Noah Fant,56.4,0,0,4,0,0,Mon,1,1,2022-09-12,24-296,SEA,,DEN,W 17-16,0,0,,0,0,,4,3,16,5.3,0,75.0,4.0,1,25.0,31,56.4,0,0.0,0,0.0,0,0,0,,0,0,,0,0,0,0,0,0,,0,0,0,0,,,,0,0,,,,,,,0,0,0,0,0,TE,FantNo00
174,Kareem Hunt,56.3,0,11,4,0,0,Sun,1,1,2022-09-11,27-036,CLE,@,CAR,W 26-24,11,46,4.2,1,3,45.5,4,4,24,6.0,1,100.0,6.0,2,50.0,45,56.3,0,0.0,0,0.0,2,0,0,,0,0,,0,0,12,0,0,0,,0,0,0,0,,,,0,0,,,,,,,0,0,0,0,0,RB,HuntKa00
175,Mecole Hardman,55.7,0,0,6,0,0,Sun,1,1,2022-09-11,24-183,KAN,@,ARI,W 44-21,0,0,,0,0,,6,3,16,5.3,1,50.0,2.7,2,50.0,39,55.7,0,0.0,1,3.7,1,0,0,,0,0,,0,0,6,0,0,0,,0,0,0,0,,,,0,0,,,,,,,0,0,0,0,0,WR,HardMe00
176,Kylen Granson,55.4,0,0,7,0,0,Sun,1,1,2022-09-11,24-168,IND,@,HOU,T 20-20 (OT),0,0,,0,0,,7,3,22,7.3,0,42.9,3.1,1,28.6,51,55.4,0,0.0,9,28.1,0,0,0,,0,0,,0,0,0,0,0,0,,0,0,0,0,,,,0,0,,,,,,,0,0,0,0,0,TE,GranKy00
177,Tony Pollard,55.1,0,6,2,0,0,Sun,1,1,2022-09-11,25-134,DAL,,TAM,L 3-19,6,8,1.3,0,,33.3,2,2,14,7.0,0,100.0,7.0,,0.0,38,55.1,0,0.0,2,8.3,0,0,0,,0,0,,0,0,0,0,0,0,,0,0,0,0,,,,0,0,,,,,,,0,0,0,0,0,RB,PollTo00
178,John Bates,54.5,0,0,1,0,0,Sun,1,1,2022-09-11,24-309,WAS,,JAX,W 28-22,0,0,,0,,,1,0,0,,0,0.0,0.0,,0.0,42,54.5,0,0.0,2,8.3,0,0,0,,0,0,,0,0,0,0,0,0,,0,0,0,0,,,,0,0,,,,,,,0,0,0,0,0,TE,BateJo00
179,Tyler Kroft,54.4,0,0,2,0,0,Sun,1,1,2022-09-11,29-331,SFO,@,CHI,L 10-19,0,0,,0,,,2,1,9,9.0,0,50.0,4.5,,50.0,37,54.4,0,0.0,2,8.3,0,0,0,,0,0,,0,0,0,0,0,0,,0,0,0,0,,,,0,0,,,,,,,0,0,0,0,0,TE,KrofTy00
180,Mo Alie-Cox,54.3,0,0,2,0,0,Sun,1,1,2022-09-11,28-357,IND,@,HOU,T 20-20 (OT),0,0,,0,0,,2,2,26,13.0,0,100.0,13.0,2,100.0,50,54.3,0,0.0,5,15.6,0,0,0,,0,0,,0,0,0,0,0,0,,0,0,0,0,,,,0,0,,,,,,,0,0,0,0,0,TE,AlieMo00
181,Ryan Griffin,53.4,0,0,2,0,0,Sun,1,1,2022-09-11,32-243,CHI,,SFO,W 19-10,0,0,,0,,,2,0,0,,0,0.0,0.0,,0.0,31,53.4,0,0.0,13,54.2,0,0,0,,0,0,,0,0,0,0,0,0,,0,0,0,0,,,,0,0,,,,,,,0,0,0,0,0,TE,GrifRy00
182,Quez Watkins,53.2,0,0,0,0,0,Sun,1,1,2022-09-11,24-094,PHI,@,DET,W 38-35,0,0,,0,,,0,0,0,,0,,,,,41,53.2,0,0.0,6,19.4,0,0,0,,0,0,,0,0,0,0,0,0,,0,0,0,0,,,,0,0,,,,,,,0,0,0,0,0,WR,WatkQu00
183,Noah Gray,52.9,0,0,2,0,0,Sun,1,1,2022-09-11,23-134,KAN,@,ARI,W 44-21,0,0,,0,0,,2,1,10,10.0,0,50.0,5.0,1,50.0,37,52.9,0,0.0,16,59.3,0,0,0,,0,0,,0,0,0,0,0,0,,0,0,0,0,,,,0,0,,,,,,,0,0,0,0,0,TE,GrayNo00
184,Nick Chubb,52.5,0,22,1,0,0,Sun,1,1,2022-09-11,26-258,CLE,@,CAR,W 26-24,22,141,6.4,0,6,59.1,1,1,2,2.0,0,100.0,2.0,0,0.0,42,52.5,0,0.0,0,0.0,0,0,0,,0,0,,0,0,0,0,0,0,,0,0,0,0,,,,0,0,,,,,,,0,0,0,0,0,RB,ChubNi00
185,Miles Sanders,51.9,0,13,2,0,0,Sun,1,1,2022-09-11,25-133,PHI,@,DET,W 38-35,13,96,7.4,1,4,69.2,2,2,9,4.5,0,100.0,4.5,0,50.0,40,51.9,0,0.0,0,0.0,1,0,0,,0,0,,0,0,6,0,0,0,,0,0,0,0,,,,0,0,,,,,,,0,0,0,0,0,RB,SandMi01
186,Devin Duvernay,51.8,0,0,4,0,0,Sun,1,1,2022-09-11,24-364,BAL,@,NYJ,W 24-9,0,0,,0,0,,4,4,54,13.5,2,100.0,13.5,2,100.0,29,51.8,0,0.0,9,33.3,2,0,0,,0,0,,0,0,12,0,0,0,,0,0,0,0,,,,0,0,,,,,,,0,0,0,0,0,WR,DuveDe00
187,Julio Jones,51.6,0,2,5,0,0,Sun,1,1,2022-09-11,33-220,TAM,@,DAL,W 19-3,2,17,8.5,0,2,100.0,5,3,69,23.0,0,60.0,13.8,2,60.0,32,51.6,0,0.0,0,0.0,0,0,0,,0,0,,0,0,0,0,0,0,,0,0,0,0,,,,0,0,,,,,,,0,0,0,0,0,WR,JoneJu02
188,Travis Etienne,51.4,0,4,4,0,1,Sun,1,1,2022-09-11,23-228,JAX,@,WAS,L 22-28,4,47,11.8,0,2,50.0,4,2,18,9.0,0,50.0,4.5,1,25.0,36,51.4,0,0.0,0,0.0,0,0,0,,0,0,,0,0,0,0,0,0,,0,0,0,0,,,,0,0,,,,,,,1,0,0,0,0,RB,EtieTr00
189,Alec Pierce,51.1,0,0,2,0,0,Sun,1,1,2022-09-11,22-132,IND,@,HOU,T 20-20 (OT),0,0,,0,,,2,0,0,,0,0.0,0.0,,0.0,47,51.1,0,0.0,0,0.0,0,0,0,,0,0,,0,0,0,0,0,0,,0,0,0,0,,,,0,0,,,,,,,0,0,0,0,0,WR,PierAl00
190,Marquise Goodwin,50.9,0,0,2,0,0,Mon,1,1,2022-09-12,31-297,SEA,,DEN,W 17-16,0,0,,0,0,,2,2,22,11.0,0,100.0,11.0,1,50.0,28,50.9,0,0.0,0,0.0,0,0,0,,0,0,,0,0,0,0,0,0,,0,0,0,0,,,,0,0,,,,,,,0,0,0,0,0,WR,GoodMa00
191,AJ Dillon,50.8,0,10,6,0,0,Sun,1,1,2022-09-11,24-132,GNB,@,MIN,L 7-23,10,45,4.5,1,4,60.0,6,5,46,9.2,0,83.3,7.7,2,66.7,31,50.8,0,0.0,0,0.0,1,0,0,,0,0,,0,0,6,0,0,0,,0,0,0,0,,,,0,0,,,,,,,0,0,0,0,0,RB,DillAJ00
192,Austin Ekeler,49.3,0,14,4,0,0,Sun,1,1,2022-09-11,27-117,LAC,,LVR,W 24-19,14,36,2.6,0,0,28.6,4,4,36,9.0,0,100.0,9.0,3,75.0,33,49.3,0,0.0,0,0.0,0,0,0,,0,0,,0,0,0,0,0,0,,0,0,0,0,,,,0,0,,,,,,,0,0,0,0,0,RB,EkelAu00
193,Garrett Wilson,48.8,0,0,8,0,0,Sun,1,1,2022-09-11,22-051,NYJ,,BAL,L 9-24,0,0,,0,0,,8,4,52,13.0,0,50.0,6.5,2,37.5,41,48.8,0,0.0,0,0.0,0,0,0,,0,0,,0,0,0,0,0,0,,0,0,0,0,,,,0,0,,,,,,,0,1,0,0,0,WR,WilsGa00
194,Chris Moore,48.6,0,0,3,0,0,Sun,1,1,2022-09-11,29-087,HOU,,IND,T 20-20 (OT),0,0,,0,0,,3,3,31,10.3,0,100.0,10.3,2,100.0,34,48.6,0,0.0,0,0.0,0,0,0,,0,0,,0,0,0,0,0,0,,0,0,0,0,,,,0,0,,,,,,,0,0,0,0,0,WR,MoorCh00
195,James Robinson,48.6,0,11,2,0,0,Sun,1,1,2022-09-11,24-033,JAX,@,WAS,L 22-28,11,66,6.0,1,3,36.4,2,1,3,3.0,1,50.0,1.5,1,50.0,34,48.6,0,0.0,0,0.0,2,0,0,,0,0,,0,0,12,0,0,0,,0,0,0,0,,,,0,0,,,,,,,0,0,0,0,0,RB,RobiJa00
196,Cade Otton,48.4,0,0,0,0,0,Sun,1,1,2022-09-11,23-149,TAM,@,DAL,W 19-3,0,0,,0,,,0,0,0,,0,,,,,30,48.4,0,0.0,12,50.0,0,0,0,,0,0,,0,0,0,0,0,0,,0,0,0,0,,,,0,0,,,,,,,0,0,0,0,0,TE,OttoCa00
197,Kyle Philips,47.7,0,0,9,0,1,Sun,1,1,2022-09-11,23-086,TEN,,NYG,L 20-21,0,0,,0,0,,9,6,66,11.0,0,66.7,7.3,3,55.6,31,47.7,0,0.0,6,21.4,0,0,0,,0,0,,0,0,0,0,0,0,,0,0,0,0,,,,0,0,,,,,,,1,0,0,0,0,WR,PhilKy01
198,Harrison Bryant,47.5,0,0,4,0,0,Sun,1,1,2022-09-11,24-141,CLE,@,CAR,W 26-24,0,0,,0,0,,4,2,18,9.0,0,50.0,4.5,1,50.0,38,47.5,0,0.0,10,31.3,0,0,0,,0,0,,0,0,0,0,0,0,,0,0,0,0,,,,0,0,,,,,,,0,0,0,0,0,TE,BryaHa00
199,Bryan Edwards,46.7,0,0,1,0,0,Sun,1,1,2022-09-11,23-302,ATL,,NOR,L 26-27,0,0,,0,,,1,0,0,,0,0.0,0.0,,0.0,35,46.7,0,0.0,0,0.0,0,0,0,,0,0,,0,0,0,0,0,0,,0,0,0,0,,,,0,0,,,,,,,0,0,0,0,0,WR,EdwaBr01
200,Cedrick Wilson Jr.,46.7,0,1,2,0,0,Sun,1,1,2022-09-11,26-295,MIA,,NWE,W 20-7,1,8,8.0,0,,100.0,2,2,20,10.0,0,100.0,10.0,,50.0,28,46.7,0,0.0,0,0.0,0,0,0,,0,0,,0,0,0,0,0,0,,0,0,0,0,,,,0,0,,,,,,,0,0,0,0,0,WR,WilsCe01