Rk,Player,Off%,Att,Att,Tgt,2PM,Fmb,Day,G#,Week,Date,Age,Team,,Opp,Result,Cmp,Att,Inc,Cmp%,Yds,TD,Int,Pick6,TD%,Int%,Rate,Sk,Yds,Sk%,Y/A,AY/A,ANY/A,Y/C,Succ%,Att,Yds,Y/A,TD,1D,Succ%,Tgt,Rec,Yds,Y/R,TD,Ctch%,Y/Tgt,1D,Succ%,TD,XPM,XPA,XP%,FGM,FGA,FG%,2PM,Sfty,Pts,Fmb,FR,Yds,FRTD,FF,OffSnp,Off%,DefSnp,Def%,STSnp,ST %,Pos.,-9999
1,Tom Brady,100.0,27,2,0,0,0,Sun,1,1,2022-09-11,45-039,TAM,@,DAL,W 19-3,18,27,9,66.7,212,1,1,0,3.7,3.7,87.3,2,17,6.90,7.9,6.93,5.86,11.8,51.7,2,-1,-0.5,0,0,0.0,0,0,0,,0,,,0,,0,0,0,,0,0,,0,0,0,0,0,0,0,0,62,100.0,0,0.0,0,0.0,QB,BradTo00
2,Aaron Rodgers,91.8,34,1,0,0,1,Sun,1,1,2022-09-11,38-283,GNB,@,MIN,L 7-23,22,34,12,64.7,195,0,1,0,0.0,2.9,67.6,4,33,10.53,5.7,4.41,3.08,8.9,42.1,1,-1,-1.0,0,0,0.0,0,0,0,,0,,,0,,0,0,0,,0,0,,0,0,0,1,0,0,0,0,56,91.8,0,0.0,0,0.0,QB,RodgAa00
3,Joe Flacco,100.0,59,1,0,0,0,Sun,1,1,2022-09-11,37-238,NYJ,,BAL,L 9-24,37,59,22,62.7,309,1,1,0,1.7,1.7,74.8,3,12,4.84,5.2,4.81,4.39,8.4,43.5,1,0,0.0,0,0,0.0,0,0,0,,0,,,0,,0,0,0,,0,0,,0,0,0,0,0,0,0,0,84,100.0,0,0.0,0,0.0,QB,FlacJo00
4,Matt Ryan,100.0,50,4,0,0,4,Sun,1,1,2022-09-11,37-117,IND,@,HOU,T 20-20 (OT),32,50,18,64.0,352,1,1,0,2.0,2.0,83.1,2,12,3.85,7.0,6.54,6.06,11.0,46.2,4,12,3.0,0,2,50.0,0,0,0,,0,,,0,,0,0,0,,0,0,,0,0,0,4,2,-2,0,0,92,100.0,0,0.0,0,0.0,QB,RyanMa00
5,Chad Henne,7.1,0,0,0,0,1,Sun,1,1,2022-09-11,37-071,KAN,@,ARI,W 44-21,0,0,0,,0,0,0,0,,,,0,0,,,,,,,0,0,,0,,,0,0,0,,0,,,,,0,0,0,,0,0,,0,0,0,1,1,0,0,0,5,7.1,0,0.0,0,0.0,QB,HennCh01
6,Matthew Stafford,100.0,41,1,0,0,1,Thu,1,1,2022-09-08,34-213,LAR,,BUF,L 10-31,29,41,12,70.7,240,1,3,0,2.4,7.3,63.1,7,49,14.58,5.9,3.05,1.58,8.3,45.8,1,2,2.0,0,1,100.0,0,0,0,,0,,,0,,0,0,0,,0,0,,0,0,0,1,1,0,0,0,67,100.0,0,0.0,0,0.0,QB,StafMa00
7,Ryan Tannehill,100.0,33,2,0,0,0,Sun,1,1,2022-09-11,34-046,TEN,,NYG,L 20-21,20,33,13,60.6,266,2,0,0,6.1,0.0,106.4,1,0,2.94,8.1,9.27,9.00,13.3,52.9,2,7,3.5,0,1,50.0,0,0,0,,0,,,0,,0,0,0,,0,0,,0,0,0,0,0,0,0,0,65,100.0,0,0.0,0,0.0,QB,TannRy00
8,A.J. Green,73.8,0,0,4,0,0,Sun,1,1,2022-09-11,34-042,ARI,,KAN,L 21-44,0,0,0,,0,0,0,0,,,,0,0,,,,,,,0,0,,0,0,,4,2,13,6.5,0,50.0,3.3,1,25.0,0,0,0,,0,0,,0,0,0,0,0,0,0,0,48,73.8,0,0.0,0,0.0,WR,GreeA.00
9,Kirk Cousins,100.0,32,0,0,0,0,Sun,1,1,2022-09-11,34-023,MIN,,GNB,W 23-7,23,32,9,71.9,277,2,0,0,6.3,0.0,118.9,1,8,3.03,8.7,9.91,9.36,12.0,45.5,0,0,,0,0,,0,0,0,,0,,,0,,0,0,0,,0,0,,0,0,0,0,0,0,0,0,62,100.0,0,0.0,0,0.0,QB,CousKi00
10,Russell Wilson,100.0,42,1,0,0,0,Mon,1,1,2022-09-12,33-287,DEN,@,SEA,L 16-17,29,42,13,69.0,340,1,0,0,2.4,0.0,101.3,2,10,4.55,8.1,8.57,7.95,11.7,45.5,1,2,2.0,0,0,0.0,0,0,0,,0,,,0,,0,0,0,,0,0,,0,0,0,0,0,0,0,0,66,100.0,0,0.0,0,0.0,QB,WilsRu00
11,Julio Jones,51.6,0,2,5,0,0,Sun,1,1,2022-09-11,33-220,TAM,@,DAL,W 19-3,0,0,0,,0,0,0,0,,,,0,0,,,,,,,2,17,8.5,0,2,100.0,5,3,69,23.0,0,60.0,13.8,2,60.0,0,0,0,,0,0,,0,0,0,0,0,0,0,0,32,51.6,0,0.0,0,0.0,WR,JoneJu02
12,Travis Kelce,64.3,0,0,9,0,0,Sun,1,1,2022-09-11,32-341,KAN,@,ARI,W 44-21,0,0,0,,0,0,0,0,,,,0,0,,,,,,,0,0,,0,0,,9,8,121,15.1,1,88.9,13.4,7,88.9,1,0,0,,0,0,,0,0,6,0,0,0,0,0,45,64.3,0,0.0,0,0.0,TE,KelcTr00
13,Mark Ingram,32.8,0,4,1,0,1,Sun,1,1,2022-09-11,32-264,NOR,@,ATL,W 27-26,0,0,0,,0,0,0,0,,,,0,0,,,,,,,4,22,5.5,0,2,75.0,1,1,1,1.0,0,100.0,1.0,0,0.0,0,0,0,,0,0,,0,0,0,1,0,0,0,0,20,32.8,0,0.0,0,0.0,RB,IngrMa01
14,Ryan Griffin,53.4,0,0,2,0,0,Sun,1,1,2022-09-11,32-243,CHI,,SFO,W 19-10,0,0,0,,0,0,0,0,,,,0,0,,,,,,,0,0,,0,,,2,0,0,,0,0.0,0.0,,0.0,0,0,0,,0,0,,0,0,0,0,0,0,0,0,31,53.4,0,0.0,13,54.2,TE,GrifRy00
15,Brandon Bolden,27.6,0,3,2,0,0,Sun,1,1,2022-09-11,32-228,LVR,@,LAC,L 19-24,0,0,0,,0,0,0,0,,,,0,0,,,,,,,3,7,2.3,0,0,33.3,2,2,21,10.5,1,100.0,10.5,1,50.0,1,0,0,,0,0,,0,0,6,0,0,0,0,0,16,27.6,0,0.0,13,54.2,RB,BoldBr00
16,Marvin Jones,81.4,0,0,6,0,0,Sun,1,1,2022-09-11,32-183,JAX,@,WAS,L 22-28,0,0,0,,0,0,0,0,,,,0,0,,,,,,,0,0,,0,0,,6,4,38,9.5,0,66.7,6.3,3,66.7,0,0,0,,0,0,,0,0,0,0,0,0,0,0,57,81.4,0,0.0,0,0.0,WR,JoneMa02
17,Rex Burkhead,71.4,0,14,8,0,0,Sun,1,1,2022-09-11,32-071,HOU,,IND,T 20-20 (OT),0,0,0,,0,0,0,0,,,,0,0,,,,,,,14,40,2.9,0,1,50.0,8,5,30,6.0,0,62.5,3.8,1,50.0,0,0,0,,0,0,,0,0,0,0,0,0,0,0,50,71.4,0,0.0,0,0.0,RB,BurkRe00
18,Randall Cobb,60.7,0,0,3,0,0,Sun,1,1,2022-09-11,32-020,GNB,@,MIN,L 7-23,0,0,0,,0,0,0,0,,,,0,0,,,,,,,0,0,,0,0,,3,2,14,7.0,0,66.7,4.7,2,66.7,0,0,0,,0,0,,0,0,0,0,0,0,0,0,37,60.7,0,0.0,0,0.0,WR,CobbRa00
19,Adam Thielen,95.2,0,0,4,0,0,Sun,1,1,2022-09-11,32-020,MIN,,GNB,W 23-7,0,0,0,,0,0,0,0,,,,0,0,,,,,,,0,0,,0,0,,4,3,36,12.0,0,75.0,9.0,2,50.0,0,0,0,,0,0,,0,0,0,0,0,0,0,0,59,95.2,0,0.0,0,0.0,WR,ThieAd00
20,Taysom Hill,26.2,0,4,1,0,0,Sun,1,1,2022-09-11,32-019,NOR,@,ATL,W 27-26,0,0,0,,0,0,0,0,,,,0,0,,,,,,,4,81,20.3,1,2,100.0,1,1,2,2.0,0,100.0,2.0,0,0.0,1,0,0,,0,0,,0,0,6,0,0,0,0,0,16,26.2,0,0.0,9,28.1,TE/QB,HillTa00
21,Geno Smith,100.0,28,6,0,0,1,Mon,1,1,2022-09-12,31-337,SEA,,DEN,W 17-16,23,28,5,82.1,195,2,0,0,7.1,0.0,119.5,2,18,6.67,7.0,8.39,7.23,8.5,46.7,6,14,2.3,0,1,33.3,0,0,0,,0,,,0,,0,0,0,,0,0,,0,0,0,1,0,0,0,0,55,100.0,0,0.0,0,0.0,QB,SmitGe00
22,Zach Ertz,60.0,0,0,4,1,0,Sun,1,1,2022-09-11,31-305,ARI,,KAN,L 21-44,0,0,0,,0,0,0,0,,,,0,0,,,,,,,0,0,,0,0,,4,2,14,7.0,1,50.0,3.5,1,50.0,1,0,0,,0,0,,1,0,8,0,0,0,0,0,39,60.0,0,0.0,0,0.0,TE,ErtzZa00
23,Marquise Goodwin,50.9,0,0,2,0,0,Mon,1,1,2022-09-12,31-297,SEA,,DEN,W 17-16,0,0,0,,0,0,0,0,,,,0,0,,,,,,,0,0,,0,0,,2,2,22,11.0,0,100.0,11.0,1,50.0,0,0,0,,0,0,,0,0,0,0,0,0,0,0,28,50.9,0,0.0,0,0.0,WR,GoodMa00
24,Cordarrelle Patterson,65.3,0,22,5,0,0,Sun,1,1,2022-09-11,31-178,ATL,,NOR,L 26-27,0,0,0,,0,0,0,0,,,,0,0,,,,,,,22,120,5.5,1,10,72.7,5,3,16,5.3,0,60.0,3.2,1,40.0,1,0,0,,0,0,,0,0,6,0,0,0,0,0,49,65.3,0,0.0,5,15.6,RB,PattCo00
25,Derek Carr,100.0,37,0,0,0,2,Sun,1,1,2022-09-11,31-167,LVR,@,LAC,L 19-24,22,37,15,59.5,295,2,3,0,5.4,8.1,69.1,5,29,11.90,8.0,5.41,4.07,13.4,47.6,0,0,,0,0,,0,0,0,,0,,,0,,0,0,0,,0,0,,0,0,0,2,0,0,0,0,58,100.0,0,0.0,0,0.0,QB,CarrDe02
26,Kyle Juszczyk,36.8,0,0,2,0,0,Sun,1,1,2022-09-11,31-141,SFO,@,CHI,L 10-19,0,0,0,,0,0,0,0,,,,0,0,,,,,,,0,0,,0,,,2,0,0,,0,0.0,0.0,,0.0,0,0,0,,0,0,,0,0,0,0,0,0,0,0,25,36.8,0,0.0,9,37.5,FB,JuszKy00
27,Logan Thomas,62.3,0,0,6,0,0,Sun,1,1,2022-09-11,31-072,WAS,,JAX,W 28-22,0,0,0,,0,0,0,0,,,,0,0,,,,,,,0,0,,0,0,,6,3,45,15.0,0,50.0,7.5,2,50.0,0,0,0,,0,0,,0,0,0,0,0,0,0,0,48,62.3,0,0.0,0,0.0,TE,ThomLo00
28,Cameron Brate,67.7,0,0,3,0,0,Sun,1,1,2022-09-11,31-070,TAM,@,DAL,W 19-3,0,0,0,,0,0,0,0,,,,0,0,,,,,,,0,0,,0,0,,3,1,7,7.0,0,33.3,2.3,1,33.3,0,0,0,,0,0,,0,0,0,0,0,0,0,0,42,67.7,0,0.0,0,0.0,TE,BratCa00
29,Richard Rodgers,3.0,0,0,1,0,0,Sun,1,1,2022-09-11,30-232,LAC,,LVR,W 24-19,0,0,0,,0,0,0,0,,,,0,0,,,,,,,0,0,,0,,,1,0,0,,0,0.0,0.0,,0.0,0,0,0,,0,0,,0,0,0,0,0,0,0,0,2,3.0,0,0.0,0,0.0,TE,RodgRi00
30,Michael Burton,12.9,0,0,0,0,0,Sun,1,1,2022-09-11,30-222,KAN,@,ARI,W 44-21,0,0,0,,0,0,0,0,,,,0,0,,,,,,,0,0,,0,,,0,0,0,,0,,,,,0,0,0,,0,0,,0,0,0,0,0,0,0,0,9,12.9,0,0.0,14,51.9,RB,BurtMi00
31,Damien Williams,13.3,0,2,0,0,0,Sun,1,1,2022-09-11,30-161,ATL,,NOR,L 26-27,0,0,0,,0,0,0,0,,,,0,0,,,,,,,2,2,1.0,0,,0.0,0,0,0,,0,,,,,0,0,0,,0,0,,0,0,0,0,0,0,0,0,10,13.3,0,0.0,0,0.0,RB,WillDa05
32,Raheem Mostert,41.7,0,5,1,0,0,Sun,1,1,2022-09-11,30-155,MIA,,NWE,W 20-7,0,0,0,,0,0,0,0,,,,0,0,,,,,,,5,16,3.2,0,2,40.0,1,1,16,16.0,0,100.0,16.0,1,100.0,0,0,0,,0,0,,0,0,0,0,0,0,0,0,25,41.7,0,0.0,2,10.5,RB,MostRa00
33,Robert Woods,70.8,0,0,2,0,0,Sun,1,1,2022-09-11,30-154,TEN,,NYG,L 20-21,0,0,0,,0,0,0,0,,,,0,0,,,,,,,0,0,,0,0,,2,1,13,13.0,0,50.0,6.5,1,50.0,0,0,0,,0,0,,0,0,0,0,0,0,0,0,46,70.8,0,0.0,0,0.0,WR,WoodRo02
34,Eric Tomlinson,30.3,0,0,1,0,0,Mon,1,1,2022-09-12,30-143,DEN,@,SEA,L 16-17,0,0,0,,0,0,0,0,,,,0,0,,,,,,,0,0,,0,,,1,0,0,,0,0.0,0.0,,0.0,0,0,0,,0,0,,0,0,0,0,0,0,0,0,20,30.3,0,0.0,0,0.0,TE,TomlEr01
35,Keenan Allen,32.8,0,0,4,0,0,Sun,1,1,2022-09-11,30-137,LAC,,LVR,W 24-19,0,0,0,,0,0,0,0,,,,0,0,,,,,,,0,0,,0,0,,4,4,66,16.5,0,100.0,16.5,2,50.0,0,0,0,,0,0,,0,0,0,0,0,0,0,0,22,32.8,0,0.0,0,0.0,WR,AlleKe00
36,Jerick McKinnon,38.6,0,4,4,0,0,Sun,1,1,2022-09-11,30-131,KAN,@,ARI,W 44-21,0,0,0,,0,0,0,0,,,,0,0,,,,,,,4,22,5.5,0,1,50.0,4,3,27,9.0,0,75.0,6.8,1,50.0,0,0,0,,0,0,,0,0,0,0,0,0,0,0,27,38.6,0,0.0,5,18.5,RB,McKiJe00
37,Darren Waller,84.5,0,0,6,0,0,Sun,1,1,2022-09-11,29-363,LVR,@,LAC,L 19-24,0,0,0,,0,0,0,0,,,,0,0,,,,,,,0,0,,0,0,,6,4,79,19.8,0,66.7,13.2,4,66.7,0,0,0,,0,0,,0,0,0,0,0,0,0,0,49,84.5,0,0.0,0,0.0,TE,WallDa01
38,Tyler Lockett,80.0,0,0,4,0,0,Mon,1,1,2022-09-12,29-349,SEA,,DEN,W 17-16,0,0,0,,0,0,0,0,,,,0,0,,,,,,,0,0,,0,0,,4,3,28,9.3,0,75.0,7.0,2,50.0,0,0,0,,0,0,,0,0,0,0,0,0,0,0,44,80.0,0,0.0,1,5.3,WR,LockTy00
39,Tyler Kroft,54.4,0,0,2,0,0,Sun,1,1,2022-09-11,29-331,SFO,@,CHI,L 10-19,0,0,0,,0,0,0,0,,,,0,0,,,,,,,0,0,,0,,,2,1,9,9.0,0,50.0,4.5,,50.0,0,0,0,,0,0,,0,0,0,0,0,0,0,0,37,54.4,0,0.0,2,8.3,TE,KrofTy00
40,Chris Conley,14.3,0,0,2,0,0,Sun,1,1,2022-09-11,29-321,HOU,,IND,T 20-20 (OT),0,0,0,,0,0,0,0,,,,0,0,,,,,,,0,0,,0,,,2,0,0,,0,0.0,0.0,,0.0,0,0,0,,0,0,,0,0,0,0,0,0,0,0,10,14.3,0,0.0,0,0.0,WR,ConlCh00
41,Jarvis Landry,72.1,0,0,9,0,0,Sun,1,1,2022-09-11,29-287,NOR,@,ATL,W 27-26,0,0,0,,0,0,0,0,,,,0,0,,,,,,,0,0,,0,0,,9,7,114,16.3,0,77.8,12.7,4,77.8,0,0,0,,0,0,,0,0,0,0,0,0,0,0,44,72.1,0,0.0,0,0.0,WR,LandJa00
42,Jacoby Brissett,100.0,34,4,0,0,0,Sun,1,1,2022-09-11,29-274,CLE,@,CAR,W 26-24,18,34,16,52.9,147,1,0,0,2.9,0.0,74.0,1,9,2.86,4.3,4.91,4.51,8.2,31.4,4,10,2.5,0,1,25.0,0,0,0,,0,,,0,,0,0,0,,0,0,,0,0,0,0,0,0,0,0,80,100.0,0,0.0,0,0.0,QB,BrisJa00
43,Davante Adams,94.8,0,0,17,0,0,Sun,1,1,2022-09-11,29-261,LVR,@,LAC,L 19-24,0,0,0,,0,0,0,0,,,,1,10,100.00,,,-10.00,,0.0,0,0,,0,0,,17,10,141,14.1,1,58.8,8.3,8,58.8,1,0,0,,0,0,,0,0,6,0,0,0,0,0,55,94.8,0,0.0,0,0.0,WR,AdamDa01
44,Carson Wentz,100.0,41,6,0,0,0,Sun,1,1,2022-09-11,29-255,WAS,,JAX,W 28-22,27,41,14,65.9,313,4,2,0,9.8,4.9,101.0,1,8,2.38,7.6,7.39,7.02,11.6,50.0,6,12,2.0,0,0,16.7,0,0,0,,0,,,0,,0,0,0,,0,0,,0,0,0,0,0,0,0,0,77,100.0,0,0.0,0,0.0,QB,WentCa00
45,Tyler Higbee,94.0,0,0,11,0,0,Thu,1,1,2022-09-08,29-250,LAR,,BUF,L 10-31,0,0,0,,0,0,0,0,,,,0,0,,,,,,,0,0,,0,0,,11,5,39,7.8,0,45.5,3.5,4,36.4,0,0,0,,0,0,,0,0,0,0,0,0,0,0,63,94.0,0,0.0,0,0.0,TE,HigbTy00
46,Phillip Dorsett,5.7,0,0,1,0,0,Sun,1,1,2022-09-11,29-249,HOU,,IND,T 20-20 (OT),0,0,0,,0,0,0,0,,,,0,0,,,,,,,0,0,,0,,,1,0,0,,0,0.0,0.0,,0.0,0,0,0,,0,0,,0,0,0,0,0,0,0,0,4,5.7,0,0.0,0,0.0,WR,DorsPh00
47,DeVante Parker,100.0,0,0,2,0,0,Sun,1,1,2022-09-11,29-234,NWE,@,MIA,L 7-20,0,0,0,,0,0,0,0,,,,0,0,,,,,,,0,0,,0,0,,2,1,9,9.0,0,50.0,4.5,1,50.0,0,0,0,,0,0,,0,0,0,0,0,0,0,0,57,100.0,0,0.0,1,5.3,WR,ParkDe01
48,Ty Montgomery,36.8,0,2,4,0,0,Sun,1,1,2022-09-11,29-232,NWE,@,MIA,L 7-20,0,0,0,,0,0,0,0,,,,0,0,,,,,,,2,-2,-1.0,0,0,0.0,4,3,15,5.0,1,75.0,3.8,1,25.0,1,0,0,,0,0,,0,0,6,0,0,0,0,0,21,36.8,0,0.0,7,36.8,WR,MontTy01
49,Stephen Anderson,13.8,0,0,0,0,0,Sun,1,1,2022-09-11,29-224,ARI,,KAN,L 21-44,0,0,0,,0,0,0,0,,,,0,0,,,,,,,0,0,,0,,,0,0,0,,0,,,,,0,0,0,,0,0,,0,0,0,0,0,0,0,0,9,13.8,0,0.0,13,48.1,TE,AndeSt01
50,Sterling Shepard,71.7,0,0,4,0,0,Sun,1,1,2022-09-11,29-213,NYG,@,TEN,W 21-20,0,0,0,,0,0,0,0,,,,0,0,,,,,,,0,0,,0,0,,4,2,71,35.5,1,50.0,17.8,1,25.0,1,0,0,,0,0,,0,0,6,0,0,0,0,0,43,71.7,0,0.0,0,0.0,WR,ShepSt00
51,Mike Davis,12.5,0,2,0,0,1,Sun,1,1,2022-09-11,29-204,BAL,@,NYJ,W 24-9,0,0,0,,0,0,0,0,,,,0,0,,,,,,,2,11,5.5,0,1,50.0,0,0,0,,0,,,0,,0,0,0,,0,0,,0,0,0,1,1,0,0,0,7,12.5,0,0.0,0,0.0,RB,DaviMi01
52,Michael Thomas,60.7,0,0,8,0,0,Sun,1,1,2022-09-11,29-192,NOR,@,ATL,W 27-26,0,0,0,,0,0,0,0,,,,0,0,,,,,,,0,0,,0,0,,8,5,57,11.4,2,62.5,7.1,4,62.5,2,0,0,,0,0,,0,0,12,0,0,0,0,0,37,60.7,0,0.0,0,0.0,WR,ThomMi05
53,DeAndre Carter,37.3,0,0,4,0,0,Sun,1,1,2022-09-11,29-154,LAC,,LVR,W 24-19,0,0,0,,0,0,0,0,,,,0,0,,,,,,,0,0,,0,0,,4,3,64,21.3,1,75.0,16.0,3,75.0,1,0,0,,0,0,,0,0,6,0,0,0,0,0,25,37.3,0,0.0,7,29.2,WR,CartDe02
54,Melvin Gordon,40.9,0,12,2,0,1,Mon,1,1,2022-09-12,29-152,DEN,@,SEA,L 16-17,0,0,0,,0,0,0,0,,,,0,0,,,,,,,12,58,4.8,0,2,50.0,2,2,14,7.0,0,100.0,7.0,0,0.0,0,0,0,,0,0,,0,0,0,1,0,0,0,0,27,40.9,0,0.0,0,0.0,RB,GordMe00
55,Jeff Driskel,2.9,0,1,0,0,0,Sun,1,1,2022-09-11,29-141,HOU,,IND,T 20-20 (OT),0,0,0,,0,0,0,0,,,,0,0,,,,,,,1,5,5.0,0,1,100.0,0,0,0,,0,,,0,,0,0,0,,0,0,,0,0,0,0,0,0,0,0,2,2.9,0,0.0,0,0.0,QB,DrisJe00
56,Robbie Chosen,100.0,0,0,8,0,0,Sun,1,1,2022-09-11,29-125,CAR,,CLE,L 24-26,0,0,0,,0,0,0,0,,,,0,0,,,,,,,0,0,,0,0,,8,5,102,20.4,1,62.5,12.8,1,25.0,1,0,0,,0,0,,0,0,6,0,0,0,0,0,53,100.0,0,0.0,0,0.0,WR,AndeRo04
57,Nelson Agholor,57.9,0,0,5,0,1,Sun,1,1,2022-09-11,29-110,NWE,@,MIA,L 7-20,0,0,0,,0,0,0,0,,,,0,0,,,,,,,0,0,,0,0,,5,3,28,9.3,0,60.0,5.6,1,40.0,0,0,0,,0,0,,0,0,0,1,0,0,0,0,33,57.9,0,0.0,0,0.0,WR,AghoNe00
58,Ameer Abdullah,12.1,0,0,1,0,0,Sun,1,1,2022-09-11,29-090,LVR,@,LAC,L 19-24,0,0,0,,0,0,0,0,,,,0,0,,,,,,,0,0,,0,,,1,0,0,,0,0.0,0.0,,0.0,0,0,0,,0,0,,0,0,0,0,0,0,0,0,7,12.1,0,0.0,10,41.7,RB,AbduAm00
59,Sammy Watkins,67.2,0,0,3,0,0,Sun,1,1,2022-09-11,29-089,GNB,@,MIN,L 7-23,0,0,0,,0,0,0,0,,,,0,0,,,,,,,0,0,,0,0,,3,3,18,6.0,0,100.0,6.0,2,100.0,0,0,0,,0,0,,0,0,0,0,0,0,0,0,41,67.2,0,0.0,0,0.0,WR,WatkSa00
60,Chris Moore,48.6,0,0,3,0,0,Sun,1,1,2022-09-11,29-087,HOU,,IND,T 20-20 (OT),0,0,0,,0,0,0,0,,,,0,0,,,,,,,0,0,,0,0,,3,3,31,10.3,0,100.0,10.3,2,100.0,0,0,0,,0,0,,0,0,0,0,0,0,0,0,34,48.6,0,0.0,0,0.0,WR,MoorCh00
61,Cooper Kupp,100.0,0,0,15,0,0,Thu,1,1,2022-09-08,29-085,LAR,,BUF,L 10-31,0,0,0,,0,0,0,0,,,,0,0,,,,,,,0,0,,0,0,,15,13,128,9.8,1,86.7,8.5,6,73.3,1,0,0,,0,0,,0,0,6,0,0,0,0,0,67,100.0,0,0.0,0,0.0,WR,KuppCo00
62,Jamison Crowder,30.5,0,0,4,0,0,Thu,1,1,2022-09-08,29-083,BUF,@,LAR,W 31-10,0,0,0,,0,0,0,0,,,,0,0,,,,,,,0,0,,0,0,,4,3,28,9.3,0,75.0,7.0,3,75.0,0,0,0,,0,0,,0,0,0,0,0,0,0,0,18,30.5,0,0.0,4,21.1,WR,CrowJa00
63,C.J. Ham,22.6,0,0,1,0,0,Sun,1,1,2022-09-11,29-051,MIN,,GNB,W 23-7,0,0,0,,0,0,0,0,,,,0,0,,,,,,,0,0,,0,0,,1,1,6,6.0,0,100.0,6.0,1,100.0,0,0,0,,0,0,,0,0,0,0,0,0,0,0,14,22.6,0,0.0,17,73.9,FB,HamxC.00
64,Dak Prescott,76.8,29,2,0,0,0,Sun,1,1,2022-09-11,29-044,DAL,,TAM,L 3-19,14,29,15,48.3,134,0,1,0,0.0,3.4,47.2,2,13,6.45,4.6,3.07,2.45,9.6,32.3,2,11,5.5,0,1,50.0,0,0,0,,0,,,0,,0,0,0,,0,0,,0,0,0,0,0,0,0,0,53,76.8,0,0.0,0,0.0,QB,PresDa01
65,J.D. McKissic,40.3,0,3,3,1,0,Sun,1,1,2022-09-11,29-027,WAS,,JAX,W 28-22,0,0,0,,0,0,0,0,,,,0,0,,,,,,,3,8,2.7,0,1,33.3,3,3,20,6.7,0,100.0,6.7,1,33.3,0,0,0,,0,0,,1,0,2,0,0,0,0,0,31,40.3,0,0.0,0,0.0,RB,McKiJ.00
66,Mike Evans,72.6,0,0,7,0,0,Sun,1,1,2022-09-11,29-021,TAM,@,DAL,W 19-3,0,0,0,,0,0,0,0,,,,0,0,,,,,,,0,0,,0,0,,7,5,71,14.2,1,71.4,10.1,5,71.4,1,0,0,,0,0,,0,0,6,0,0,0,0,0,45,72.6,0,0.0,0,0.0,WR,EvanMi00
67,Hayden Hurst,75.0,0,0,8,0,0,Sun,1,1,2022-09-11,29-018,CIN,,PIT,L 20-23 (OT),0,0,0,,0,0,0,0,,,,0,0,,,,,,,0,0,,0,0,,8,5,46,9.2,0,62.5,5.8,3,50.0,0,0,0,,0,0,,0,0,0,0,0,0,0,0,75,75.0,0,0.0,4,12.5,TE,HursHa00
68,Allen Robinson,97.0,0,0,2,0,0,Thu,1,1,2022-09-08,29-015,LAR,,BUF,L 10-31,0,0,0,,0,0,0,0,,,,0,0,,,,,,,0,0,,0,,,2,1,12,12.0,0,50.0,6.0,,0.0,0,0,0,,0,0,,0,0,0,0,0,0,0,0,65,97.0,0,0.0,0,0.0,WR,RobiAl02
69,Breshad Perriman,41.9,0,1,3,0,0,Sun,1,1,2022-09-11,29-001,TAM,@,DAL,W 19-3,0,0,0,,0,0,0,0,,,,0,0,,,,,,,1,-7,-7.0,0,,0.0,3,0,0,,0,0.0,0.0,,0.0,0,0,0,,0,0,,0,0,0,0,0,0,0,0,26,41.9,0,0.0,4,16.7,WR,PerrBr02
70,Mack Hollins,87.9,0,0,1,0,0,Sun,1,1,2022-09-11,28-360,LVR,@,LAC,L 19-24,0,0,0,,0,0,0,0,,,,0,0,,,,,,,0,0,,0,0,,1,1,16,16.0,0,100.0,16.0,1,100.0,0,0,0,,0,0,,0,0,0,0,0,0,0,0,51,87.9,0,0.0,6,25.0,WR,HollMa00
71,Geoff Swaim,69.2,0,0,4,0,0,Sun,1,1,2022-09-11,28-360,TEN,,NYG,L 20-21,0,0,0,,0,0,0,0,,,,0,0,,,,,,,0,0,,0,0,,4,3,19,6.3,0,75.0,4.8,1,50.0,0,0,0,,0,0,,0,0,0,0,0,0,0,0,45,69.2,0,0.0,13,46.4,TE,SwaiGe00
72,Mo Alie-Cox,54.3,0,0,2,0,0,Sun,1,1,2022-09-11,28-357,IND,@,HOU,T 20-20 (OT),0,0,0,,0,0,0,0,,,,0,0,,,,,,,0,0,,0,0,,2,2,26,13.0,0,100.0,13.0,2,100.0,0,0,0,,0,0,,0,0,0,0,0,0,0,0,50,54.3,0,0.0,5,15.6,TE,AlieMo00
73,Brandin Cooks,91.4,0,0,12,0,0,Sun,1,1,2022-09-11,28-351,HOU,,IND,T 20-20 (OT),0,0,0,,0,0,0,0,,,,0,0,,,,,,,0,0,,0,0,,12,7,82,11.7,0,58.3,6.8,4,50.0,0,0,0,,0,0,,0,0,0,0,0,0,0,0,64,91.4,0,0.0,0,0.0,WR,CookBr00
74,Marcus Mariota,100.0,33,12,0,0,2,Sun,1,1,2022-09-11,28-316,ATL,,NOR,L 26-27,20,33,13,60.6,215,0,0,0,0.0,0.0,79.7,0,0,0.00,6.5,6.52,6.52,10.8,48.5,12,72,6.0,1,3,75.0,0,0,0,,0,,,0,,1,0,0,,0,0,,0,0,6,2,1,0,0,0,75,100.0,0,0.0,0,0.0,QB,MariMa01
75,Kenny Golladay,76.7,0,0,2,0,0,Sun,1,1,2022-09-11,28-312,NYG,@,TEN,W 21-20,0,0,0,,0,0,0,0,,,,0,0,,,,,,,0,0,,0,0,,2,2,22,11.0,0,100.0,11.0,1,100.0,0,0,0,,0,0,,0,0,0,0,0,0,0,0,46,76.7,0,0.0,0,0.0,WR,GollKe00
76,Byron Pringle,17.2,0,0,2,0,0,Sun,1,1,2022-09-11,28-298,CHI,,SFO,W 19-10,0,0,0,,0,0,0,0,,,,0,0,,,,,,,0,0,,0,0,,2,1,22,22.0,0,50.0,11.0,1,50.0,0,0,0,,0,0,,0,0,0,0,0,0,0,0,10,17.2,0,0.0,0,0.0,WR,PrinBy00
77,Cody Hollister,12.3,0,0,1,0,0,Sun,1,1,2022-09-11,28-297,TEN,,NYG,L 20-21,0,0,0,,0,0,0,0,,,,0,0,,,,,,,0,0,,0,0,,1,1,22,22.0,0,100.0,22.0,1,100.0,0,0,0,,0,0,,0,0,0,0,0,0,0,0,8,12.3,0,0.0,12,42.9,WR,HollCo00
78,Cooper Rush,23.2,13,0,0,0,0,Sun,1,1,2022-09-11,28-294,DAL,,TAM,L 3-19,7,13,6,53.8,64,0,0,0,0.0,0.0,67.5,2,12,13.33,4.9,4.92,3.47,9.1,20.0,0,0,,0,0,,0,0,0,,0,,,0,,0,0,0,,0,0,,0,0,0,0,0,0,0,0,16,23.2,0,0.0,0,0.0,QB,RushCo00
79,Stefon Diggs,64.4,0,0,9,0,0,Thu,1,1,2022-09-08,28-283,BUF,@,LAR,W 31-10,0,0,0,,0,0,0,0,,,,0,0,,,,,,,0,0,,0,0,,9,8,122,15.3,1,88.9,13.6,5,77.8,1,0,0,,0,0,,0,0,6,0,0,0,0,0,38,64.4,0,0.0,0,0.0,WR,DiggSt00
80,Derrick Henry,67.7,0,21,1,0,1,Sun,1,1,2022-09-11,28-250,TEN,,NYG,L 20-21,0,0,0,,0,0,0,0,,,,0,0,,,,,,,21,82,3.9,0,1,47.6,1,0,0,,0,0.0,0.0,0,0.0,0,0,0,,0,0,,0,0,0,1,1,0,0,0,44,67.7,0,0.0,0,0.0,RB,HenrDe00
81,Jameis Winston,100.0,34,2,0,0,0,Sun,1,1,2022-09-11,28-248,NOR,@,ATL,W 27-26,23,34,11,67.6,269,2,0,0,5.9,0.0,111.0,4,35,10.53,7.9,9.09,7.21,11.7,47.4,2,9,4.5,0,0,50.0,0,0,0,,0,,,0,,0,0,0,,0,0,,0,0,0,0,0,0,0,0,61,100.0,0,0.0,0,0.0,QB,WinsJa00
82,Kenyan Drake,58.9,0,11,1,0,0,Sun,1,1,2022-09-11,28-228,BAL,@,NYJ,W 24-9,0,0,0,,0,0,0,0,,,,0,0,,,,,,,11,31,2.8,0,1,36.4,1,1,15,15.0,0,100.0,15.0,1,100.0,0,0,0,,0,0,,0,0,0,0,0,0,0,0,33,58.9,0,0.0,0,0.0,RB,DrakKe00
83,Jonathan Williams,1.3,0,0,0,0,0,Sun,1,1,2022-09-11,28-221,WAS,,JAX,W 28-22,0,0,0,,0,0,0,0,,,,0,0,,,,,,,0,0,,0,,,0,0,0,,0,,,,,0,0,0,,0,0,,0,0,0,0,0,0,0,0,1,1.3,0,0.0,12,50.0,RB,WillJo07
84,Tyreek Hill,66.7,0,1,12,0,1,Sun,1,1,2022-09-11,28-194,MIA,,NWE,W 20-7,0,0,0,,0,0,0,0,,,,0,0,,,,,,,1,6,6.0,0,0,100.0,12,8,94,11.8,0,66.7,7.8,5,58.3,0,0,0,,0,0,,0,0,0,1,0,0,0,0,40,66.7,0,0.0,0,0.0,WR,HillTy00
85,Eric Saubert,27.3,0,0,1,0,0,Mon,1,1,2022-09-12,28-134,DEN,@,SEA,L 16-17,0,0,0,,0,0,0,0,,,,0,0,,,,,,,0,0,,0,,,1,0,0,,0,0.0,0.0,,0.0,0,0,0,,0,0,,0,0,0,0,0,0,0,0,18,27.3,0,0.0,14,73.7,TE,SaubEr00
86,Trent Taylor,14.0,0,0,0,0,0,Sun,1,1,2022-09-11,28-134,CIN,,PIT,L 20-23 (OT),0,0,0,,0,0,0,0,,,,0,0,,,,,,,0,0,,0,,,0,0,0,,0,,,,,0,0,0,,0,0,,0,0,0,0,0,0,0,0,14,14.0,0,0.0,8,25.0,WR,TaylTr02
87,Robert Tonyan,36.1,0,0,5,0,0,Sun,1,1,2022-09-11,28-134,GNB,@,MIN,L 7-23,0,0,0,,0,0,0,0,,,,0,0,,,,,,,0,0,,0,0,,5,3,36,12.0,0,60.0,7.2,1,40.0,0,0,0,,0,0,,0,0,0,0,0,0,0,0,22,36.1,0,0.0,0,0.0,TE,TonyRo00
88,Pharaoh Brown,65.7,0,0,1,0,0,Sun,1,1,2022-09-11,28-130,HOU,,IND,T 20-20 (OT),0,0,0,,0,0,0,0,,,,0,0,,,,,,,0,0,,0,0,,1,1,17,17.0,0,100.0,17.0,1,100.0,0,0,0,,0,0,,0,0,0,0,0,0,0,0,46,65.7,0,0.0,4,12.5,TE,BrowPh01
89,Patrick Ricard,64.3,0,0,1,0,0,Sun,1,1,2022-09-11,28-107,BAL,@,NYJ,W 24-9,0,0,0,,0,0,0,0,,,,0,0,,,,,,,0,0,,0,,,1,1,7,7.0,0,100.0,7.0,,100.0,0,0,0,,0,0,,0,0,0,0,0,0,0,0,36,64.3,0,0.0,2,7.4,FB,RicaPa00
90,Amari Cooper,82.5,0,0,6,0,0,Sun,1,1,2022-09-11,28-086,CLE,@,CAR,W 26-24,0,0,0,,0,0,0,0,,,,0,0,,,,,,,0,0,,0,,,6,3,17,5.7,0,50.0,2.8,,33.3,0,0,0,,0,0,,0,0,0,0,0,0,0,0,66,82.5,0,0.0,0,0.0,WR,CoopAm00
91,Gerald Everett,65.7,0,0,4,0,0,Sun,1,1,2022-09-11,28-078,LAC,,LVR,W 24-19,0,0,0,,0,0,0,0,,,,0,0,,,,,,,0,0,,0,0,,4,3,54,18.0,1,75.0,13.5,2,75.0,1,0,0,,0,0,,0,0,6,0,0,0,0,0,44,65.7,0,0.0,0,0.0,TE,EverGe00
92,Kalif Raymond,11.6,0,0,2,0,0,Sun,1,1,2022-09-11,28-034,DET,,PHI,L 35-38,0,0,0,,0,0,0,0,,,,0,0,,,,,,,0,0,,0,,,2,0,0,,0,0.0,0.0,,0.0,0,0,0,,0,0,,0,0,0,0,0,0,0,0,8,11.6,0,0.0,3,9.7,WR,RaymKa00
93,Mike Thomas,69.0,0,0,5,1,0,Sun,1,1,2022-09-11,28-026,CIN,,PIT,L 20-23 (OT),0,0,0,,0,0,0,0,,,,0,0,,,,,,,0,0,,0,,,5,1,5,5.0,0,20.0,1.0,,0.0,0,0,0,,0,0,,1,0,2,0,0,0,0,0,69,69.0,0,0.0,6,18.8,WR,ThomMi04
94,Mitchell Trubisky,100.0,38,3,0,0,0,Sun,1,1,2022-09-11,28-022,PIT,@,CIN,W 23-20 (OT),21,38,17,55.3,194,1,0,0,2.6,0.0,78.2,1,2,2.56,5.1,5.63,5.44,9.2,33.3,3,9,3.0,0,1,33.3,0,0,0,,0,,,0,,0,0,0,,0,0,,0,0,0,0,0,0,0,0,63,100.0,0,0.0,0,0.0,QB,TrubMi00
95,Evan Engram,71.4,0,0,4,0,0,Sun,1,1,2022-09-11,28-009,JAX,@,WAS,L 22-28,0,0,0,,0,0,0,0,,,,0,0,,,,,,,0,0,,0,0,,4,4,28,7.0,0,100.0,7.0,1,50.0,0,0,0,,0,0,,0,0,0,0,0,0,0,0,50,71.4,0,0.0,0,0.0,TE,EngrEv00
96,Demarcus Robinson,44.6,0,0,4,0,0,Sun,1,1,2022-09-11,27-355,BAL,@,NYJ,W 24-9,0,0,0,,0,0,0,0,,,,0,0,,,,,,,0,0,,0,0,,4,2,19,9.5,0,50.0,4.8,1,50.0,0,0,0,,0,0,,0,0,0,0,0,0,0,0,25,44.6,0,0.0,1,3.7,WR,RobiDe01
97,Mike Williams,92.5,0,0,4,0,0,Sun,1,1,2022-09-11,27-342,LAC,,LVR,W 24-19,0,0,0,,0,0,0,0,,,,0,0,,,,,,,0,0,,0,,,4,2,10,5.0,0,50.0,2.5,,50.0,0,0,0,,0,0,,0,0,0,0,0,0,0,0,62,92.5,0,0.0,0,0.0,WR,WillMi07
98,Marquez Valdes-Scantling,72.9,0,1,4,0,0,Sun,1,1,2022-09-11,27-336,KAN,@,ARI,W 44-21,0,0,0,,0,0,0,0,,,,0,0,,,,,,,1,-3,-3.0,0,0,0.0,4,4,44,11.0,0,100.0,11.0,3,100.0,0,0,0,,0,0,,0,0,0,0,0,0,0,0,51,72.9,0,0.0,0,0.0,WR,ValdMa00
99,Jared Goff,100.0,37,2,0,0,1,Sun,1,1,2022-09-11,27-332,DET,,PHI,L 35-38,21,37,16,56.8,215,2,1,1,5.4,2.7,80.3,1,10,2.63,5.8,5.68,5.26,10.2,39.5,2,9,4.5,0,1,50.0,0,0,0,,0,,,0,,0,0,0,,0,0,,0,0,0,1,1,6,0,0,69,100.0,0,0.0,0,0.0,QB,GoffJa00
100,Austin Hooper,61.5,0,0,2,0,0,Sun,1,1,2022-09-11,27-317,TEN,,NYG,L 20-21,0,0,0,,0,0,0,0,,,,0,0,,,,,,,0,0,,0,,,2,1,6,6.0,0,50.0,3.0,,50.0,0,0,0,,0,0,,0,0,0,0,0,0,0,0,40,61.5,0,0.0,0,0.0,TE,HoopAu00
101,Tyler Boyd,80.0,0,0,7,0,0,Sun,1,1,2022-09-11,27-300,CIN,,PIT,L 20-23 (OT),0,0,0,,0,0,0,0,,,,0,0,,,,,,,0,0,,0,0,,7,4,33,8.3,1,57.1,4.7,3,42.9,1,0,0,,0,0,,0,0,6,0,0,0,0,0,80,80.0,0,0.0,0,0.0,WR,BoydTy00
102,O.J. Howard,17.1,0,0,2,0,0,Sun,1,1,2022-09-11,27-296,HOU,,IND,T 20-20 (OT),0,0,0,,0,0,0,0,,,,0,0,,,,,,,0,0,,0,0,,2,2,38,19.0,2,100.0,19.0,2,100.0,2,0,0,,0,0,,0,0,12,0,0,0,0,0,12,17.1,0,0.0,0,0.0,TE,HowaO.00
103,Johnny Mundt,64.5,0,0,3,0,0,Sun,1,1,2022-09-11,27-292,MIN,,GNB,W 23-7,0,0,0,,0,0,0,0,,,,0,0,,,,,,,0,0,,0,0,,3,3,17,5.7,0,100.0,5.7,1,66.7,0,0,0,,0,0,,0,0,0,0,0,0,0,0,40,64.5,0,0.0,5,21.7,TE,MundJo00
104,Aaron Jones,60.7,0,5,5,0,0,Sun,1,1,2022-09-11,27-283,GNB,@,MIN,L 7-23,0,0,0,,0,0,0,0,,,,0,0,,,,,,,5,49,9.8,0,3,60.0,5,3,27,9.0,0,60.0,5.4,1,40.0,0,0,0,,0,0,,0,0,0,0,0,0,0,0,37,60.7,0,0.0,0,0.0,RB,JoneAa00
105,Hunter Henry,77.2,0,0,3,0,0,Sun,1,1,2022-09-11,27-278,NWE,@,MIA,L 7-20,0,0,0,,0,0,0,0,,,,0,0,,,,,,,0,0,,0,0,,3,2,20,10.0,0,66.7,6.7,1,33.3,0,0,0,,0,0,,0,0,0,0,0,0,0,0,44,77.2,0,0.0,1,5.3,TE,HenrHu00
106,Jakob Johnson,13.8,0,0,1,0,0,Sun,1,1,2022-09-11,27-270,LVR,@,LAC,L 19-24,0,0,0,,0,0,0,0,,,,0,0,,,,,,,0,0,,0,,,1,1,1,1.0,0,100.0,1.0,,0.0,0,0,0,,0,0,,0,0,0,0,0,0,0,0,8,13.8,0,0.0,7,29.2,FB,JohnJa12
107,Zach Pascal,22.1,0,0,1,0,0,Sun,1,1,2022-09-11,27-267,PHI,@,DET,W 38-35,0,0,0,,0,0,0,0,,,,0,0,,,,,,,0,0,,0,0,,1,1,7,7.0,0,100.0,7.0,1,100.0,0,0,0,,0,0,,0,0,0,0,0,0,0,0,17,22.1,0,0.0,13,41.9,WR,PascZa00
108,Dallas Goedert,92.2,0,0,4,0,0,Sun,1,1,2022-09-11,27-251,PHI,@,DET,W 38-35,0,0,0,,0,0,0,0,,,,0,0,,,,,,,0,0,,0,0,,4,3,60,20.0,0,75.0,15.0,3,75.0,0,0,0,,0,0,,0,0,0,0,0,0,0,0,71,92.2,0,0.0,2,6.5,TE,GoedDa00
109,KhaDarel Hodge,26.7,0,0,3,0,0,Sun,1,1,2022-09-11,27-251,ATL,,NOR,L 26-27,0,0,0,,0,0,0,0,,,,0,0,,,,,,,0,0,,0,0,,3,3,38,12.7,0,100.0,12.7,1,66.7,0,0,0,,0,0,,0,0,0,0,0,0,0,0,20,26.7,0,0.0,20,62.5,WR,HodgKh00
110,Corey Davis,67.9,0,0,10,0,0,Sun,1,1,2022-09-11,27-243,NYJ,,BAL,L 9-24,0,0,0,,0,0,0,0,,,,0,0,,,,,,,0,0,,0,0,,10,6,77,12.8,0,60.0,7.7,5,60.0,0,0,0,,0,0,,0,0,0,0,0,0,0,0,57,67.9,0,0.0,0,0.0,WR,DaviCo03
111,Leonard Fournette,75.8,0,21,2,0,0,Sun,1,1,2022-09-11,27-236,TAM,@,DAL,W 19-3,0,0,0,,0,0,0,0,,,,0,0,,,,,,,21,127,6.0,0,6,57.1,2,2,10,5.0,0,100.0,5.0,0,50.0,0,0,0,,0,0,,0,0,0,0,0,0,0,0,47,75.8,0,0.0,0,0.0,RB,FourLe00
112,Ross Dwelley,27.9,0,0,2,0,0,Sun,1,1,2022-09-11,27-228,SFO,@,CHI,L 10-19,0,0,0,,0,0,0,0,,,,0,0,,,,,,,0,0,,0,0,,2,1,11,11.0,0,50.0,5.5,1,50.0,0,0,0,,0,0,,0,0,0,0,0,0,0,0,19,27.9,0,0.0,19,79.2,TE,DwelRo00
113,Josh Reynolds,79.7,0,0,3,0,0,Sun,1,1,2022-09-11,27-207,DET,,PHI,L 35-38,0,0,0,,0,0,0,0,,,,0,0,,,,,,,0,0,,0,0,,3,1,28,28.0,0,33.3,9.3,1,33.3,0,0,0,,0,0,,0,0,0,0,0,0,0,0,55,79.7,0,0.0,0,0.0,WR,ReynJo00
114,Sony Michel,23.9,0,7,0,0,0,Sun,1,1,2022-09-11,27-206,LAC,,LVR,W 24-19,0,0,0,,0,0,0,0,,,,0,0,,,,,,,7,12,1.7,0,1,28.6,0,0,0,,0,,,0,,0,0,0,,0,0,,0,0,0,0,0,0,0,0,16,23.9,0,0.0,0,0.0,RB,MichSo00
115,Anthony Firkser,4.0,0,0,2,0,0,Sun,1,1,2022-09-11,27-204,ATL,,NOR,L 26-27,0,0,0,,0,0,0,0,,,,0,0,,,,,,,0,0,,0,,,2,1,6,6.0,0,50.0,3.0,,0.0,0,0,0,,0,0,,0,0,0,0,0,0,0,0,3,4.0,0,0.0,0,0.0,FB,FirkAn00
116,Dontrell Hilliard,18.5,0,2,4,0,0,Sun,1,1,2022-09-11,27-197,TEN,,NYG,L 20-21,0,0,0,,0,0,0,0,,,,0,0,,,,,,,2,8,4.0,0,0,100.0,4,3,61,20.3,2,75.0,15.3,3,75.0,2,0,0,,0,0,,0,0,12,0,0,0,0,0,12,18.5,0,0.0,5,17.9,RB,HillDo00
117,Matt Breida,21.7,0,5,0,0,0,Sun,1,1,2022-09-11,27-195,NYG,@,TEN,W 21-20,0,0,0,,0,0,0,0,,,,0,0,,,,,,,5,24,4.8,0,1,60.0,0,0,0,,0,,,0,,0,0,0,,0,0,,0,0,0,0,0,0,0,0,13,21.7,0,0.0,19,67.9,RB,BreiMa00
118,Zay Jones,82.9,0,0,9,0,0,Sun,1,1,2022-09-11,27-165,JAX,@,WAS,L 22-28,0,0,0,,0,0,0,0,,,,0,0,,,,,,,0,0,,0,0,,9,6,65,10.8,0,66.7,7.2,4,55.6,0,0,0,,0,0,,0,0,0,0,0,0,0,0,58,82.9,0,0.0,0,0.0,WR,JoneZa00
119,Jamal Agnew,10.0,0,1,1,0,0,Sun,1,1,2022-09-11,27-161,JAX,@,WAS,L 22-28,0,0,0,,0,0,0,0,,,,0,0,,,,,,,1,6,6.0,0,1,100.0,1,1,6,6.0,0,100.0,6.0,0,100.0,0,0,0,,0,0,,0,0,0,0,0,0,0,0,7,10.0,0,0.0,8,33.3,WR,AgneJa00
120,Jamaal Williams,33.3,0,11,2,0,0,Sun,1,1,2022-09-11,27-161,DET,,PHI,L 35-38,0,0,0,,0,0,0,0,,,,0,0,,,,,,,11,28,2.5,2,3,63.6,2,1,2,2.0,0,50.0,1.0,0,0.0,2,0,0,,0,0,,0,0,12,0,0,0,0,0,23,33.3,0,0.0,0,0.0,RB,WillJa06
121,Justin Watson,22.9,0,0,1,0,0,Sun,1,1,2022-09-11,27-160,KAN,@,ARI,W 44-21,0,0,0,,0,0,0,0,,,,0,0,,,,,,,0,0,,0,,,1,0,0,,0,0.0,0.0,,0.0,0,0,0,,0,0,,0,0,0,0,0,0,0,0,16,22.9,0,0.0,9,33.3,WR,WatsJu01
122,Isaiah McKenzie,44.1,0,0,3,0,0,Thu,1,1,2022-09-08,27-152,BUF,@,LAR,W 31-10,0,0,0,,0,0,0,0,,,,0,0,,,,,,,0,0,,0,0,,3,2,19,9.5,1,66.7,6.3,2,66.7,1,0,0,,0,0,,0,0,6,0,0,0,0,0,26,44.1,0,0.0,2,10.5,WR,McKeIs00
123,Baker Mayfield,100.0,27,5,0,0,4,Sun,1,1,2022-09-11,27-150,CAR,,CLE,L 24-26,16,27,11,59.3,235,1,1,0,3.7,3.7,84.6,4,28,12.90,8.7,7.78,5.87,14.7,35.5,5,6,1.2,1,2,20.0,0,0,0,,0,,,0,,1,0,0,,0,0,,0,0,6,4,4,2,0,0,53,100.0,0,0.0,0,0.0,QB,MayfBa00
124,Boston Scott,18.2,0,4,0,0,0,Sun,1,1,2022-09-11,27-137,PHI,@,DET,W 38-35,0,0,0,,0,0,0,0,,,,0,0,,,,,,,4,10,2.5,1,1,50.0,0,0,0,,0,,,0,,1,0,0,,0,0,,0,0,6,0,0,0,0,0,14,18.2,0,0.0,7,22.6,RB,ScotBo02
125,James Conner,72.3,0,10,6,0,1,Sun,1,1,2022-09-11,27-129,ARI,,KAN,L 21-44,0,0,0,,0,0,0,0,,,,0,0,,,,,,,10,26,2.6,1,3,50.0,6,5,29,5.8,0,83.3,4.8,3,66.7,1,0,0,,0,0,,0,0,6,1,1,0,0,0,47,72.3,0,0.0,0,0.0,RB,ConnJa00
126,Austin Ekeler,49.3,0,14,4,0,0,Sun,1,1,2022-09-11,27-117,LAC,,LVR,W 24-19,0,0,0,,0,0,0,0,,,,0,0,,,,,,,14,36,2.6,0,0,28.6,4,4,36,9.0,0,100.0,9.0,3,75.0,0,0,0,,0,0,,0,0,0,0,0,0,0,0,33,49.3,0,0.0,0,0.0,RB,EkelAu00
127,Parker Hesse,64.0,0,0,2,0,0,Sun,1,1,2022-09-11,27-108,ATL,,NOR,L 26-27,0,0,0,,0,0,0,0,,,,0,0,,,,,,,0,0,,0,0,,2,1,5,5.0,0,50.0,2.5,1,50.0,0,0,0,,0,0,,0,0,0,0,0,0,0,0,48,64.0,0,0.0,13,40.6,TE,HessPa00
128,Mike Boone,4.5,0,0,1,0,0,Mon,1,1,2022-09-12,27-074,DEN,@,SEA,L 16-17,0,0,0,,0,0,0,0,,,,0,0,,,,,,,0,0,,0,,,1,1,2,2.0,0,100.0,2.0,,0.0,0,0,0,,0,0,,0,0,0,0,0,0,0,0,3,4.5,0,0.0,6,31.6,RB,BoonMi00
129,Ezekiel Elliott,58.0,0,10,2,0,0,Sun,1,1,2022-09-11,27-051,DAL,,TAM,L 3-19,0,0,0,,0,0,0,0,,,,0,0,,,,,,,10,52,5.2,0,3,60.0,2,1,-3,-3.0,0,50.0,-1.5,0,0.0,0,0,0,,0,0,,0,0,0,0,0,0,0,0,40,58.0,0,0.0,0,0.0,RB,ElliEz00
130,Alvin Kamara,62.3,0,9,4,0,0,Sun,1,1,2022-09-11,27-048,NOR,@,ATL,W 27-26,0,0,0,,0,0,0,0,,,,0,0,,,,,,,9,39,4.3,0,1,44.4,4,3,7,2.3,0,75.0,1.8,1,25.0,0,0,0,,0,0,,0,0,0,0,0,0,0,0,38,62.3,0,0.0,0,0.0,RB,KamaAl00
131,Tyler Conklin,91.7,0,0,7,0,1,Sun,1,1,2022-09-11,27-043,NYJ,,BAL,L 9-24,0,0,0,,0,0,0,0,,,,0,0,,,,,,,0,0,,0,0,,7,4,16,4.0,1,57.1,2.3,1,28.6,1,0,0,,0,0,,0,0,6,1,0,0,0,0,77,91.7,0,0.0,3,11.1,TE,ConkTy00
132,Kendrick Bourne,3.5,0,0,1,0,0,Sun,1,1,2022-09-11,27-038,NWE,@,MIA,L 7-20,0,0,0,,0,0,0,0,,,,0,0,,,,,,,0,0,,0,0,,1,1,41,41.0,0,100.0,41.0,1,100.0,0,0,0,,0,0,,0,0,0,0,0,0,0,0,2,3.5,0,0.0,1,5.3,WR,BourKe00
133,Kareem Hunt,56.3,0,11,4,0,0,Sun,1,1,2022-09-11,27-036,CLE,@,CAR,W 26-24,0,0,0,,0,0,0,0,,,,0,0,,,,,,,11,46,4.2,1,3,45.5,4,4,24,6.0,1,100.0,6.0,2,50.0,2,0,0,,0,0,,0,0,12,0,0,0,0,0,45,56.3,0,0.0,0,0.0,RB,HuntKa00
134,Durham Smythe,63.3,0,0,2,0,0,Sun,1,1,2022-09-11,27-033,MIA,,NWE,W 20-7,0,0,0,,0,0,0,0,,,,0,0,,,,,,,0,0,,0,0,,2,1,14,14.0,0,50.0,7.0,1,50.0,0,0,0,,0,0,,0,0,0,0,0,0,0,0,38,63.3,0,0.0,14,73.7,TE,SmytDu00
135,Dalvin Cook,77.4,0,20,5,0,0,Sun,1,1,2022-09-11,27-032,MIN,,GNB,W 23-7,0,0,0,,0,0,0,0,,,,0,0,,,,,,,20,90,4.5,0,5,55.0,5,3,18,6.0,0,60.0,3.6,1,40.0,0,0,0,,0,0,,0,0,0,0,0,0,0,0,48,77.4,0,0.0,0,0.0,RB,CookDa01
136,Jonnu Smith,68.4,0,0,4,0,0,Sun,1,1,2022-09-11,27-020,NWE,@,MIA,L 7-20,0,0,0,,0,0,0,0,,,,0,0,,,,,,,0,0,,0,0,,4,3,33,11.0,0,75.0,8.3,2,75.0,0,0,0,,0,0,,0,0,0,0,0,0,0,0,39,68.4,0,0.0,4,21.1,TE,SmitJo01
137,Trace McSorley,12.3,4,3,0,0,0,Sun,1,1,2022-09-11,27-019,ARI,,KAN,L 21-44,2,4,2,50.0,12,0,0,0,0.0,0.0,56.2,1,8,20.00,3.0,3.00,0.80,6.0,20.0,3,20,6.7,0,1,66.7,0,0,0,,0,,,0,,0,0,0,,0,0,,0,0,0,0,1,0,0,0,8,12.3,0,0.0,0,0.0,QB,McSoTr00
138,Richie James,70.0,0,1,6,0,0,Sun,1,1,2022-09-11,27-006,NYG,@,TEN,W 21-20,0,0,0,,0,0,0,0,,,,0,0,,,,,,,1,2,2.0,0,0,0.0,6,5,59,11.8,0,83.3,9.8,3,50.0,0,0,0,,0,0,,0,0,0,0,0,0,0,0,42,70.0,0,0.0,6,21.4,WR,JameRi00
139,Mark Andrews,83.9,0,0,7,0,0,Sun,1,1,2022-09-11,27-005,BAL,@,NYJ,W 24-9,0,0,0,,0,0,0,0,,,,0,0,,,,,,,0,0,,0,0,,7,5,52,10.4,0,71.4,7.4,3,57.1,0,0,0,,0,0,,0,0,0,0,0,0,0,0,47,83.9,0,0.0,1,3.7,TE,AndrMa00
140,Terry McLaurin,89.6,0,0,4,0,0,Sun,1,1,2022-09-11,26-361,WAS,,JAX,W 28-22,0,0,0,,0,0,0,0,,,,0,0,,,,,,,0,0,,0,0,,4,2,58,29.0,1,50.0,14.5,2,50.0,1,0,0,,0,0,,0,0,6,0,0,0,0,0,69,89.6,0,0.0,0,0.0,WR,McLaTe00
141,Brandon Powell,4.5,0,1,1,0,0,Thu,1,1,2022-09-08,26-361,LAR,,BUF,L 10-31,0,0,0,,0,0,0,0,,,,0,0,,,,,,,1,3,3.0,0,0,0.0,1,1,10,10.0,0,100.0,10.0,1,100.0,0,0,0,,0,0,,0,0,0,0,0,0,0,0,3,4.5,0,0.0,11,57.9,WR,PoweBr00
142,Samaje Perine,26.0,0,1,5,0,0,Sun,1,1,2022-09-11,26-360,CIN,,PIT,L 20-23 (OT),0,0,0,,0,0,0,0,,,,0,0,,,,,,,1,4,4.0,0,0,0.0,5,3,33,11.0,0,60.0,6.6,1,40.0,0,0,0,,0,0,,0,0,0,0,1,-5,0,0,26,26.0,0,0.0,21,65.6,RB,PeriSa00
143,Patrick Mahomes,92.9,39,3,0,0,1,Sun,1,1,2022-09-11,26-359,KAN,@,ARI,W 44-21,30,39,9,76.9,360,5,0,0,12.8,0.0,144.2,0,0,0.00,9.2,11.79,11.79,12.0,74.4,3,5,1.7,0,1,66.7,0,0,0,,0,,,0,,0,0,0,,0,0,,0,0,0,1,0,0,0,0,65,92.9,0,0.0,0,0.0,QB,MahoPa00
144,Mike Gesicki,41.7,0,0,1,0,0,Sun,1,1,2022-09-11,26-343,MIA,,NWE,W 20-7,0,0,0,,0,0,0,0,,,,0,0,,,,,,,0,0,,0,,,1,1,1,1.0,0,100.0,1.0,,0.0,0,0,0,,0,0,,0,0,0,0,0,0,0,0,25,41.7,0,0.0,0,0.0,TE,GesiMi00
145,Braxton Berrios,46.4,0,0,6,0,0,Sun,1,1,2022-09-11,26-340,NYJ,,BAL,L 9-24,0,0,0,,0,0,0,0,,,,0,0,,,,,,,0,0,,0,0,,6,5,37,7.4,0,83.3,6.2,2,50.0,0,0,0,,0,0,,0,0,0,0,0,0,0,0,39,46.4,0,0.0,11,40.7,WR,BerrBr00
146,Chris Myarick,23.3,0,0,1,0,0,Sun,1,1,2022-09-11,26-340,NYG,@,TEN,W 21-20,0,0,0,,0,0,0,0,,,,0,0,,,,,,,0,0,,0,0,,1,1,1,1.0,1,100.0,1.0,1,100.0,1,0,0,,0,0,,0,0,6,0,0,0,0,0,14,23.3,0,0.0,17,60.7,FB,MyarCh00
147,Courtland Sutton,95.5,0,0,7,0,0,Mon,1,1,2022-09-12,26-337,DEN,@,SEA,L 16-17,0,0,0,,0,0,0,0,,,,0,0,,,,,,,0,0,,0,0,,7,4,72,18.0,0,57.1,10.3,3,57.1,0,0,0,,0,0,,0,0,0,0,0,0,0,0,63,95.5,0,0.0,0,0.0,WR,SuttCo00
148,Dante Pettis,39.7,0,0,1,0,0,Sun,1,1,2022-09-11,26-323,CHI,,SFO,W 19-10,0,0,0,,0,0,0,0,,,,0,0,,,,,,,0,0,,0,0,,1,1,51,51.0,1,100.0,51.0,1,100.0,1,0,0,,0,0,,0,0,6,0,0,0,0,0,23,39.7,0,0.0,5,20.8,WR,PettDa00
149,Jeff Wilson,58.8,0,9,2,0,0,Sun,1,1,2022-09-11,26-299,SFO,@,CHI,L 10-19,0,0,0,,0,0,0,0,,,,0,0,,,,,,,9,22,2.4,0,,33.3,2,2,8,4.0,0,100.0,4.0,,0.0,0,0,0,,0,0,,0,0,0,0,0,0,0,0,40,58.8,0,0.0,2,8.3,RB,WilsJe01
150,Cedrick Wilson Jr.,46.7,0,1,2,0,0,Sun,1,1,2022-09-11,26-295,MIA,,NWE,W 20-7,0,0,0,,0,0,0,0,,,,0,0,,,,,,,1,8,8.0,0,,100.0,2,2,20,10.0,0,100.0,10.0,,50.0,0,0,0,,0,0,,0,0,0,0,0,0,0,0,28,46.7,0,0.0,0,0.0,WR,WilsCe01
151,Jody Fortson,34.3,0,0,1,0,0,Sun,1,1,2022-09-11,26-278,KAN,@,ARI,W 44-21,0,0,0,,0,0,0,0,,,,0,0,,,,,,,0,0,,0,0,,1,1,1,1.0,1,100.0,1.0,1,100.0,1,0,0,,0,0,,0,0,6,0,0,0,0,0,24,34.3,0,0.0,17,63.0,TE,FortJo01
152,Hunter Renfrow,82.8,0,0,6,0,1,Sun,1,1,2022-09-11,26-264,LVR,@,LAC,L 19-24,0,0,0,,0,0,0,0,,,,0,0,,,,,,,0,0,,0,0,,6,3,21,7.0,0,50.0,3.5,2,50.0,0,0,0,,0,0,,0,0,0,1,1,0,0,0,48,82.8,0,0.0,4,16.7,WR,RenfHu00
153,Nick Chubb,52.5,0,22,1,0,0,Sun,1,1,2022-09-11,26-258,CLE,@,CAR,W 26-24,0,0,0,,0,0,0,0,,,,0,0,,,,,,,22,141,6.4,0,6,59.1,1,1,2,2.0,0,100.0,2.0,0,0.0,0,0,0,,0,0,,0,0,0,0,0,0,0,0,42,52.5,0,0.0,0,0.0,RB,ChubNi00
154,Noah Brown,88.4,0,0,9,0,0,Sun,1,1,2022-09-11,26-248,DAL,,TAM,L 3-19,0,0,0,,0,0,0,0,,,,0,0,,,,,,,0,0,,0,0,,9,5,68,13.6,0,55.6,7.6,4,44.4,0,0,0,,0,0,,0,0,0,0,0,0,0,0,61,88.4,0,0.0,5,20.8,WR,BrowNo00
155,Cam Sims,10.4,0,0,1,0,0,Sun,1,1,2022-09-11,26-248,WAS,,JAX,W 28-22,0,0,0,,0,0,0,0,,,,0,0,,,,,,,0,0,,0,,,1,0,0,,0,0.0,0.0,,0.0,0,0,0,,0,0,,0,0,0,0,0,0,0,0,8,10.4,0,0.0,17,70.8,WR,SimsCa00
156,Deebo Samuel,82.4,0,8,7,0,1,Sun,1,1,2022-09-11,26-239,SFO,@,CHI,L 10-19,0,0,0,,0,0,0,0,,,,0,0,,,,,,,8,52,6.5,1,3,50.0,7,2,14,7.0,0,28.6,2.0,0,28.6,1,0,0,,0,0,,0,0,6,1,0,0,0,0,56,82.4,0,0.0,0,0.0,WR,SamuDe00
157,Russell Gage,41.9,0,0,2,0,0,Sun,1,1,2022-09-11,26-232,TAM,@,DAL,W 19-3,0,0,0,,0,0,0,0,,,,0,0,,,,,,,0,0,,0,,,2,2,13,6.5,0,100.0,6.5,,100.0,0,0,0,,0,0,,0,0,0,0,0,0,0,0,26,41.9,0,0.0,0,0.0,WR,GageRu00
158,Rashaad Penny,69.1,0,12,3,0,1,Mon,1,1,2022-09-12,26-222,SEA,,DEN,W 17-16,0,0,0,,0,0,0,0,,,,0,0,,,,,,,12,60,5.0,0,2,41.7,3,2,7,3.5,0,66.7,2.3,1,66.7,0,0,0,,0,0,,0,0,0,1,0,0,0,0,38,69.1,0,0.0,0,0.0,RB,PennRa00
159,Trent Sherfield,35.0,0,0,2,0,0,Sun,1,1,2022-09-11,26-198,MIA,,NWE,W 20-7,0,0,0,,0,0,0,0,,,,0,0,,,,,,,0,0,,0,,,2,1,8,8.0,0,50.0,4.0,,50.0,0,0,0,,0,0,,0,0,0,0,0,0,0,0,21,35.0,0,0.0,13,68.4,WR,SherTr00
160,Chris Godwin,30.6,0,0,3,0,0,Sun,1,1,2022-09-11,26-196,TAM,@,DAL,W 19-3,0,0,0,,0,0,0,0,,,,0,0,,,,,,,0,0,,0,0,,3,3,35,11.7,0,100.0,11.7,1,66.7,0,0,0,,0,0,,0,0,0,0,0,0,0,0,19,30.6,0,0.0,0,0.0,WR,GodwCh00
161,Chase Edmonds,63.3,0,12,4,0,0,Sun,1,1,2022-09-11,26-151,MIA,,NWE,W 20-7,0,0,0,,0,0,0,0,,,,0,0,,,,,,,12,25,2.1,0,0,41.7,4,4,40,10.0,0,100.0,10.0,3,75.0,0,0,0,,0,0,,0,0,0,0,0,0,0,0,38,63.3,0,0.0,0,0.0,RB,EdmoCh00
162,Drew Sample,29.0,0,0,1,0,0,Sun,1,1,2022-09-11,26-148,CIN,,PIT,L 20-23 (OT),0,0,0,,0,0,0,0,,,,0,0,,,,,,,0,0,,0,,,1,1,2,2.0,0,100.0,2.0,,0.0,0,0,0,,0,0,,0,0,0,0,0,0,0,0,29,29.0,0,0.0,9,28.1,TE,SampDr00
163,D'Onta Foreman,13.2,0,2,0,0,0,Sun,1,1,2022-09-11,26-140,CAR,,CLE,L 24-26,0,0,0,,0,0,0,0,,,,0,0,,,,,,,2,5,2.5,0,,50.0,0,0,0,,0,,,,,0,0,0,,0,0,,0,0,0,0,0,0,0,0,7,13.2,0,0.0,0,0.0,RB,ForeDO00
164,Andrew Beck,15.2,0,0,3,0,0,Mon,1,1,2022-09-12,26-120,DEN,@,SEA,L 16-17,0,0,0,,0,0,0,0,,,,0,0,,,,,,,0,0,,0,0,,3,2,52,26.0,0,66.7,17.3,2,66.7,0,0,0,,0,0,,0,0,0,0,0,0,0,0,10,15.2,0,0.0,10,52.6,TE,BeckAn01
165,Josh Allen,100.0,31,10,0,0,0,Thu,1,1,2022-09-08,26-110,BUF,@,LAR,W 31-10,26,31,5,83.9,297,3,2,0,9.7,6.5,112.0,2,5,6.06,9.6,8.61,7.94,11.4,63.6,10,56,5.6,1,4,60.0,0,0,0,,0,,,0,,1,0,0,,0,0,,0,0,6,0,0,0,0,0,59,100.0,0,0.0,0,0.0,QB,AlleJo02
166,Ian Thomas,66.0,0,0,3,0,0,Sun,1,1,2022-09-11,26-097,CAR,,CLE,L 24-26,0,0,0,,0,0,0,0,,,,0,0,,,,,,,0,0,,0,0,,3,2,53,26.5,0,66.7,17.7,2,66.7,0,0,0,,0,0,,0,0,0,0,0,0,0,0,35,66.0,0,0.0,12,37.5,TE,ThomIa00
167,Christian McCaffrey,81.1,0,10,5,0,0,Sun,1,1,2022-09-11,26-096,CAR,,CLE,L 24-26,0,0,0,,0,0,0,0,,,,0,0,,,,,,,10,33,3.3,1,3,70.0,5,4,24,6.0,0,80.0,4.8,1,40.0,1,0,0,,0,0,,0,0,6,0,1,0,0,0,43,81.1,0,0.0,0,0.0,RB,McCaCh01
168,Diontae Johnson,81.0,0,0,12,0,1,Sun,1,1,2022-09-11,26-068,PIT,@,CIN,W 23-20 (OT),0,0,0,,0,0,0,0,,,,0,0,,,,,,,0,0,,0,0,,12,7,55,7.9,0,58.3,4.6,2,33.3,0,0,0,,0,0,,0,0,0,1,0,0,0,0,51,81.0,0,0.0,0,0.0,WR,JohnDi01
169,Will Dissly,67.3,0,0,3,0,0,Mon,1,1,2022-09-12,26-066,SEA,,DEN,W 17-16,0,0,0,,0,0,0,0,,,,0,0,,,,,,,0,0,,0,0,,3,3,43,14.3,1,100.0,14.3,1,33.3,1,0,0,,0,0,,0,0,6,0,0,0,0,0,37,67.3,0,0.0,7,36.8,TE,DissWi00
170,Alec Ingold,36.7,0,1,2,0,0,Sun,1,1,2022-09-11,26-064,MIA,,NWE,W 20-7,0,0,0,,0,0,0,0,,,,0,0,,,,,,,1,2,2.0,0,1,100.0,2,1,8,8.0,0,50.0,4.0,0,50.0,0,0,0,,0,0,,0,0,0,0,0,0,0,0,22,36.7,0,0.0,6,31.6,FB,IngoAl01
171,David Njoku,88.8,0,0,1,0,0,Sun,1,1,2022-09-11,26-063,CLE,@,CAR,W 26-24,0,0,0,,0,0,0,0,,,,0,0,,,,,,,0,0,,0,,,1,1,7,7.0,0,100.0,7.0,,0.0,0,0,0,,0,0,,0,0,0,0,0,0,0,0,71,88.8,0,0.0,0,0.0,TE,NjokDa00
172,Dalton Schultz,100.0,0,0,9,0,0,Sun,1,1,2022-09-11,26-062,DAL,,TAM,L 3-19,0,0,0,,0,0,0,0,,,,0,0,,,,,,,0,0,,0,0,,9,7,62,8.9,0,77.8,6.9,2,55.6,0,0,0,,0,0,,0,0,0,0,0,0,0,0,69,100.0,0,0.0,0,0.0,TE,SchuDa00
173,Joe Mixon,73.0,0,27,9,0,0,Sun,1,1,2022-09-11,26-049,CIN,,PIT,L 20-23 (OT),0,0,0,,0,0,0,0,,,,0,0,,,,,,,27,82,3.0,0,2,25.9,9,7,63,9.0,0,77.8,7.0,3,66.7,0,0,0,,0,0,,0,0,0,0,0,0,0,0,73,73.0,0,0.0,0,0.0,RB,MixoJo00
174,KaVontae Turpin,2.9,0,0,0,0,0,Sun,1,1,2022-09-11,26-040,DAL,,TAM,L 3-19,0,0,0,,0,0,0,0,,,,0,0,,,,,,,0,0,,0,,,0,0,0,,0,,,,,0,0,0,,0,0,,0,0,0,0,0,0,0,0,2,2.9,0,0.0,10,41.7,WR,TurpKa00
175,Curtis Samuel,71.4,0,4,11,0,1,Sun,1,1,2022-09-11,26-031,WAS,,JAX,W 28-22,0,0,0,,0,0,0,0,,,,0,0,,,,,,,4,17,4.3,0,1,25.0,11,8,55,6.9,1,72.7,5.0,5,45.5,1,0,0,,0,0,,0,0,6,1,0,0,0,0,55,71.4,0,0.0,0,0.0,WR,SamuCu00
176,Ben Ellefson,27.4,0,0,1,0,0,Sun,1,1,2022-09-11,26-010,MIN,,GNB,W 23-7,0,0,0,,0,0,0,0,,,,0,0,,,,,,,0,0,,0,,,1,1,2,2.0,0,100.0,2.0,,0.0,0,0,0,,0,0,,0,0,0,0,0,0,0,0,17,27.4,0,0.0,12,52.2,TE,ElleBe00
177,Juwann Winfree,14.8,0,0,1,0,0,Sun,1,1,2022-09-11,26-007,GNB,@,MIN,L 7-23,0,0,0,,0,0,0,0,,,,0,0,,,,,,,0,0,,0,0,,1,1,17,17.0,0,100.0,17.0,1,100.0,0,0,0,,0,0,,0,0,0,0,0,0,0,0,9,14.8,0,0.0,13,56.5,WR,WinfJu00
178,Stanley Morgan Jr.,5.0,0,0,0,0,0,Sun,1,1,2022-09-11,26-004,CIN,,PIT,L 20-23 (OT),0,0,0,,0,0,0,0,,,,0,0,,,,,,,0,0,,0,,,0,0,0,,0,,,,,0,0,0,,0,0,,0,0,0,0,0,0,0,0,5,5.0,0,0.0,21,65.6,WR,MorgSt02
179,Zach Gentry,30.2,0,0,2,0,0,Sun,1,1,2022-09-11,26-001,PIT,@,CIN,W 23-20 (OT),0,0,0,,0,0,0,0,,,,0,0,,,,,,,0,0,,0,0,,2,2,40,20.0,0,100.0,20.0,1,50.0,0,0,0,,0,0,,0,0,0,0,0,0,0,0,19,30.2,0,0.0,6,18.8,TE,GentZa00
180,Juwan Johnson,73.8,0,0,5,0,0,Sun,1,1,2022-09-11,25-363,NOR,@,ATL,W 27-26,0,0,0,,0,0,0,0,,,,0,0,,,,,,,0,0,,0,0,,5,2,43,21.5,0,40.0,8.6,1,40.0,0,0,0,,0,0,,0,0,0,0,0,0,0,0,45,73.8,0,0.0,16,50.0,TE,JohnJu02
181,DJ Chark,81.2,0,0,8,0,0,Sun,1,1,2022-09-11,25-353,DET,,PHI,L 35-38,0,0,0,,0,0,0,0,,,,0,0,,,,,,,0,0,,0,0,,8,4,52,13.0,1,50.0,6.5,3,37.5,1,0,0,,0,0,,0,0,6,0,0,0,0,0,56,81.2,0,0.0,0,0.0,WR,CharDJ00
182,Equanimeous St. Brown,75.9,0,0,3,0,0,Sun,1,1,2022-09-11,25-346,CHI,,SFO,W 19-10,0,0,0,,0,0,0,0,,,,0,0,,,,,,,0,0,,0,0,,3,1,18,18.0,1,33.3,6.0,1,33.3,1,0,0,,0,0,,0,0,6,0,0,0,0,0,44,75.9,0,0.0,0,0.0,WR,St.BEq00
183,Miles Boykin,12.7,0,0,1,0,0,Sun,1,1,2022-09-11,25-334,PIT,@,CIN,W 23-20 (OT),0,0,0,,0,0,0,0,,,,0,0,,,,,,,0,0,,0,,,1,0,0,,0,0.0,0.0,,0.0,0,0,0,,0,0,,0,0,0,0,0,0,0,0,8,12.7,0,0.0,21,65.6,WR,BoykMi00
184,Ray-Ray McCloud,26.5,0,0,2,0,0,Sun,1,1,2022-09-11,25-331,SFO,@,CHI,L 10-19,0,0,0,,0,0,0,0,,,,0,0,,,,,,,0,0,,0,0,,2,1,20,20.0,0,50.0,10.0,1,50.0,0,0,0,,0,0,,0,0,0,0,0,0,0,0,18,26.5,0,0.0,10,41.7,WR,McClRa00
185,Giovanni Ricci,22.6,0,0,0,0,0,Sun,1,1,2022-09-11,25-330,CAR,,CLE,L 24-26,0,0,0,,0,0,0,0,,,,0,0,,,,,,,0,0,,0,,,0,0,0,,0,,,,,0,0,0,,0,0,,0,0,0,0,0,0,0,0,12,22.6,0,0.0,21,65.6,TE,RiccGi00
186,Jakobi Meyers,87.7,0,1,6,0,0,Sun,1,1,2022-09-11,25-306,NWE,@,MIA,L 7-20,0,0,0,,0,0,0,0,,,,0,0,,,,,,,1,7,7.0,0,1,100.0,6,4,55,13.8,0,66.7,9.2,2,66.7,0,0,0,,0,0,,0,0,0,0,0,0,0,0,50,87.7,0,0.0,1,5.3,WR,MeyeJa01
187,Nyheim Hines,28.3,0,3,6,0,1,Sun,1,1,2022-09-11,25-303,IND,@,HOU,T 20-20 (OT),0,0,0,,0,0,0,0,,,,0,0,,,,,,,3,4,1.3,0,0,33.3,6,6,50,8.3,0,100.0,8.3,3,66.7,0,0,0,,0,0,,0,0,0,1,0,0,0,0,26,28.3,0,0.0,8,25.0,RB,HineNy00
188,Dawson Knox,86.4,0,0,2,0,0,Thu,1,1,2022-09-08,25-298,BUF,@,LAR,W 31-10,0,0,0,,0,0,0,0,,,,0,0,,,,,,,0,0,,0,,,2,1,5,5.0,0,50.0,2.5,,50.0,0,0,0,,0,0,,0,0,0,0,0,0,0,0,51,86.4,0,0.0,0,0.0,TE,KnoxDa00
189,Andy Isabella,32.3,0,0,3,0,0,Sun,1,1,2022-09-11,25-297,ARI,,KAN,L 21-44,0,0,0,,0,0,0,0,,,,0,0,,,,,,,0,0,,0,0,,3,1,10,10.0,0,33.3,3.3,1,33.3,0,0,0,,0,0,,0,0,0,0,0,0,0,0,21,32.3,0,0.0,5,18.5,WR,IsabAn00
190,Christian Kirk,91.4,0,0,12,0,0,Sun,1,1,2022-09-11,25-297,JAX,@,WAS,L 22-28,0,0,0,,0,0,0,0,,,,0,0,,,,,,,0,0,,0,0,,12,6,117,19.5,0,50.0,9.8,3,41.7,0,0,0,,0,0,,0,0,0,0,0,0,0,0,64,91.4,0,0.0,0,0.0,WR,KirkCh01
191,JuJu Smith-Schuster,65.7,0,0,8,0,2,Sun,1,1,2022-09-11,25-293,KAN,@,ARI,W 44-21,0,0,0,,0,0,0,0,,,,0,0,,,,,,,0,0,,0,0,,8,6,79,13.2,0,75.0,9.9,3,75.0,0,0,0,,0,0,,0,0,0,2,0,0,0,0,46,65.7,0,0.0,0,0.0,WR,SmitJu00
192,Gunner Olszewski,14.3,0,0,0,0,0,Sun,1,1,2022-09-11,25-289,PIT,@,CIN,W 23-20 (OT),0,0,0,,0,0,0,0,,,,0,0,,,,,,,0,0,,0,,,0,0,0,,0,,,,,0,0,0,,0,0,,0,0,0,0,0,0,0,0,9,14.3,0,0.0,9,28.1,WR,OlszGu00
193,Joe Burrow,100.0,53,6,0,0,2,Sun,1,1,2022-09-11,25-275,CIN,,PIT,L 20-23 (OT),33,53,20,62.3,338,2,4,1,3.8,7.5,61.7,7,39,11.67,6.4,3.74,2.65,10.2,45.0,6,47,7.8,0,3,66.7,0,0,0,,0,,,0,,0,0,0,,0,0,,0,0,0,2,0,0,0,0,100,100.0,0,0.0,0,0.0,QB,BurrJo01
194,Lamar Jackson,100.0,30,6,0,0,0,Sun,1,1,2022-09-11,25-247,BAL,@,NYJ,W 24-9,17,30,13,56.7,213,3,1,0,10.0,3.3,98.3,2,2,6.25,7.1,7.60,7.06,12.5,43.8,6,17,2.8,0,2,50.0,0,0,0,,0,,,0,,0,0,0,,0,0,,0,0,0,0,0,0,0,0,56,100.0,0,0.0,0,0.0,QB,JackLa00
195,Saquon Barkley,83.3,0,18,7,1,1,Sun,1,1,2022-09-11,25-214,NYG,@,TEN,W 21-20,0,0,0,,0,0,0,0,,,,0,0,,,,,,,18,164,9.1,1,7,61.1,7,6,30,5.0,0,85.7,4.3,0,57.1,1,0,0,,0,0,,1,0,8,1,0,0,0,0,50,83.3,0,0.0,0,0.0,RB,BarkSa00
196,Damien Harris,38.6,0,9,3,0,0,Sun,1,1,2022-09-11,25-212,NWE,@,MIA,L 7-20,0,0,0,,0,0,0,0,,,,0,0,,,,,,,9,48,5.3,0,2,55.6,3,2,10,5.0,0,66.7,3.3,1,33.3,0,0,0,,0,0,,0,0,0,0,0,0,0,0,22,38.6,0,0.0,0,0.0,RB,HarrDa06
197,Josiah Deguara,24.6,0,0,2,0,0,Sun,1,1,2022-09-11,25-209,GNB,@,MIN,L 7-23,0,0,0,,0,0,0,0,,,,0,0,,,,,,,0,0,,0,0,,2,2,28,14.0,0,100.0,14.0,2,100.0,0,0,0,,0,0,,0,0,0,0,0,0,0,0,15,24.6,0,0.0,11,47.8,TE,DeguJo00
198,Nick Westbrook-Ikhine,67.7,0,0,2,0,0,Sun,1,1,2022-09-11,25-174,TEN,,NYG,L 20-21,0,0,0,,0,0,0,0,,,,0,0,,,,,,,0,0,,0,0,,2,1,13,13.0,0,50.0,6.5,1,50.0,0,0,0,,0,0,,0,0,0,0,0,0,0,0,44,67.7,0,0.0,1,3.6,WR,WestNi00
199,D'Wayne Eskridge,9.1,0,0,2,0,0,Mon,1,1,2022-09-12,25-173,SEA,,DEN,W 17-16,0,0,0,,0,0,0,0,,,,0,0,,,,,,,0,0,,0,,,2,1,0,0.0,0,50.0,0.0,,0.0,0,0,0,,0,0,,0,0,0,0,0,0,0,0,5,9.1,0,0.0,0,0.0,WR,EskrDW00
200,Tyler Davis,24.6,0,0,1,0,0,Sun,1,1,2022-09-11,25-162,GNB,@,MIN,L 7-23,0,0,0,,0,0,0,0,,,,0,0,,,,,,,0,0,,0,,,1,1,3,3.0,0,100.0,3.0,,0.0,0,0,0,,0,0,,0,0,0,0,0,0,0,0,15,24.6,0,0.0,17,73.9,TE,DaviTy02
201,D.J. Moore,100.0,0,1,6,0,0,Sun,1,1,2022-09-11,25-150,CAR,,CLE,L 24-26,0,0,0,,0,0,0,0,,,,0,0,,,,,,,1,7,7.0,0,0,100.0,6,3,43,14.3,0,50.0,7.2,2,50.0,0,0,0,,0,0,,0,0,0,0,0,0,0,0,53,100.0,0,0.0,0,0.0,WR,MoorD.00
202,Tony Pollard,55.1,0,6,2,0,0,Sun,1,1,2022-09-11,25-134,DAL,,TAM,L 3-19,0,0,0,,0,0,0,0,,,,0,0,,,,,,,6,8,1.3,0,,33.3,2,2,14,7.0,0,100.0,7.0,,0.0,0,0,0,,0,0,,0,0,0,0,0,0,0,0,38,55.1,0,0.0,2,8.3,RB,PollTo00
203,Miles Sanders,51.9,0,13,2,0,0,Sun,1,1,2022-09-11,25-133,PHI,@,DET,W 38-35,0,0,0,,0,0,0,0,,,,0,0,,,,,,,13,96,7.4,1,4,69.2,2,2,9,4.5,0,100.0,4.5,0,50.0,1,0,0,,0,0,,0,0,6,0,0,0,0,0,40,51.9,0,0.0,0,0.0,RB,SandMi01
204,Ashton Dulin,34.8,0,0,6,0,0,Sun,1,1,2022-09-11,25-119,IND,@,HOU,T 20-20 (OT),0,0,0,,0,0,0,0,,,,0,0,,,,,,,0,0,,0,0,,6,3,46,15.3,0,50.0,7.7,2,50.0,0,0,0,,0,0,,0,0,0,0,0,0,0,0,32,34.8,0,0.0,20,62.5,WR,DuliAs00
205,Daniel Jones,100.0,21,6,0,0,1,Sun,1,1,2022-09-11,25-107,NYG,@,TEN,W 21-20,17,21,4,81.0,188,2,1,0,9.5,4.8,115.9,5,32,19.23,9.0,8.71,5.81,11.1,46.2,6,25,4.2,0,2,50.0,0,0,0,,0,,,0,,0,0,0,,0,0,,0,0,0,1,0,0,0,0,60,100.0,0,0.0,0,0.0,QB,JoneDa05
206,Marquise Brown,95.4,0,0,6,0,0,Sun,1,1,2022-09-11,25-099,ARI,,KAN,L 21-44,0,0,0,,0,0,0,0,,,,0,0,,,,,,,0,0,,0,0,,6,4,43,10.8,1,66.7,7.2,2,50.0,1,0,0,,0,0,,0,0,6,0,0,0,0,0,62,95.4,0,0.0,0,0.0,WR,BrowMa04
207,Jalen Guyton,7.5,0,0,1,0,0,Sun,1,1,2022-09-11,25-096,LAC,,LVR,W 24-19,0,0,0,,0,0,0,0,,,,0,0,,,,,,,0,0,,0,,,1,0,0,,0,0.0,0.0,,0.0,0,0,0,,0,0,,0,0,0,0,0,0,0,0,5,7.5,0,0.0,0,0.0,WR,GuytJa01
208,David Montgomery,65.5,0,17,4,0,0,Sun,1,1,2022-09-11,25-096,CHI,,SFO,W 19-10,0,0,0,,0,0,0,0,,,,0,0,,,,,,,17,26,1.5,0,0,11.8,4,3,24,8.0,0,75.0,6.0,1,25.0,0,0,0,,0,0,,0,0,0,0,0,0,0,0,38,65.5,0,0.0,0,0.0,RB,MontDa01
209,K.J. Osborn,67.7,0,0,4,0,0,Sun,1,1,2022-09-11,25-093,MIN,,GNB,W 23-7,0,0,0,,0,0,0,0,,,,0,0,,,,,,,0,0,,0,,,4,3,14,4.7,0,75.0,3.5,,25.0,0,0,0,,0,0,,0,0,0,0,0,0,0,0,42,67.7,0,0.0,0,0.0,WR,OsboKJ00
210,A.J. Brown,87.0,0,0,13,0,0,Sun,1,1,2022-09-11,25-073,PHI,@,DET,W 38-35,0,0,0,,0,0,0,0,,,,0,0,,,,,,,0,0,,0,0,,13,10,155,15.5,0,76.9,11.9,7,61.5,0,0,0,,0,0,,0,0,0,0,0,0,0,0,67,87.0,0,0.0,2,6.5,WR,BrowAJ00
211,Ben Skowronek,88.1,0,0,6,0,0,Thu,1,1,2022-09-08,25-073,LAR,,BUF,L 10-31,0,0,0,,0,0,0,0,,,,0,0,,,,,,,0,0,,0,0,,6,4,25,6.3,0,66.7,4.2,2,66.7,0,0,0,,0,0,,0,0,0,0,0,0,0,0,59,88.1,0,0.0,0,0.0,WR,SkowBe00
212,T.J. Hockenson,91.3,0,0,7,0,0,Sun,1,1,2022-09-11,25-070,DET,,PHI,L 35-38,0,0,0,,0,0,0,0,,,,0,0,,,,,,,0,0,,0,0,,7,4,38,9.5,0,57.1,5.4,3,42.9,0,0,0,,0,0,,0,0,0,0,0,0,0,0,63,91.3,0,0.0,0,0.0,TE,HockTJ00
213,Noah Togiai,14.3,0,0,1,0,0,Sun,1,1,2022-09-11,25-067,PHI,@,DET,W 38-35,0,0,0,,0,0,0,0,,,,0,0,,,,,,,0,0,,0,,,1,0,0,,0,0.0,0.0,,0.0,0,0,0,,0,0,,0,0,0,0,0,0,0,0,11,14.3,0,0.0,6,19.4,TE,TogiNo00
214,Jauan Jennings,60.3,0,0,6,0,0,Sun,1,1,2022-09-11,25-063,SFO,@,CHI,L 10-19,0,0,0,,0,0,0,0,,,,0,0,,,,,,,0,0,,0,0,,6,4,62,15.5,0,66.7,10.3,2,50.0,0,0,0,,0,0,,0,0,0,0,0,0,0,0,41,60.3,0,0.0,6,25.0,WR,JennJa00
215,Parris Campbell,77.2,0,0,4,0,0,Sun,1,1,2022-09-11,25-057,IND,@,HOU,T 20-20 (OT),0,0,0,,0,0,0,0,,,,0,0,,,,,,,0,0,,0,0,,4,3,37,12.3,0,75.0,9.3,3,75.0,0,0,0,,0,0,,0,0,0,0,0,0,0,0,71,77.2,0,0.0,0,0.0,WR,CampPa00
216,Olamide Zaccheaus,60.0,0,0,4,0,1,Sun,1,1,2022-09-11,25-050,ATL,,NOR,L 26-27,0,0,0,,0,0,0,0,,,,0,0,,,,,,,0,0,,0,0,,4,4,49,12.3,0,100.0,12.3,1,75.0,0,0,0,,0,0,,0,0,0,1,0,0,0,0,45,60.0,0,0.0,1,3.1,WR,ZaccOl01
217,Kyler Murray,87.7,34,5,0,0,0,Sun,1,1,2022-09-11,25-035,ARI,,KAN,L 21-44,22,34,12,64.7,193,2,0,0,5.9,0.0,99.3,2,18,5.56,5.7,6.85,5.97,8.8,50.0,5,29,5.8,0,1,40.0,0,0,0,,0,,,0,,0,0,0,,0,0,,0,0,0,0,1,0,0,0,57,87.7,0,0.0,0,0.0,QB,MurrKy00
218,Mike Strachan,12.0,0,0,2,0,0,Sun,1,1,2022-09-11,25-029,IND,@,HOU,T 20-20 (OT),0,0,0,,0,0,0,0,,,,0,0,,,,,,,0,0,,0,0,,2,2,36,18.0,0,100.0,18.0,2,100.0,0,0,0,,0,0,,0,0,0,0,0,0,0,0,11,12.0,0,0.0,0,0.0,WR,StraMi03
219,Lawrence Cager,11.9,0,0,1,0,0,Sun,1,1,2022-09-11,25-022,NYJ,,BAL,L 9-24,0,0,0,,0,0,0,0,,,,0,0,,,,,,,0,0,,0,,,1,0,0,,0,0.0,0.0,,0.0,0,0,0,,0,0,,0,0,0,0,0,0,0,0,10,11.9,0,0.0,11,40.7,WR,CageLa01
220,Darrell Henderson,82.1,0,13,5,0,0,Thu,1,1,2022-09-08,25-020,LAR,,BUF,L 10-31,0,0,0,,0,0,0,0,,,,0,0,,,,,,,13,47,3.6,0,2,46.2,5,5,26,5.2,0,100.0,5.2,1,40.0,0,0,0,,0,0,,0,0,0,0,0,0,0,0,55,82.1,0,0.0,0,0.0,RB,HendDa00
221,Devin Singletary,59.3,0,8,2,0,0,Thu,1,1,2022-09-08,25-005,BUF,@,LAR,W 31-10,0,0,0,,0,0,0,0,,,,0,0,,,,,,,8,48,6.0,0,2,62.5,2,2,14,7.0,0,100.0,7.0,2,100.0,0,0,0,,0,0,,0,0,0,0,0,0,0,0,35,59.3,0,0.0,0,0.0,RB,SingDe00
222,Devin Duvernay,51.8,0,0,4,0,0,Sun,1,1,2022-09-11,24-364,BAL,@,NYJ,W 24-9,0,0,0,,0,0,0,0,,,,0,0,,,,,,,0,0,,0,0,,4,4,54,13.5,2,100.0,13.5,2,100.0,2,0,0,,0,0,,0,0,12,0,0,0,0,0,29,51.8,0,0.0,9,33.3,WR,DuveDe00
223,Tyrie Cleveland,12.1,0,0,0,0,0,Mon,1,1,2022-09-12,24-357,DEN,@,SEA,L 16-17,0,0,0,,0,0,0,0,,,,0,0,,,,,,,0,0,,0,,,0,0,0,,0,,,,,0,0,0,,0,0,,0,0,0,0,0,0,0,0,8,12.1,0,0.0,11,57.9,WR,ClevTy00
224,Michael Pittman Jr.,97.8,0,0,13,0,0,Sun,1,1,2022-09-11,24-341,IND,@,HOU,T 20-20 (OT),0,0,0,,0,0,0,0,,,,0,0,,,,,,,0,0,,0,0,,13,9,121,13.4,1,69.2,9.3,7,61.5,1,0,0,,0,0,,0,0,6,0,0,0,0,0,90,97.8,0,0.0,0,0.0,WR,PittMi01
225,Darnell Mooney,89.7,0,0,3,0,0,Sun,1,1,2022-09-11,24-317,CHI,,SFO,W 19-10,0,0,0,,0,0,0,0,,,,0,0,,,,,,,0,0,,0,,,3,1,8,8.0,0,33.3,2.7,,33.3,0,0,0,,0,0,,0,0,0,0,0,0,0,0,52,89.7,0,0.0,0,0.0,WR,MoonDa00
226,Simi Fehoko,23.2,0,0,3,0,0,Sun,1,1,2022-09-11,24-310,DAL,,TAM,L 3-19,0,0,0,,0,0,0,0,,,,0,0,,,,,,,0,0,,0,,,3,2,12,6.0,0,66.7,4.0,,33.3,0,0,0,,0,0,,0,0,0,0,0,0,0,0,16,23.2,0,0.0,13,54.2,WR,FehoSi00
227,John Bates,54.5,0,0,1,0,0,Sun,1,1,2022-09-11,24-309,WAS,,JAX,W 28-22,0,0,0,,0,0,0,0,,,,0,0,,,,,,,0,0,,0,,,1,0,0,,0,0.0,0.0,,0.0,0,0,0,,0,0,,0,0,0,0,0,0,0,0,42,54.5,0,0.0,2,8.3,TE,BateJo00
228,Justice Hill,19.6,0,2,2,0,0,Sun,1,1,2022-09-11,24-301,BAL,@,NYJ,W 24-9,0,0,0,,0,0,0,0,,,,0,0,,,,,,,2,4,2.0,0,,0.0,2,2,7,3.5,0,100.0,3.5,,0.0,0,0,0,,0,0,,0,0,0,0,0,0,0,0,11,19.6,0,0.0,14,51.9,RB,HillJu00
229,Noah Fant,56.4,0,0,4,0,0,Mon,1,1,2022-09-12,24-296,SEA,,DEN,W 17-16,0,0,0,,0,0,0,0,,,,0,0,,,,,,,0,0,,0,0,,4,3,16,5.3,0,75.0,4.0,1,25.0,0,0,0,,0,0,,0,0,0,0,0,0,0,0,31,56.4,0,0.0,0,0.0,TE,FantNo00
230,Joshua Kelley,26.9,0,4,2,0,0,Sun,1,1,2022-09-11,24-295,LAC,,LVR,W 24-19,0,0,0,,0,0,0,0,,,,0,0,,,,,,,4,21,5.3,0,2,50.0,2,2,14,7.0,0,100.0,7.0,1,100.0,0,0,0,,0,0,,0,0,0,0,0,0,0,0,18,26.9,0,0.0,16,66.7,RB,KellJo01
231,Deonte Harty,11.5,0,0,1,0,0,Sun,1,1,2022-09-11,24-281,NOR,@,ATL,W 27-26,0,0,0,,0,0,0,0,,,,0,0,,,,,,,0,0,,0,,,1,1,4,4.0,0,100.0,4.0,,100.0,0,0,0,,0,0,,0,0,0,0,0,0,0,0,7,11.5,0,0.0,10,31.3,WR,HarrDe07
232,Armani Rogers,5.2,0,0,1,0,0,Sun,1,1,2022-09-11,24-281,WAS,,JAX,W 28-22,0,0,0,,0,0,0,0,,,,0,0,,,,,,,0,0,,0,0,,1,1,23,23.0,0,100.0,23.0,1,100.0,0,0,0,,0,0,,0,0,0,0,0,0,0,0,4,5.2,0,0.0,16,66.7,TE,RogeAr00
233,D.K. Metcalf,81.8,0,0,7,0,1,Mon,1,1,2022-09-12,24-272,SEA,,DEN,W 17-16,0,0,0,,0,0,0,0,,,,0,0,,,,,,,0,0,,0,0,,7,7,36,5.1,0,100.0,5.1,1,71.4,0,0,0,,0,0,,0,0,0,1,0,0,0,0,45,81.8,0,0.0,0,0.0,WR,MetcDK00
234,Zack Moss,37.3,0,6,6,0,1,Thu,1,1,2022-09-08,24-267,BUF,@,LAR,W 31-10,0,0,0,,0,0,0,0,,,,0,0,,,,,,,6,15,2.5,0,1,33.3,6,6,21,3.5,0,100.0,3.5,0,33.3,0,0,0,,0,0,,0,0,0,1,0,0,0,0,22,37.3,0,0.0,0,0.0,RB,MossZa00
235,Josh Jacobs,60.3,0,10,1,0,0,Sun,1,1,2022-09-11,24-212,LVR,@,LAC,L 19-24,0,0,0,,0,0,0,0,,,,0,0,,,,,,,10,57,5.7,0,1,70.0,1,1,16,16.0,0,100.0,16.0,1,100.0,0,0,0,,0,0,,0,0,0,0,0,0,0,0,35,60.3,0,0.0,0,0.0,RB,JacoJo01
236,Rhamondre Stevenson,24.6,0,8,2,0,0,Sun,1,1,2022-09-11,24-200,NWE,@,MIA,L 7-20,0,0,0,,0,0,0,0,,,,0,0,,,,,,,8,25,3.1,0,2,50.0,2,2,2,1.0,0,100.0,1.0,0,0.0,0,0,0,,0,0,,0,0,0,0,0,0,0,0,14,24.6,0,0.0,0,0.0,RB,StevRh00
237,Tua Tagovailoa,100.0,33,2,0,0,1,Sun,1,1,2022-09-11,24-193,MIA,,NWE,W 20-7,23,33,10,69.7,270,1,0,0,3.0,0.0,104.4,3,28,8.33,8.2,8.79,7.28,11.7,52.8,2,0,0.0,0,0,0.0,0,0,0,,0,,,0,,0,0,0,,0,0,,0,0,0,1,0,0,0,0,60,100.0,0,0.0,0,0.0,QB,TagoTu00
238,Najee Harris,58.7,0,10,2,0,0,Sun,1,1,2022-09-11,24-186,PIT,@,CIN,W 23-20 (OT),0,0,0,,0,0,0,0,,,,0,0,,,,,,,10,23,2.3,0,1,30.0,2,2,3,1.5,1,100.0,1.5,1,50.0,1,0,0,,0,0,,0,0,6,0,0,0,0,0,37,58.7,0,0.0,0,0.0,RB,HarrNa00
239,Justin Herbert,100.0,34,4,0,0,0,Sun,1,1,2022-09-11,24-185,LAC,,LVR,W 24-19,26,34,8,76.5,279,3,0,0,8.8,0.0,129.4,0,0,0.00,8.2,9.97,9.97,10.7,58.8,4,1,0.3,0,0,0.0,0,0,0,,0,,,0,,0,0,0,,0,0,,0,0,0,0,0,0,0,0,67,100.0,0,0.0,0,0.0,QB,HerbJu00
240,Mecole Hardman,55.7,0,0,6,0,0,Sun,1,1,2022-09-11,24-183,KAN,@,ARI,W 44-21,0,0,0,,0,0,0,0,,,,0,0,,,,,,,0,0,,0,0,,6,3,16,5.3,1,50.0,2.7,2,50.0,1,0,0,,0,0,,0,0,6,0,0,0,0,0,39,55.7,0,0.0,1,3.7,WR,HardMe00
241,Brandon Aiyuk,98.5,0,1,3,0,0,Sun,1,1,2022-09-11,24-178,SFO,@,CHI,L 10-19,0,0,0,,0,0,0,0,,,,0,0,,,,,,,1,7,7.0,0,0,100.0,3,2,40,20.0,0,66.7,13.3,1,66.7,0,0,0,,0,0,,0,0,0,0,0,0,0,0,67,98.5,0,0.0,0,0.0,WR,AiyuBr00
242,Kylen Granson,55.4,0,0,7,0,0,Sun,1,1,2022-09-11,24-168,IND,@,HOU,T 20-20 (OT),0,0,0,,0,0,0,0,,,,0,0,,,,,,,0,0,,0,0,,7,3,22,7.3,0,42.9,3.1,1,28.6,0,0,0,,0,0,,0,0,0,0,0,0,0,0,51,55.4,0,0.0,9,28.1,TE,GranKy00
243,Khalil Herbert,29.3,0,9,1,0,0,Sun,1,1,2022-09-11,24-143,CHI,,SFO,W 19-10,0,0,0,,0,0,0,0,,,,0,0,,,,,,,9,45,5.0,1,3,44.4,1,1,-2,-2.0,0,100.0,-2.0,0,0.0,1,0,0,,0,0,,0,0,6,0,0,0,0,0,17,29.3,0,0.0,15,62.5,RB,HerbKh00
244,Harrison Bryant,47.5,0,0,4,0,0,Sun,1,1,2022-09-11,24-141,CLE,@,CAR,W 26-24,0,0,0,,0,0,0,0,,,,0,0,,,,,,,0,0,,0,0,,4,2,18,9.0,0,50.0,4.5,1,50.0,0,0,0,,0,0,,0,0,0,0,0,0,0,0,38,47.5,0,0.0,10,31.3,TE,BryaHa00
245,Albert Okwuegbunam,66.7,0,0,6,0,0,Mon,1,1,2022-09-12,24-140,DEN,@,SEA,L 16-17,0,0,0,,0,0,0,0,,,,0,0,,,,,,,0,0,,0,0,,6,5,33,6.6,0,83.3,5.5,2,83.3,0,0,0,,0,0,,0,0,0,0,0,0,0,0,44,66.7,0,0.0,0,0.0,TE,OkwuAl00
246,AJ Dillon,50.8,0,10,6,0,0,Sun,1,1,2022-09-11,24-132,GNB,@,MIN,L 7-23,0,0,0,,0,0,0,0,,,,0,0,,,,,,,10,45,4.5,1,4,60.0,6,5,46,9.2,0,83.3,7.7,2,66.7,1,0,0,,0,0,,0,0,6,0,0,0,0,0,31,50.8,0,0.0,0,0.0,RB,DillAJ00
247,Elijah Mitchell,25.0,0,6,0,0,0,Sun,1,1,2022-09-11,24-132,SFO,@,CHI,L 10-19,0,0,0,,0,0,0,0,,,,0,0,,,,,,,6,41,6.8,0,2,66.7,0,0,0,,0,,,0,,0,0,0,,0,0,,0,0,0,0,0,0,0,0,17,25.0,0,0.0,0,0.0,RB,MitcEl00
248,Greg Dortch,90.8,0,0,9,0,0,Sun,1,1,2022-09-11,24-105,ARI,,KAN,L 21-44,0,0,0,,0,0,0,0,,,,0,0,,,,,,,0,0,,0,0,,9,7,63,9.0,0,77.8,7.0,3,55.6,0,0,0,,0,0,,0,0,0,0,0,0,0,0,59,90.8,0,0.0,2,7.4,WR,DortGr01
249,Quez Watkins,53.2,0,0,0,0,0,Sun,1,1,2022-09-11,24-094,PHI,@,DET,W 38-35,0,0,0,,0,0,0,0,,,,0,0,,,,,,,0,0,,0,,,0,0,0,,0,,,,,0,0,0,,0,0,,0,0,0,0,0,0,0,0,41,53.2,0,0.0,6,19.4,WR,WatkQu00
250,Alexander Mattison,22.6,0,8,0,0,0,Sun,1,1,2022-09-11,24-084,MIN,,GNB,W 23-7,0,0,0,,0,0,0,0,,,,0,0,,,,,,,8,36,4.5,0,2,62.5,0,0,0,,0,,,0,,0,0,0,,0,0,,0,0,0,0,0,0,0,0,14,22.6,0,0.0,2,8.7,RB,MattAl01
251,Antonio Gibson,63.6,0,14,8,0,0,Sun,1,1,2022-09-11,24-080,WAS,,JAX,W 28-22,0,0,0,,0,0,0,0,,,,0,0,,,,,,,14,58,4.1,0,5,57.1,8,7,72,10.3,0,87.5,9.0,3,75.0,0,0,0,,0,0,,0,0,0,0,0,0,0,0,49,63.6,0,0.0,0,0.0,RB,GibsAn00
252,Chase Claypool,92.1,0,6,6,0,0,Sun,1,1,2022-09-11,24-066,PIT,@,CIN,W 23-20 (OT),0,0,0,,0,0,0,0,,,,0,0,,,,,,,6,36,6.0,0,2,33.3,6,4,18,4.5,0,66.7,3.0,1,50.0,0,0,0,,0,0,,0,0,0,0,0,0,0,0,58,92.1,0,0.0,0,0.0,WR,ClayCh01
253,Avery Williams,30.7,0,2,1,0,0,Sun,1,1,2022-09-11,24-058,ATL,,NOR,L 26-27,0,0,0,,0,0,0,0,,,,0,0,,,,,,,2,7,3.5,0,,50.0,1,1,8,8.0,0,100.0,8.0,,100.0,0,0,0,,0,0,,0,0,0,0,0,0,0,0,23,30.7,0,0.0,16,50.0,RB,WillAv02
254,Demetric Felton,13.8,0,0,1,0,1,Sun,1,1,2022-09-11,24-057,CLE,@,CAR,W 26-24,0,0,0,,0,0,0,0,,,,0,0,,,,,,,0,0,,0,,,1,0,0,,0,0.0,0.0,,0.0,0,0,0,,0,0,,0,0,0,1,0,0,0,0,11,13.8,0,0.0,10,31.3,WR,FeltDe00
255,Travis Homer,34.5,0,1,0,0,0,Mon,1,1,2022-09-12,24-036,SEA,,DEN,W 17-16,0,0,0,,0,0,0,0,,,,0,0,,,,,,,1,2,2.0,0,,0.0,0,0,0,,0,,,,,0,0,0,,0,0,,0,0,0,0,0,0,0,0,19,34.5,0,0.0,10,52.6,RB,HomeTr00
256,Jalen Hurts,100.0,32,17,0,0,0,Sun,1,1,2022-09-11,24-035,PHI,@,DET,W 38-35,18,32,14,56.3,243,0,0,0,0.0,0.0,80.6,1,4,3.03,7.6,7.59,7.24,13.5,42.4,17,90,5.3,1,6,64.7,0,0,0,,0,,,0,,1,0,0,,0,0,,0,0,6,0,0,0,0,0,77,100.0,0,0.0,0,0.0,QB,HurtJa00
257,James Robinson,48.6,0,11,2,0,0,Sun,1,1,2022-09-11,24-033,JAX,@,WAS,L 22-28,0,0,0,,0,0,0,0,,,,0,0,,,,,,,11,66,6.0,1,3,36.4,2,1,3,3.0,1,50.0,1.5,1,50.0,2,0,0,,0,0,,0,0,12,0,0,0,0,0,34,48.6,0,0.0,0,0.0,RB,RobiJa00
258,Irv Smith Jr.,30.6,0,0,2,0,0,Sun,1,1,2022-09-11,24-033,MIN,,GNB,W 23-7,0,0,0,,0,0,0,0,,,,0,0,,,,,,,0,0,,0,,,2,0,0,,0,0.0,0.0,,0.0,0,0,0,,0,0,,0,0,0,0,0,0,0,0,19,30.6,0,0.0,0,0.0,TE,SmitIr01
259,Mac Jones,100.0,30,2,0,0,1,Sun,1,1,2022-09-11,24-006,NWE,@,MIA,L 7-20,21,30,9,70.0,213,1,1,0,3.3,3.3,87.2,2,20,6.25,7.1,6.27,5.25,10.1,43.8,2,0,0.0,0,0,0.0,0,0,0,,0,,,0,,0,0,0,,0,0,,0,0,0,1,0,0,0,0,57,100.0,0,0.0,0,0.0,QB,JoneMa05
260,DeeJay Dallas,5.5,0,0,0,0,0,Mon,1,1,2022-09-12,23-361,SEA,,DEN,W 17-16,0,0,0,,0,0,0,0,,,,0,0,,,,,,,0,0,,0,,,0,0,0,,0,,,,,0,0,0,,0,0,,0,0,0,0,0,0,0,0,3,5.5,0,0.0,11,57.9,RB,DallDe00
261,Davis Mills,97.1,37,2,0,0,1,Sun,1,1,2022-09-11,23-325,HOU,,IND,T 20-20 (OT),23,37,14,62.2,240,2,0,0,5.4,0.0,98.9,3,18,7.50,6.5,7.57,6.55,10.4,50.0,2,-1,-0.5,0,0,0.0,0,0,0,,0,,,0,,0,0,0,,0,0,,0,0,0,1,0,0,0,0,68,97.1,0,0.0,0,0.0,QB,MillDa02
262,Pat Freiermuth,88.9,0,0,10,0,0,Sun,1,1,2022-09-11,23-321,PIT,@,CIN,W 23-20 (OT),0,0,0,,0,0,0,0,,,,0,0,,,,,,,0,0,,0,0,,10,5,75,15.0,0,50.0,7.5,3,40.0,0,0,0,,0,0,,0,0,0,0,0,0,0,0,56,88.9,0,0.0,6,18.8,TE,FreiPa00
263,Shi Smith,77.4,0,0,3,0,0,Sun,1,1,2022-09-11,23-320,CAR,,CLE,L 24-26,0,0,0,,0,0,0,0,,,,0,0,,,,,,,0,0,,0,0,,3,1,12,12.0,0,33.3,4.0,1,33.3,0,0,0,,0,0,,0,0,0,0,0,0,0,0,41,77.4,0,0.0,0,0.0,WR,SmitSh03
264,Jaylen Warren,36.5,0,3,1,0,0,Sun,1,1,2022-09-11,23-314,PIT,@,CIN,W 23-20 (OT),0,0,0,,0,0,0,0,,,,0,0,,,,,,,3,7,2.3,0,,0.0,1,0,0,,0,0.0,0.0,,0.0,0,0,0,,0,0,,0,0,0,0,0,0,0,0,23,36.5,0,0.0,11,34.4,RB,WarrJa01
265,Jordan Love,8.2,5,0,0,0,0,Sun,1,1,2022-09-11,23-313,GNB,@,MIN,L 7-23,4,5,1,80.0,65,0,0,0,0.0,0.0,118.7,0,0,0.00,13.0,13.00,13.00,16.3,80.0,0,0,,0,0,,0,0,0,,0,,,0,,0,0,0,,0,0,,0,0,0,0,0,0,0,0,5,8.2,0,0.0,0,0.0,QB,LoveJo03
266,Bryan Edwards,46.7,0,0,1,0,0,Sun,1,1,2022-09-11,23-302,ATL,,NOR,L 26-27,0,0,0,,0,0,0,0,,,,0,0,,,,,,,0,0,,0,,,1,0,0,,0,0.0,0.0,,0.0,0,0,0,,0,0,,0,0,0,0,0,0,0,0,35,46.7,0,0.0,0,0.0,WR,EdwaBr01
267,DeVonta Smith,96.1,0,0,4,0,0,Sun,1,1,2022-09-11,23-301,PHI,@,DET,W 38-35,0,0,0,,0,0,0,0,,,,0,0,,,,,,,0,0,,0,,,4,0,0,,0,0.0,0.0,,0.0,0,0,0,,0,0,,0,0,0,0,0,0,0,0,74,96.1,0,0.0,2,6.5,WR,SmitDe07
268,Jaylen Waddle,66.7,0,1,5,0,0,Sun,1,1,2022-09-11,23-290,MIA,,NWE,W 20-7,0,0,0,,0,0,0,0,,,,0,0,,,,,,,1,8,8.0,0,0,100.0,5,4,69,17.3,1,80.0,13.8,3,80.0,1,0,0,,0,0,,0,0,6,0,0,0,0,0,40,66.7,0,0.0,0,0.0,WR,WaddJa00
269,Troy Hairston,22.9,0,0,1,0,0,Sun,1,1,2022-09-11,23-277,HOU,,IND,T 20-20 (OT),0,0,0,,0,0,0,0,,,,0,0,,,,,,,0,0,,0,,,1,1,5,5.0,0,100.0,5.0,,100.0,0,0,0,,0,0,,0,0,0,0,0,0,0,0,16,22.9,0,0.0,13,40.6,TE,HairTr00
270,Zander Horvath,22.4,0,1,2,0,0,Sun,1,1,2022-09-11,23-275,LAC,,LVR,W 24-19,0,0,0,,0,0,0,0,,,,0,0,,,,,,,1,2,2.0,0,1,100.0,2,2,6,3.0,1,100.0,3.0,1,100.0,1,0,0,,0,0,,0,0,6,0,0,0,0,0,15,22.4,0,0.0,16,66.7,FB,HorvZa00
271,Trestan Ebner,6.9,0,0,0,0,0,Sun,1,1,2022-09-11,23-252,CHI,,SFO,W 19-10,0,0,0,,0,0,0,0,,,,0,0,,,,,,,0,0,,0,,,0,0,0,,0,,,,,0,0,0,,0,0,,0,0,0,0,0,0,0,0,4,6.9,0,0.0,5,20.8,RB,EbneTr00
272,Colby Parkinson,36.4,0,0,2,0,0,Mon,1,1,2022-09-12,23-247,SEA,,DEN,W 17-16,0,0,0,,0,0,0,0,,,,0,0,,,,,,,0,0,,0,0,,2,2,43,21.5,1,100.0,21.5,2,100.0,1,0,0,,0,0,,0,0,6,0,0,0,0,0,20,36.4,0,0.0,9,47.4,TE,ParkCo02
273,Tre' McKitty,59.7,0,0,4,0,1,Sun,1,1,2022-09-11,23-242,LAC,,LVR,W 24-19,0,0,0,,0,0,0,0,,,,0,0,,,,,,,0,0,,0,,,4,3,24,8.0,0,75.0,6.0,,50.0,0,0,0,,0,0,,0,0,0,1,0,0,0,0,40,59.7,0,0.0,10,41.7,TE,McKiTr00
274,Rachaad White,27.4,0,6,2,0,0,Sun,1,1,2022-09-11,23-242,TAM,@,DAL,W 19-3,0,0,0,,0,0,0,0,,,,0,0,,,,,,,6,14,2.3,0,1,50.0,2,2,7,3.5,0,100.0,3.5,0,50.0,0,0,0,,0,0,,0,0,0,0,0,0,0,0,17,27.4,0,0.0,16,66.7,RB,WhitRa01
275,Jaelon Darden,16.1,0,1,0,0,0,Sun,1,1,2022-09-11,23-240,TAM,@,DAL,W 19-3,0,0,0,,0,0,0,0,,,,0,0,,,,,,,1,2,2.0,0,,0.0,0,0,0,,0,,,,,0,0,0,,0,0,,0,0,0,0,0,0,0,0,10,16.1,0,0.0,5,20.8,WR,DardJa00
276,D'Andre Swift,66.7,0,15,3,0,0,Sun,1,1,2022-09-11,23-240,DET,,PHI,L 35-38,0,0,0,,0,0,0,0,,,,0,0,,,,,,,15,144,9.6,1,5,53.3,3,3,31,10.3,0,100.0,10.3,2,66.7,1,0,0,,0,0,,0,0,6,0,0,0,0,0,46,66.7,0,0.0,0,0.0,RB,SwifDA00
277,Tee Higgins,26.0,0,0,2,0,0,Sun,1,1,2022-09-11,23-236,CIN,,PIT,L 20-23 (OT),0,0,0,,0,0,0,0,,,,0,0,,,,,,,0,0,,0,0,,2,2,27,13.5,0,100.0,13.5,2,100.0,0,0,0,,0,0,,0,0,0,0,0,0,0,0,26,26.0,0,0.0,0,0.0,WR,HiggTe00
278,Jonathan Taylor,76.1,0,31,7,0,0,Sun,1,1,2022-09-11,23-235,IND,@,HOU,T 20-20 (OT),0,0,0,,0,0,0,0,,,,0,0,,,,,,,31,161,5.2,1,9,64.5,7,4,14,3.5,0,57.1,2.0,0,0.0,1,0,0,,0,0,,0,0,6,0,0,0,0,0,70,76.1,0,0.0,0,0.0,RB,TaylJo02
279,Connor Heyward,1.6,0,0,0,0,0,Sun,1,1,2022-09-11,23-232,PIT,@,CIN,W 23-20 (OT),0,0,0,,0,0,0,0,,,,0,0,,,,,,,0,0,,0,,,0,0,0,,0,,,,,0,0,0,,0,0,,0,0,0,0,0,0,0,0,1,1.6,0,0.0,22,68.8,TE,HeywCo00
280,Travis Etienne,51.4,0,4,4,0,1,Sun,1,1,2022-09-11,23-228,JAX,@,WAS,L 22-28,0,0,0,,0,0,0,0,,,,0,0,,,,,,,4,47,11.8,0,2,50.0,4,2,18,9.0,0,50.0,4.5,1,25.0,0,0,0,,0,0,,0,0,0,1,0,0,0,0,36,51.4,0,0.0,0,0.0,RB,EtieTr00
281,Kadarius Toney,11.7,0,2,0,0,0,Sun,1,1,2022-09-11,23-227,NYG,@,TEN,W 21-20,0,0,0,,0,0,0,0,,,,0,0,,,,,,,2,23,11.5,0,1,100.0,0,0,0,,0,,,0,,0,0,0,,0,0,,0,0,0,0,0,0,0,0,7,11.7,0,0.0,0,0.0,WR,ToneKa00
282,Donovan Peoples-Jones,82.5,0,0,11,0,0,Sun,1,1,2022-09-11,23-204,CLE,@,CAR,W 26-24,0,0,0,,0,0,0,0,,,,0,0,,,,,,,0,0,,0,0,,11,6,60,10.0,0,54.5,5.5,3,36.4,0,0,0,,0,0,,0,0,0,0,0,0,0,0,66,82.5,0,0.0,0,0.0,WR,PeopDo00
283,Isiah Pacheco,22.9,0,12,0,0,1,Sun,1,1,2022-09-11,23-193,KAN,@,ARI,W 44-21,0,0,0,,0,0,0,0,,,,0,0,,,,,,,12,62,5.2,1,4,50.0,0,0,0,,0,,,0,,1,0,0,,0,0,,0,0,6,1,1,0,0,0,16,22.9,0,0.0,11,40.7,RB,PachIs00
284,Justin Fields,100.0,17,11,0,0,0,Sun,1,1,2022-09-11,23-190,CHI,,SFO,W 19-10,8,17,9,47.1,121,2,1,0,11.8,5.9,85.7,2,16,10.53,7.1,6.82,5.26,15.1,26.3,11,28,2.5,0,3,36.4,0,0,0,,0,,,0,,0,0,0,,0,0,,0,0,0,0,0,0,0,0,58,100.0,0,0.0,0,0.0,QB,FielJu00
285,Cole Kmet,82.8,0,0,1,0,0,Sun,1,1,2022-09-11,23-185,CHI,,SFO,W 19-10,0,0,0,,0,0,0,0,,,,0,0,,,,,,,0,0,,0,,,1,0,0,,0,0.0,0.0,,0.0,0,0,0,,0,0,,0,0,0,0,0,0,0,0,48,82.8,0,0.0,4,16.7,TE,KmetCo00
286,Kenneth Gainwell,29.9,0,5,4,0,0,Sun,1,1,2022-09-11,23-181,PHI,@,DET,W 38-35,0,0,0,,0,0,0,0,,,,0,0,,,,,,,5,20,4.0,1,2,80.0,4,2,12,6.0,0,50.0,3.0,1,25.0,1,0,0,,0,0,,0,0,6,0,0,0,0,0,23,29.9,0,0.0,4,12.9,RB,GainKe00
287,Nico Collins,67.1,0,0,3,0,0,Sun,1,1,2022-09-11,23-176,HOU,,IND,T 20-20 (OT),0,0,0,,0,0,0,0,,,,0,0,,,,,,,0,0,,0,0,,3,2,26,13.0,0,66.7,8.7,1,33.3,0,0,0,,0,0,,0,0,0,0,0,0,0,0,47,67.1,0,0.0,0,0.0,WR,CollNi00
288,Gabriel Davis,98.3,0,0,5,0,0,Thu,1,1,2022-09-08,23-160,BUF,@,LAR,W 31-10,0,0,0,,0,0,0,0,,,,0,0,,,,,,,0,0,,0,0,,5,4,88,22.0,1,80.0,17.6,3,80.0,1,0,0,,0,0,,0,0,6,0,0,0,0,0,58,98.3,0,0.0,0,0.0,WR,DaviGa01
289,CeeDee Lamb,97.1,0,0,11,0,0,Sun,1,1,2022-09-11,23-156,DAL,,TAM,L 3-19,0,0,0,,0,0,0,0,,,,0,0,,,,,,,0,0,,0,0,,11,2,29,14.5,0,18.2,2.6,2,18.2,0,0,0,,0,0,,0,0,0,0,0,0,0,0,67,97.1,0,0.0,0,0.0,WR,LambCe00
290,Clyde Edwards-Helaire,38.6,0,7,3,0,0,Sun,1,1,2022-09-11,23-153,KAN,@,ARI,W 44-21,0,0,0,,0,0,0,0,,,,0,0,,,,,,,7,42,6.0,0,1,57.1,3,3,32,10.7,2,100.0,10.7,3,100.0,2,0,0,,0,0,,0,0,12,0,1,4,0,0,27,38.6,0,0.0,0,0.0,RB,EdwaCl00
291,Eno Benjamin,33.8,0,4,4,0,0,Sun,1,1,2022-09-11,23-151,ARI,,KAN,L 21-44,0,0,0,,0,0,0,0,,,,0,0,,,,,,,4,28,7.0,0,1,50.0,4,3,33,11.0,0,75.0,8.3,1,75.0,0,0,0,,0,0,,0,0,0,0,0,0,0,0,22,33.8,0,0.0,13,48.1,RB,BenjEn00
292,Cade Otton,48.4,0,0,0,0,0,Sun,1,1,2022-09-11,23-149,TAM,@,DAL,W 19-3,0,0,0,,0,0,0,0,,,,0,0,,,,,,,0,0,,0,,,0,0,0,,0,,,,,0,0,0,,0,0,,0,0,0,0,0,0,0,0,30,48.4,0,0.0,12,50.0,TE,OttoCa00
293,Jerry Jeudy,89.4,0,0,7,0,0,Mon,1,1,2022-09-12,23-141,DEN,@,SEA,L 16-17,0,0,0,,0,0,0,0,,,,0,0,,,,,,,0,0,,0,0,,7,4,102,25.5,1,57.1,14.6,3,42.9,1,0,0,,0,0,,0,0,6,0,0,0,0,0,59,89.4,0,0.0,0,0.0,WR,JeudJe00
294,Dennis Houston,56.5,0,0,5,0,0,Sun,1,1,2022-09-11,23-140,DAL,,TAM,L 3-19,0,0,0,,0,0,0,0,,,,0,0,,,,,,,0,0,,0,,,5,2,16,8.0,0,40.0,3.2,,20.0,0,0,0,,0,0,,0,0,0,0,0,0,0,0,39,56.5,0,0.0,9,37.5,WR,HousDe01
295,Noah Gray,52.9,0,0,2,0,0,Sun,1,1,2022-09-11,23-134,KAN,@,ARI,W 44-21,0,0,0,,0,0,0,0,,,,0,0,,,,,,,0,0,,0,0,,2,1,10,10.0,0,50.0,5.0,1,50.0,0,0,0,,0,0,,0,0,0,0,0,0,0,0,37,52.9,0,0.0,16,59.3,TE,GrayNo00
296,Michael Carter,59.5,0,10,9,0,0,Sun,1,1,2022-09-11,23-127,NYJ,,BAL,L 9-24,0,0,0,,0,0,0,0,,,,0,0,,,,,,,10,60,6.0,0,2,40.0,9,7,40,5.7,0,77.8,4.4,3,55.6,0,0,0,,0,0,,0,0,0,0,0,0,0,0,50,59.5,0,0.0,0,0.0,RB,CartMi03
297,Christian Watson,65.6,0,1,4,0,0,Sun,1,1,2022-09-11,23-122,GNB,@,MIN,L 7-23,0,0,0,,0,0,0,0,,,,0,0,,,,,,,1,7,7.0,0,0,100.0,4,2,34,17.0,0,50.0,8.5,1,50.0,0,0,0,,0,0,,0,0,0,0,0,0,0,0,40,65.6,0,0.0,1,4.3,WR,WatsCh00
298,Tylan Wallace,10.7,0,0,1,0,0,Sun,1,1,2022-09-11,23-121,BAL,@,NYJ,W 24-9,0,0,0,,0,0,0,0,,,,0,0,,,,,,,0,0,,0,,,1,0,0,,0,0.0,0.0,,0.0,0,0,0,,0,0,,0,0,0,0,0,0,0,0,6,10.7,0,0.0,16,59.3,WR,WallTy00
299,Chuba Hubbard,5.7,0,1,0,0,0,Sun,1,1,2022-09-11,23-092,CAR,,CLE,L 24-26,0,0,0,,0,0,0,0,,,,0,0,,,,,,,1,3,3.0,0,,0.0,0,0,0,,0,,,,,0,0,0,,0,0,,0,0,0,0,0,0,0,0,3,5.7,0,0.0,21,65.6,RB,HubbCh01
300,Justin Jefferson,91.9,0,0,11,0,0,Sun,1,1,2022-09-11,23-087,MIN,,GNB,W 23-7,0,0,0,,0,0,0,0,,,,0,0,,,,,,,0,0,,0,0,,11,9,184,20.4,2,81.8,16.7,7,63.6,2,0,0,,0,0,,0,0,12,0,0,0,0,0,57,91.9,0,0.0,0,0.0,WR,JeffJu00
301,Kyle Philips,47.7,0,0,9,0,1,Sun,1,1,2022-09-11,23-086,TEN,,NYG,L 20-21,0,0,0,,0,0,0,0,,,,0,0,,,,,,,0,0,,0,0,,9,6,66,11.0,0,66.7,7.3,3,55.6,0,0,0,,0,0,,0,0,0,1,0,0,0,0,31,47.7,0,0.0,6,21.4,WR,PhilKy01
302,Dax Milne,7.8,0,0,1,0,0,Sun,1,1,2022-09-11,23-080,WAS,,JAX,W 28-22,0,0,0,,0,0,0,0,,,,0,0,,,,,,,0,0,,0,,,1,0,0,,0,0.0,0.0,,0.0,0,0,0,,0,0,,0,0,0,0,0,0,0,0,6,7.8,0,0.0,9,37.5,WR,MilnDa00
303,Cam Akers,17.9,0,3,0,0,0,Thu,1,1,2022-09-08,23-078,LAR,,BUF,L 10-31,0,0,0,,0,0,0,0,,,,0,0,,,,,,,3,0,0.0,0,,0.0,0,0,0,,0,,,,,0,0,0,,0,0,,0,0,0,0,0,0,0,0,12,17.9,0,0.0,0,0.0,RB,AkerCa00
304,KJ Hamler,60.6,0,0,1,0,0,Mon,1,1,2022-09-12,23-066,DEN,@,SEA,L 16-17,0,0,0,,0,0,0,0,,,,0,0,,,,,,,0,0,,0,,,1,0,0,,0,0.0,0.0,,0.0,0,0,0,,0,0,,0,0,0,0,0,0,0,0,40,60.6,0,0.0,0,0.0,WR,HamlKJ00
305,Chigoziem Okonkwo,15.4,0,1,1,0,0,Sun,1,1,2022-09-11,23-003,TEN,,NYG,L 20-21,0,0,0,,0,0,0,0,,,,0,0,,,,,,,1,-4,-4.0,0,0,0.0,1,1,11,11.0,0,100.0,11.0,1,100.0,0,0,0,,0,0,,0,0,0,0,0,0,0,0,10,15.4,0,0.0,8,28.6,TE,OkonCh00
306,Josh Palmer,74.6,0,1,4,0,0,Sun,1,1,2022-09-11,22-354,LAC,,LVR,W 24-19,0,0,0,,0,0,0,0,,,,0,0,,,,,,,1,4,4.0,0,1,100.0,4,3,5,1.7,0,75.0,1.3,0,25.0,0,0,0,,0,0,,0,0,0,0,0,0,0,0,50,74.6,0,0.0,1,4.2,WR,PalmJo00
307,James Cook,5.1,0,1,0,0,1,Thu,1,1,2022-09-08,22-348,BUF,@,LAR,W 31-10,0,0,0,,0,0,0,0,,,,0,0,,,,,,,1,2,2.0,0,,0.0,0,0,0,,0,,,,,0,0,0,,0,0,,0,0,0,1,0,0,0,0,3,5.1,0,0.0,0,0.0,RB,CookJa01
308,Trevor Lawrence,100.0,42,2,0,0,0,Sun,1,1,2022-09-11,22-340,JAX,@,WAS,L 22-28,24,42,18,57.1,275,1,1,0,2.4,2.4,75.0,2,15,4.55,6.5,5.95,5.34,11.5,43.2,2,4,2.0,0,0,50.0,0,0,0,,0,,,0,,0,0,0,,0,0,,0,0,0,0,0,0,0,0,70,100.0,0,0.0,0,0.0,QB,LawrTr00
309,Tutu Atwell,10.4,0,0,1,0,0,Thu,1,1,2022-09-08,22-336,LAR,,BUF,L 10-31,0,0,0,,0,0,0,0,,,,0,0,,,,,,,0,0,,0,,,1,0,0,,0,0.0,0.0,,0.0,0,0,0,,0,0,,0,0,0,0,0,0,0,0,7,10.4,0,0.0,0,0.0,WR,AtweTu00
310,Amon-Ra St. Brown,88.4,0,0,12,0,0,Sun,1,1,2022-09-11,22-322,DET,,PHI,L 35-38,0,0,0,,0,0,0,0,,,,0,0,,,,,,,0,0,,0,0,,12,8,64,8.0,1,66.7,5.3,3,50.0,1,0,0,,0,0,,0,0,6,0,0,0,0,0,61,88.4,0,0.0,0,0.0,WR,StxxAm00
311,Rashod Bateman,66.1,0,0,5,0,0,Sun,1,1,2022-09-11,22-286,BAL,@,NYJ,W 24-9,0,0,0,,0,0,0,0,,,,0,0,,,,,,,0,0,,0,0,,5,2,59,29.5,1,40.0,11.8,1,40.0,1,0,0,,0,0,,0,0,6,0,0,0,0,0,37,66.1,0,0.0,1,3.7,WR,BateRa00
312,Dameon Pierce,28.6,0,11,1,0,0,Sun,1,1,2022-09-11,22-204,HOU,,IND,T 20-20 (OT),0,0,0,,0,0,0,0,,,,0,0,,,,,,,11,33,3.0,0,2,54.5,1,1,6,6.0,0,100.0,6.0,0,100.0,0,0,0,,0,0,,0,0,0,0,0,0,0,0,20,28.6,0,0.0,0,0.0,RB,PierDa01
313,Ja'Marr Chase,100.0,0,0,16,0,0,Sun,1,1,2022-09-11,22-194,CIN,,PIT,L 20-23 (OT),0,0,0,,0,0,0,0,,,,0,0,,,,,,,0,0,,0,0,,16,10,129,12.9,1,62.5,8.1,10,62.5,1,0,0,,0,0,,0,0,6,0,0,0,0,0,100,100.0,0,0.0,0,0.0,WR,ChasJa00
314,Jahan Dotson,88.3,0,1,5,0,0,Sun,1,1,2022-09-11,22-173,WAS,,JAX,W 28-22,0,0,0,,0,0,0,0,,,,0,0,,,,,,,1,-10,-10.0,0,0,0.0,5,3,40,13.3,2,60.0,8.0,2,60.0,2,0,0,,0,0,,0,0,12,0,0,0,0,0,68,88.3,0,0.0,0,0.0,WR,DotsJa00
315,Treylon Burks,36.9,0,0,5,0,0,Sun,1,1,2022-09-11,22-172,TEN,,NYG,L 20-21,0,0,0,,0,0,0,0,,,,0,0,,,,,,,0,0,,0,0,,5,3,55,18.3,0,60.0,11.0,2,60.0,0,0,0,,0,0,,0,0,0,0,0,0,0,0,24,36.9,0,0.0,4,14.3,WR,BurkTr00
316,Elijah Moore,89.3,0,0,7,0,0,Sun,1,1,2022-09-11,22-168,NYJ,,BAL,L 9-24,0,0,0,,0,0,0,0,,,,0,0,,,,,,,0,0,,0,0,,7,5,49,9.8,0,71.4,7.0,3,71.4,0,0,0,,0,0,,0,0,0,0,0,0,0,0,75,89.3,0,0.0,0,0.0,WR,MoorEl00
317,Romeo Doubs,57.4,0,1,5,0,0,Sun,1,1,2022-09-11,22-151,GNB,@,MIN,L 7-23,0,0,0,,0,0,0,0,,,,0,0,,,,,,,1,11,11.0,0,1,100.0,5,4,37,9.3,0,80.0,7.4,1,40.0,0,0,0,,0,0,,0,0,0,0,0,0,0,0,35,57.4,0,0.0,0,0.0,WR,DoubRo00
318,Isaiah Likely,44.6,0,0,4,0,0,Sun,1,1,2022-09-11,22-146,BAL,@,NYJ,W 24-9,0,0,0,,0,0,0,0,,,,0,0,,,,,,,0,0,,0,,,4,0,0,,0,0.0,0.0,,0.0,0,0,0,,0,0,,0,0,0,0,0,0,0,0,25,44.6,0,0.0,1,3.7,TE,LikeIs00
319,Javonte Williams,57.6,0,7,12,0,1,Mon,1,1,2022-09-12,22-140,DEN,@,SEA,L 16-17,0,0,0,,0,0,0,0,,,,0,0,,,,,,,7,43,6.1,0,3,57.1,12,11,65,5.9,0,91.7,5.4,3,50.0,0,0,0,,0,0,,0,0,0,1,0,0,0,0,38,57.6,0,0.0,0,0.0,RB,WillJa10
320,Alec Pierce,51.1,0,0,2,0,0,Sun,1,1,2022-09-11,22-132,IND,@,HOU,T 20-20 (OT),0,0,0,,0,0,0,0,,,,0,0,,,,,,,0,0,,0,,,2,0,0,,0,0.0,0.0,,0.0,0,0,0,,0,0,,0,0,0,0,0,0,0,0,47,51.1,0,0.0,0,0.0,WR,PierAl00
321,Trey Lance,100.0,28,13,0,0,1,Sun,1,1,2022-09-11,22-125,SFO,@,CHI,L 10-19,13,28,15,46.4,164,0,1,0,0.0,3.6,50.3,2,9,6.67,5.9,4.25,3.67,12.6,33.3,13,54,4.2,0,6,61.5,0,0,0,,0,,,0,,0,0,0,,0,0,,0,0,0,1,1,-5,0,0,68,100.0,0,0.0,0,0.0,QB,LancTr00
322,Tommy Tremble,34.0,0,0,1,0,0,Sun,1,1,2022-09-11,22-101,CAR,,CLE,L 24-26,0,0,0,,0,0,0,0,,,,0,0,,,,,,,0,0,,0,,,1,1,1,1.0,0,100.0,1.0,,100.0,0,0,0,,0,0,,0,0,0,0,0,0,0,0,18,34.0,0,0.0,20,62.5,TE,TremTo00
323,Chris Olave,73.8,0,0,3,1,0,Sun,1,1,2022-09-11,22-076,NOR,@,ATL,W 27-26,0,0,0,,0,0,0,0,,,,0,0,,,,,,,0,0,,0,0,,3,3,41,13.7,0,100.0,13.7,2,66.7,0,0,0,,0,0,,1,0,2,0,0,0,0,0,45,73.8,0,0.0,0,0.0,WR,OlavCh00
324,Brevin Jordan,60.0,0,0,2,0,0,Sun,1,1,2022-09-11,22-057,HOU,,IND,T 20-20 (OT),0,0,0,,0,0,0,0,,,,0,0,,,,,,,0,0,,0,0,,2,1,5,5.0,0,50.0,2.5,1,50.0,0,0,0,,0,0,,0,0,0,0,0,0,0,0,42,60.0,0,0.0,6,18.8,TE,JordBr00
325,Garrett Wilson,48.8,0,0,8,0,0,Sun,1,1,2022-09-11,22-051,NYJ,,BAL,L 9-24,0,0,0,,0,0,0,0,,,,0,0,,,,,,,0,0,,0,0,,8,4,52,13.0,0,50.0,6.5,2,37.5,0,0,0,,0,0,,0,0,0,0,1,0,0,0,41,48.8,0,0.0,0,0.0,WR,WilsGa00
326,Anthony Schwartz,28.8,0,2,2,0,0,Sun,1,1,2022-09-11,22-006,CLE,@,CAR,W 26-24,0,0,0,,0,0,0,0,,,,0,0,,,,,,,2,20,10.0,0,1,100.0,2,1,19,19.0,0,50.0,9.5,1,50.0,0,0,0,,0,0,,0,0,0,0,0,0,0,0,23,28.8,0,0.0,2,6.3,WR,SchwAn00
327,Skyy Moore,18.6,0,0,1,0,0,Sun,1,1,2022-09-11,22-001,KAN,@,ARI,W 44-21,0,0,0,,0,0,0,0,,,,0,0,,,,,,,0,0,,0,0,,1,1,30,30.0,0,100.0,30.0,1,100.0,0,0,0,,0,0,,0,0,0,0,0,0,0,0,13,18.6,0,0.0,6,22.2,WR,MoorSk01
328,Kyle Pitts,84.0,0,0,7,0,0,Sun,1,1,2022-09-11,21-340,ATL,,NOR,L 26-27,0,0,0,,0,0,0,0,,,,0,0,,,,,,,0,0,,0,0,,7,2,19,9.5,0,28.6,2.7,1,28.6,0,0,0,,0,0,,0,0,0,0,0,0,0,0,63,84.0,0,0.0,0,0.0,TE,PittKy00
329,Wan'Dale Robinson,15.0,0,0,1,0,0,Sun,1,1,2022-09-11,21-249,NYG,@,TEN,W 21-20,0,0,0,,0,0,0,0,,,,0,0,,,,,,,0,0,,0,0,,1,1,5,5.0,0,100.0,5.0,1,100.0,0,0,0,,0,0,,0,0,0,0,0,0,0,0,9,15.0,0,0.0,0,0.0,WR,RobiWa01
330,George Pickens,71.4,0,0,3,0,0,Sun,1,1,2022-09-11,21-191,PIT,@,CIN,W 23-20 (OT),0,0,0,,0,0,0,0,,,,0,0,,,,,,,0,0,,0,,,3,1,3,3.0,0,33.3,1.0,,0.0,0,0,0,,0,0,,0,0,0,0,0,0,0,0,45,71.4,0,0.0,0,0.0,WR,PickGe00
331,Breece Hall,45.2,0,6,9,0,1,Sun,1,1,2022-09-11,21-103,NYJ,,BAL,L 9-24,0,0,0,,0,0,0,0,,,,0,0,,,,,,,6,23,3.8,0,1,50.0,9,6,38,6.3,0,66.7,4.2,2,33.3,0,0,0,,0,0,,0,0,0,1,0,0,0,0,38,45.2,0,0.0,0,0.0,RB,HallBr03
332,Drake London,72.0,0,0,7,0,0,Sun,1,1,2022-09-11,21-049,ATL,,NOR,L 26-27,0,0,0,,0,0,0,0,,,,0,0,,,,,,,0,0,,0,0,,7,5,74,14.8,0,71.4,10.6,3,71.4,0,0,0,,0,0,,0,0,0,0,0,0,0,0,54,72.0,0,0.0,0,0.0,WR,LondDr00