Rk,Player,Cmp,Att,Tgt,TD,Fmb,Off%,Day,G#,Week,Date,Age,Team,,Opp,Result,Cmp,Att,Inc,Cmp%,Yds,TD,Int,Pick6,TD%,Int%,Rate,Sk,Yds,Sk%,Y/A,AY/A,ANY/A,Y/C,Succ%,Att,Yds,Y/A,TD,1D,Succ%,Tgt,Rec,Yds,Y/R,TD,Ctch%,Y/Tgt,1D,Succ%,TD,XPM,XPA,XP%,FGM,FGA,FG%,2PM,Sfty,Pts,Fmb,FR,Yds,FRTD,FF,OffSnp,Off%,DefSnp,Def%,STSnp,ST %,Pos.,-9999
1,Tom Brady,30,2,0,0,2,100.0,Sun,14,15,2022-12-18,45-137,TAM,,CIN,L 23-34,30,44,14,68.2,312,3,2,0,6.8,4.5,92.2,1,8,2.22,7.1,6.41,6.09,10.4,60.0,2,1,0.5,0,0,0.0,0,0,0,,0,,,0,,0,0,0,,0,0,,0,0,0,2,0,6,0,0,74,100.0,0,0.0,0,0.0,QB,BradTo00
2,Aaron Rodgers,22,3,0,0,0,100.0,Mon,14,15,2022-12-19,39-017,GNB,,LAR,W 24-12,22,30,8,73.3,229,1,1,0,3.3,3.3,92.2,3,22,9.09,7.6,6.80,5.52,10.4,51.5,3,-3,-1.0,0,0,0.0,0,0,0,,0,,,0,,0,0,0,,0,0,,0,0,0,0,0,0,0,0,71,100.0,0,0.0,0,0.0,QB,RodgAa00
3,Marcedes Lewis,0,0,1,0,0,40.8,Mon,14,15,2022-12-19,38-214,GNB,,LAR,W 24-12,0,0,0,,0,0,0,0,,,,0,0,,,,,,,0,0,,0,0,,1,1,14,14.0,0,100.0,14.0,1,100.0,0,0,0,,0,0,,0,0,0,0,0,0,0,0,29,40.8,0,0.0,4,19.0,TE,LewiMa00
4,Matt Ryan,19,3,0,0,1,100.0,Sat,14,15,2022-12-17,37-214,IND,@,MIN,L 36-39 (OT),19,33,14,57.6,182,1,0,0,3.0,0.0,83.1,3,12,8.33,5.5,6.12,5.28,9.6,36.1,3,0,0.0,0,0,0.0,0,0,0,,0,,,0,,0,0,0,,0,0,,0,0,0,1,0,0,0,0,79,100.0,0,0.0,0,0.0,QB,RyanMa00
5,Colt McCoy,13,2,0,0,0,53.8,Sun,14,15,2022-12-18,36-104,ARI,@,DEN,L 15-24,13,21,8,61.9,78,0,1,0,0.0,4.8,49.3,2,4,8.70,3.7,1.57,1.26,6.0,34.8,2,2,1.0,0,1,50.0,0,0,0,,0,,,0,,0,0,0,,0,0,,0,0,0,0,0,0,0,0,35,53.8,0,0.0,0,0.0,QB,McCoCo00
6,DeSean Jackson,0,0,3,0,0,31.7,Sat,14,15,2022-12-17,36-016,BAL,@,CLE,L 3-13,0,0,0,,0,0,0,0,,,,0,0,,,,,,,0,0,,0,,,3,0,0,,0,0.0,0.0,,0.0,0,0,0,,0,0,,0,0,0,0,0,0,0,0,20,31.7,0,0.0,0,0.0,WR,JackDe00
7,Andy Dalton,11,2,0,0,0,85.5,Sun,14,15,2022-12-18,35-050,NOR,,ATL,W 21-18,11,17,6,64.7,151,2,0,0,11.8,0.0,132.2,2,17,10.53,8.9,11.24,9.16,13.7,57.9,2,1,0.5,0,1,50.0,0,0,0,,0,,,0,,0,0,0,,0,0,,0,0,0,0,0,0,0,0,47,85.5,0,0.0,0,0.0,QB,DaltAn00
8,Ryan Tannehill,15,3,0,1,0,83.9,Sun,14,15,2022-12-18,34-144,TEN,@,LAC,L 14-17,15,22,7,68.2,165,0,1,0,0.0,4.5,71.2,4,28,15.38,7.5,5.45,3.54,11.0,42.3,3,1,0.3,1,1,33.3,0,0,0,,0,,,0,,1,0,0,,0,0,,0,0,6,0,0,0,0,0,52,83.9,0,0.0,0,0.0,QB,TannRy00
9,A.J. Green,0,0,2,0,0,56.9,Sun,14,15,2022-12-18,34-140,ARI,@,DEN,L 15-24,0,0,0,,0,0,0,0,,,,0,0,,,,,,,0,0,,0,,,2,0,0,,0,0.0,0.0,,0.0,0,0,0,,0,0,,0,0,0,0,0,0,0,0,37,56.9,0,0.0,0,0.0,WR,GreeA.00
10,Kirk Cousins,34,2,0,0,0,100.0,Sat,14,15,2022-12-17,34-120,MIN,,IND,W 39-36 (OT),34,54,20,63.0,460,4,2,1,7.4,3.7,99.3,7,34,11.48,8.5,8.33,6.82,13.5,50.8,2,0,0.0,0,0,0.0,0,0,0,,0,,,0,,0,0,0,,0,0,,0,0,0,0,0,0,0,0,90,100.0,0,0.0,0,0.0,QB,CousKi00
11,Cole Beasley,0,0,1,0,0,14.1,Sat,14,15,2022-12-17,33-235,BUF,,MIA,W 32-29,0,0,0,,0,0,0,0,,,,0,0,,,,,,,0,0,,0,,,1,1,9,9.0,0,100.0,9.0,,100.0,0,0,0,,0,0,,0,0,0,0,0,0,0,0,11,14.1,0,0.0,0,0.0,WR,BeasCo00
12,Travis Kelce,0,0,10,0,0,75.3,Sun,14,15,2022-12-18,33-074,KAN,@,HOU,W 30-24 (OT),0,0,0,,0,0,0,0,,,,0,0,,,,,,,0,0,,0,0,,10,10,105,10.5,0,100.0,10.5,7,90.0,0,0,0,,0,0,,0,0,0,0,0,0,0,0,58,75.3,0,0.0,0,0.0,TE,KelcTr00
13,Latavius Murray,0,24,1,1,0,63.8,Sun,14,15,2022-12-18,32-334,DEN,,ARI,W 24-15,0,0,0,,0,0,0,0,,,,0,0,,,,,,,24,130,5.4,1,9,54.2,1,1,12,12.0,0,100.0,12.0,0,100.0,1,0,0,,0,0,,0,0,6,0,0,0,0,0,44,63.8,0,0.0,0,0.0,RB,MurrLa00
14,Brandon Bolden,0,0,0,0,0,0.0,Sun,14,15,2022-12-18,32-326,LVR,,NWE,W 30-24,0,0,0,,0,0,0,0,,,,0,0,,,,,,,0,0,,0,,,0,0,0,,0,,,,,0,0,0,,0,0,,0,0,0,0,0,0,0,0,0,0.0,0,0.0,24,75.0,RB,BoldBr00
15,Marvin Jones,0,0,6,1,0,65.7,Sun,14,15,2022-12-18,32-281,JAX,,DAL,W 40-34 (OT),0,0,0,,0,0,0,0,,,,0,0,,,,,,,0,0,,0,0,,6,2,17,8.5,1,33.3,2.8,1,33.3,1,0,0,,0,0,,0,0,6,0,0,0,0,0,46,65.7,0,0.0,0,0.0,WR,JoneMa02
16,Rex Burkhead,0,0,4,0,0,19.0,Sun,14,15,2022-12-18,32-169,HOU,,KAN,L 24-30 (OT),0,0,0,,0,0,0,0,,,,0,0,,,,,,,0,0,,0,0,,4,2,17,8.5,0,50.0,4.3,1,25.0,0,0,0,,0,0,,0,0,0,0,0,0,0,0,12,19.0,0,0.0,4,14.3,RB,BurkRe00
17,Randall Cobb,0,0,4,0,0,40.8,Mon,14,15,2022-12-19,32-119,GNB,,LAR,W 24-12,0,0,0,,0,0,0,0,,,,0,0,,,,,,,0,0,,0,0,,4,3,32,10.7,0,75.0,8.0,2,50.0,0,0,0,,0,0,,0,0,0,0,0,0,0,0,29,40.8,0,0.0,1,4.8,WR,CobbRa00
18,Taysom Hill,2,7,0,0,1,43.6,Sun,14,15,2022-12-18,32-117,NOR,,ATL,W 21-18,2,2,0,100.0,80,1,0,0,50.0,0.0,158.3,0,0,0.00,40.0,50.00,50.00,40.0,100.0,7,30,4.3,0,2,42.9,0,0,0,,0,,,0,,0,0,0,,0,0,,0,0,0,1,1,0,0,0,24,43.6,0,0.0,15,68.2,TE/QB,HillTa00
19,Adam Thielen,0,0,4,1,0,90.0,Sat,14,15,2022-12-17,32-117,MIN,,IND,W 39-36 (OT),0,0,0,,0,0,0,0,,,,0,0,,,,,,,0,0,,0,0,,4,3,41,13.7,1,75.0,10.3,3,75.0,1,0,0,,0,0,,0,0,6,0,0,0,0,0,81,90.0,0,0.0,0,0.0,WR,ThieAd00
20,Geno Smith,31,1,0,0,1,100.0,Thu,14,15,2022-12-15,32-066,SEA,,SFO,L 13-21,31,44,13,70.5,238,1,0,0,2.3,0.0,90.9,3,31,6.38,5.4,5.86,4.83,7.7,40.4,1,18,18.0,0,1,100.0,0,0,0,,0,,,0,,0,0,0,,0,0,,0,0,0,1,0,0,0,0,64,100.0,0,0.0,0,0.0,QB,SmitGe00
21,Marquise Goodwin,0,0,5,0,0,59.4,Thu,14,15,2022-12-15,32-026,SEA,,SFO,L 13-21,0,0,0,,0,0,0,0,,,,0,0,,,,,,,0,0,,0,0,,5,2,10,5.0,0,40.0,2.0,1,40.0,0,0,0,,0,0,,0,0,0,0,0,0,0,0,38,59.4,0,0.0,0,0.0,WR,GoodMa00
22,Cordarrelle Patterson,0,14,3,1,0,50.0,Sun,14,15,2022-12-18,31-276,ATL,@,NOR,L 18-21,0,0,0,,0,0,0,0,,,,0,0,,,,,,,14,52,3.7,1,2,57.1,3,1,0,0.0,0,33.3,0.0,0,0.0,1,0,0,,0,0,,0,0,6,0,0,0,0,0,37,50.0,0,0.0,4,18.2,RB,PattCo00
23,Derek Carr,20,0,0,0,1,100.0,Sun,14,15,2022-12-18,31-265,LVR,,NWE,W 30-24,20,38,18,52.6,231,3,1,1,7.9,2.6,86.6,3,20,7.32,6.1,6.47,5.51,11.6,34.1,0,0,,0,0,,0,0,0,,0,,,0,,0,0,0,,0,0,,0,0,0,1,0,0,0,0,68,100.0,0,0.0,0,0.0,QB,CarrDe02
24,Logan Thomas,0,0,3,0,0,63.5,Sun,14,15,2022-12-18,31-170,WAS,,NYG,L 12-20,0,0,0,,0,0,0,0,,,,0,0,,,,,,,0,0,,0,,,3,1,6,6.0,0,33.3,2.0,,33.3,0,0,0,,0,0,,0,0,0,0,0,0,0,0,40,63.5,0,0.0,0,0.0,TE,ThomLo00
25,Cameron Brate,0,0,5,0,0,39.2,Sun,14,15,2022-12-18,31-168,TAM,,CIN,L 23-34,0,0,0,,0,0,0,0,,,,0,0,,,,,,,0,0,,0,0,,5,2,25,12.5,0,40.0,5.0,1,20.0,0,0,0,,0,0,,0,0,0,0,0,0,0,0,29,39.2,0,0.0,6,24.0,TE,BratCa00
26,Giovani Bernard,0,1,0,0,1,0.0,Sun,14,15,2022-12-18,31-026,TAM,,CIN,L 23-34,0,0,0,,0,0,0,0,,,,0,0,,,,,,,1,0,0.0,0,,0.0,0,0,0,,0,,,,,0,0,0,,0,0,,0,0,0,1,1,0,0,0,0,0.0,0,0.0,12,48.0,RB,BernGi00
27,David Johnson,0,4,0,0,1,32.7,Sun,14,15,2022-12-18,31-002,NOR,,ATL,W 21-18,0,0,0,,0,0,0,0,,,,0,0,,,,,,,4,12,3.0,0,,50.0,0,0,0,,0,,,,,0,0,0,,0,0,,0,0,0,1,0,0,0,0,18,32.7,0,0.0,0,0.0,RB,JohnDa08
28,Michael Burton,0,0,0,0,0,1.3,Sun,14,15,2022-12-18,30-320,KAN,@,HOU,W 30-24 (OT),0,0,0,,0,0,0,0,,,,0,0,,,,,,,0,0,,0,,,0,0,0,,0,,,,,0,0,0,,0,0,,0,0,0,0,0,0,0,0,1,1.3,0,0.0,16,57.1,RB,BurtMi00
29,MyCole Pruitt,0,0,3,0,0,55.4,Sun,14,15,2022-12-18,30-269,ATL,@,NOR,L 18-21,0,0,0,,0,0,0,0,,,,0,0,,,,,,,0,0,,0,0,,3,2,20,10.0,0,66.7,6.7,1,33.3,0,0,0,,0,0,,0,0,0,0,0,0,0,0,41,55.4,0,0.0,6,27.3,TE,PruiMy00
30,Raheem Mostert,0,17,2,0,0,76.3,Sat,14,15,2022-12-17,30-252,MIA,@,BUF,L 29-32,0,0,0,,0,0,0,0,,,,0,0,,,,,,,17,136,8.0,0,4,64.7,2,1,20,20.0,0,50.0,10.0,1,50.0,0,0,0,,0,0,,0,0,0,0,0,0,0,0,45,76.3,0,0.0,4,13.3,RB,MostRa00
31,Robert Woods,0,0,4,0,0,80.6,Sun,14,15,2022-12-18,30-252,TEN,@,LAC,L 14-17,0,0,0,,0,0,0,0,,,,0,0,,,,,,,0,0,,0,0,,4,2,12,6.0,0,50.0,3.0,1,50.0,0,0,0,,0,0,,0,0,0,0,0,0,0,0,50,80.6,0,0.0,0,0.0,WR,WoodRo02
32,Jordan Akins,0,0,6,1,0,47.6,Sun,14,15,2022-12-18,30-243,HOU,,KAN,L 24-30 (OT),0,0,0,,0,0,0,0,,,,0,0,,,,,,,0,0,,0,0,,6,3,22,7.3,1,50.0,3.7,1,33.3,1,0,0,,0,0,,0,0,6,0,0,0,0,0,30,47.6,0,0.0,0,0.0,TE,AkinJo00
33,Eric Tomlinson,0,0,3,1,0,50.7,Sun,14,15,2022-12-18,30-240,DEN,,ARI,W 24-15,0,0,0,,0,0,0,0,,,,0,0,,,,,,,0,0,,0,0,,3,3,28,9.3,1,100.0,9.3,2,100.0,1,0,0,,0,0,,0,0,6,0,0,0,0,0,35,50.7,0,0.0,0,0.0,TE,TomlEr01
34,Keenan Allen,0,0,9,0,0,88.7,Sun,14,15,2022-12-18,30-235,LAC,,TEN,W 17-14,0,0,0,,0,0,0,0,,,,0,0,,,,,,,0,0,,0,0,,9,8,86,10.8,0,88.9,9.6,4,66.7,0,0,0,,0,0,,0,0,0,0,0,0,0,0,63,88.7,0,0.0,0,0.0,WR,AlleKe00
35,Jerick McKinnon,0,10,8,2,0,62.3,Sun,14,15,2022-12-18,30-229,KAN,@,HOU,W 30-24 (OT),0,0,0,,0,0,0,0,,,,0,0,,,,,,,10,52,5.2,1,2,30.0,8,8,70,8.8,1,100.0,8.8,4,50.0,2,0,0,,0,0,,1,0,14,0,0,0,0,0,48,62.3,0,0.0,10,35.7,RB,McKiJe00
36,DeAndre Hopkins,0,0,11,0,0,92.3,Sun,14,15,2022-12-18,30-195,ARI,@,DEN,L 15-24,0,0,0,,0,0,0,0,,,,0,0,,,,,,,0,0,,0,0,,11,7,60,8.6,0,63.6,5.5,4,63.6,0,0,0,,0,0,,0,0,0,0,0,0,0,0,60,92.3,0,0.0,0,0.0,WR,HopkDe00
37,Darren Waller,0,0,3,1,0,48.5,Sun,14,15,2022-12-18,30-096,LVR,,NWE,W 30-24,0,0,0,,0,0,0,0,,,,0,0,,,,,,,0,0,,0,0,,3,3,48,16.0,1,100.0,16.0,2,66.7,1,0,0,,0,0,,0,0,6,0,0,0,0,0,33,48.5,0,0.0,0,0.0,TE,WallDa01
38,Tyler Lockett,0,0,9,0,0,89.1,Thu,14,15,2022-12-15,30-078,SEA,,SFO,L 13-21,0,0,0,,0,0,0,0,,,,0,0,,,,,,,0,0,,0,0,,9,7,68,9.7,0,77.8,7.6,3,77.8,0,0,0,,0,0,,0,0,0,0,0,0,0,0,57,89.1,0,0.0,6,21.4,WR,LockTy00
39,Tyler Kroft,0,0,1,0,0,21.9,Thu,14,15,2022-12-15,30-061,SFO,@,SEA,W 21-13,0,0,0,,0,0,0,0,,,,0,0,,,,,,,0,0,,0,0,,1,1,28,28.0,0,100.0,28.0,1,100.0,0,0,0,,0,0,,0,0,0,0,0,0,0,0,14,21.9,0,0.0,3,10.7,TE,KrofTy00
40,Chris Conley,0,0,3,0,0,50.0,Sun,14,15,2022-12-18,30-054,TEN,@,LAC,L 14-17,0,0,0,,0,0,0,0,,,,0,0,,,,,,,0,0,,0,0,,3,3,19,6.3,0,100.0,6.3,1,100.0,0,0,0,,0,0,,0,0,0,0,0,0,0,0,31,50.0,0,0.0,10,37.0,WR,ConlCh00
41,Derek Watt,0,1,0,0,0,13.2,Sun,14,15,2022-12-18,30-041,PIT,@,CAR,W 24-16,0,0,0,,0,0,0,0,,,,0,0,,,,,,,1,2,2.0,0,1,100.0,0,0,0,,0,,,0,,0,0,0,,0,0,,0,0,0,0,0,0,0,0,9,13.2,0,0.0,17,68.0,FB,WattDe00
42,Jarvis Landry,0,0,1,0,0,34.5,Sun,14,15,2022-12-18,30-020,NOR,,ATL,W 21-18,0,0,0,,0,0,0,0,,,,0,0,,,,,,,0,0,,0,,,1,0,0,,0,0.0,0.0,,0.0,0,0,0,,0,0,,0,0,0,0,0,0,0,0,19,34.5,0,0.0,0,0.0,WR,LandJa00
43,Jacoby Brissett,0,1,0,0,0,1.5,Sat,14,15,2022-12-17,30-006,CLE,,BAL,W 13-3,0,0,0,,0,0,0,0,,,,0,0,,,,,,,1,3,3.0,0,1,100.0,0,0,0,,0,,,0,,0,0,0,,0,0,,0,0,0,0,0,0,0,0,1,1.5,0,0.0,0,0.0,QB,BrisJa00
44,Davante Adams,0,0,9,0,0,98.5,Sun,14,15,2022-12-18,29-359,LVR,,NWE,W 30-24,0,0,0,,0,0,0,0,,,,0,0,,,,,,,0,0,,0,0,,9,4,28,7.0,0,44.4,3.1,1,22.2,0,0,0,,0,0,,0,0,0,0,0,0,0,0,67,98.5,0,0.0,0,0.0,WR,AdamDa01
45,Tyler Higbee,0,0,5,1,0,88.9,Mon,14,15,2022-12-19,29-352,LAR,@,GNB,L 12-24,0,0,0,,0,0,0,0,,,,0,0,,,,,,,0,0,,0,0,,5,4,27,6.8,1,80.0,5.4,1,40.0,1,0,0,,0,0,,0,0,6,0,0,0,0,0,40,88.9,0,0.0,0,0.0,TE,HigbTy00
46,Phillip Dorsett,0,0,1,0,0,85.7,Sun,14,15,2022-12-18,29-347,HOU,,KAN,L 24-30 (OT),0,1,1,0.0,0,0,0,0,0.0,0.0,39.6,0,0,0.00,0.0,0.00,0.00,,0.0,0,0,,0,,,1,0,0,,0,0.0,0.0,,0.0,0,0,0,,0,0,,0,0,0,0,0,0,0,0,54,85.7,0,0.0,0,0.0,WR,DorsPh00
47,C.J. Uzomah,0,0,2,2,0,50.8,Sun,14,15,2022-12-18,29-338,NYJ,,DET,L 17-20,0,0,0,,0,0,0,0,,,,0,0,,,,,,,0,0,,0,0,,2,2,41,20.5,2,100.0,20.5,2,100.0,2,0,0,,0,0,,0,0,12,0,0,0,0,0,32,50.8,0,0.0,12,42.9,TE,UzomC.00
48,Damiere Byrd,0,0,1,0,0,40.5,Sun,14,15,2022-12-18,29-325,ATL,@,NOR,L 18-21,0,0,0,,0,0,0,0,,,,0,0,,,,,,,0,0,,0,,,1,0,0,,0,0.0,0.0,,0.0,0,0,0,,0,0,,0,0,0,0,0,0,0,0,30,40.5,0,0.0,0,0.0,WR,ByrdDa00
49,Nick Vannett,0,0,1,0,0,15.9,Sun,14,15,2022-12-18,29-287,NYG,@,WAS,W 20-12,0,0,0,,0,0,0,0,,,,0,0,,,,,,,0,0,,0,0,,1,1,15,15.0,0,100.0,15.0,1,100.0,0,0,0,,0,0,,0,0,0,0,0,0,0,0,10,15.9,0,0.0,4,16.0,TE,VannNi00
50,Taylor Heinicke,17,3,0,0,2,100.0,Sun,14,15,2022-12-18,29-278,WAS,,NYG,L 12-20,17,29,12,58.6,249,1,0,0,3.4,0.0,98.2,3,21,9.38,8.6,9.28,7.75,14.6,34.4,3,33,11.0,0,2,100.0,0,0,0,,0,,,0,,0,0,0,,0,0,,0,0,0,2,0,0,0,0,63,100.0,0,0.0,0,0.0,QB,HeinTa00
51,DeAndre Carter,0,1,2,0,0,22.5,Sun,14,15,2022-12-18,29-252,LAC,,TEN,W 17-14,0,0,0,,0,0,0,0,,,,0,0,,,,,,,1,-10,-10.0,0,0,0.0,2,1,15,15.0,0,50.0,7.5,1,50.0,0,0,0,,0,0,,0,0,0,0,0,0,0,0,16,22.5,0,0.0,10,37.0,WR,CartDe02
52,Keelan Cole,0,0,2,1,0,23.5,Sun,14,15,2022-12-18,29-242,LVR,,NWE,W 30-24,0,0,0,,0,0,0,0,,,,0,0,,,,,,,0,0,,0,0,,2,2,50,25.0,1,100.0,25.0,2,100.0,1,0,0,,0,0,,0,0,6,0,0,0,0,0,16,23.5,0,0.0,0,0.0,WR,ColeKe00
53,Jeff Driskel,2,4,0,0,0,28.6,Sun,14,15,2022-12-18,29-239,HOU,,KAN,L 24-30 (OT),2,4,2,50.0,8,0,0,0,0.0,0.0,56.2,1,4,20.00,2.0,2.00,0.80,4.0,20.0,4,8,2.0,0,0,25.0,0,0,0,,0,,,0,,0,0,0,,0,0,,0,0,0,0,0,0,0,0,18,28.6,0,0.0,0,0.0,QB,DrisJe00
54,Robbie Chosen,0,0,2,0,0,36.9,Sun,14,15,2022-12-18,29-223,ARI,@,DEN,L 15-24,0,0,0,,0,0,0,0,,,,0,0,,,,,,,0,0,,0,,,2,0,0,,0,0.0,0.0,,0.0,0,0,0,,0,0,,0,0,0,0,0,0,0,0,24,36.9,0,0.0,0,0.0,WR,AndeRo04
55,Malcolm Brown,0,0,1,0,0,15.6,Mon,14,15,2022-12-19,29-218,LAR,@,GNB,L 12-24,0,0,0,,0,0,0,0,,,,0,0,,,,,,,0,0,,0,,,1,0,0,,0,0.0,0.0,,0.0,0,0,0,,0,0,,0,0,0,0,0,0,0,0,7,15.6,0,0.0,13,61.9,RB,BrowMa03
56,Nelson Agholor,0,0,6,0,0,83.1,Sun,14,15,2022-12-18,29-208,NWE,@,LVR,L 24-30,0,0,0,,0,0,0,0,,,,0,0,,,,,,,0,0,,0,,,6,1,3,3.0,0,16.7,0.5,,0.0,0,0,0,,0,0,,0,0,0,0,0,0,0,0,54,83.1,0,0.0,0,0.0,WR,AghoNe00
57,Ameer Abdullah,0,0,2,0,0,22.1,Sun,14,15,2022-12-18,29-188,LVR,,NWE,W 30-24,0,0,0,,0,0,0,0,,,,0,0,,,,,,,0,0,,0,,,2,2,14,7.0,0,100.0,7.0,,0.0,0,0,0,,0,0,,0,0,0,0,0,0,0,0,15,22.1,0,0.0,21,65.6,RB,AbduAm00
58,Chris Moore,0,0,8,0,0,87.3,Sun,14,15,2022-12-18,29-185,HOU,,KAN,L 24-30 (OT),0,0,0,,0,0,0,0,,,,0,0,,,,,,,0,0,,0,0,,8,4,42,10.5,0,50.0,5.3,2,25.0,0,0,0,,0,0,,0,0,0,0,0,0,0,0,55,87.3,0,0.0,0,0.0,WR,MoorCh00
59,C.J. Ham,0,2,1,1,0,15.6,Sat,14,15,2022-12-17,29-148,MIN,,IND,W 39-36 (OT),0,0,0,,0,0,0,0,,,,0,0,,,,,,,2,1,0.5,1,1,50.0,1,1,4,4.0,0,100.0,4.0,1,100.0,1,0,0,,0,0,,0,0,6,0,0,0,0,0,14,15.6,0,0.0,30,69.8,FB,HamxC.00
60,Dak Prescott,23,5,0,0,0,100.0,Sun,14,15,2022-12-18,29-142,DAL,@,JAX,L 34-40 (OT),23,30,7,76.7,256,3,2,1,10.0,6.7,107.1,3,13,9.09,8.5,7.53,6.45,11.1,60.6,5,20,4.0,0,3,80.0,0,0,0,,0,,,0,,0,0,0,,0,0,,0,0,0,0,0,0,0,0,75,100.0,0,0.0,0,0.0,QB,PresDa01
61,Mike Evans,0,0,9,0,0,81.1,Sun,14,15,2022-12-18,29-119,TAM,,CIN,L 23-34,0,0,0,,0,0,0,0,,,,0,0,,,,,,,0,0,,0,0,,9,5,83,16.6,0,55.6,9.2,4,55.6,0,0,0,,0,0,,0,0,0,0,0,0,0,0,60,81.1,0,0.0,0,0.0,WR,EvanMi00
62,Mack Hollins,0,0,8,1,0,88.2,Sun,14,15,2022-12-18,29-093,LVR,,NWE,W 30-24,0,0,0,,0,0,0,0,,,,0,0,,,,,,,0,0,,0,0,,8,4,40,10.0,1,50.0,5.0,3,50.0,1,0,0,,0,0,,0,0,6,0,0,0,0,0,60,88.2,1,1.5,3,9.4,WR,HollMa00
63,Mo Alie-Cox,0,0,1,0,0,50.6,Sat,14,15,2022-12-17,29-089,IND,@,MIN,L 36-39 (OT),0,0,0,,0,0,0,0,,,,0,0,,,,,,,0,0,,0,,,1,0,0,,0,0.0,0.0,,0.0,0,0,0,,0,0,,0,0,0,0,0,0,0,0,40,50.6,0,0.0,8,18.6,TE,AlieMo00
64,George Kittle,0,0,5,2,0,84.4,Thu,14,15,2022-12-15,29-067,SFO,@,SEA,W 21-13,0,0,0,,0,0,0,0,,,,0,0,,,,,,,0,0,,0,0,,5,4,93,23.3,2,80.0,18.6,2,60.0,2,0,0,,0,0,,0,0,12,0,0,0,0,0,54,84.4,0,0.0,1,3.6,TE,KittGe00
65,Byron Pringle,0,0,2,1,0,89.8,Sun,14,15,2022-12-18,29-031,CHI,,PHI,L 20-25,0,0,0,,0,0,0,0,,,,0,0,,,,,,,0,0,,0,0,,2,2,39,19.5,1,100.0,19.5,2,100.0,1,0,0,,0,0,,0,0,6,0,0,0,0,0,53,89.8,0,0.0,0,0.0,WR,PrinBy00
66,Stefon Diggs,0,1,9,0,0,85.9,Sat,14,15,2022-12-17,29-018,BUF,,MIA,W 32-29,0,0,0,,0,0,0,0,,,,0,0,,,,,,,1,-3,-3.0,0,0,0.0,9,5,60,12.0,0,55.6,6.7,4,55.6,0,0,0,,0,0,,0,0,0,0,0,0,0,0,67,85.9,0,0.0,0,0.0,WR,DiggSt00
67,Derrick Henry,0,21,4,1,1,71.0,Sun,14,15,2022-12-18,28-348,TEN,@,LAC,L 14-17,0,0,0,,0,0,0,0,,,,0,0,,,,,,,21,104,5.0,1,6,52.4,4,4,59,14.8,0,100.0,14.8,2,100.0,1,0,0,,0,0,,0,0,6,1,0,0,0,0,44,71.0,0,0.0,0,0.0,RB,HenrDe00
68,Tyreek Hill,0,0,13,1,0,83.1,Sat,14,15,2022-12-17,28-291,MIA,@,BUF,L 29-32,0,0,0,,0,0,0,0,,,,0,0,,,,,,,0,0,,0,0,,13,9,69,7.7,1,69.2,5.3,4,46.2,1,0,0,,0,0,,0,0,6,0,0,0,0,0,49,83.1,0,0.0,0,0.0,WR,HillTy00
69,Maxx Williams,0,0,2,0,0,20.0,Sun,14,15,2022-12-18,28-250,ARI,@,DEN,L 15-24,0,0,0,,0,0,0,0,,,,0,0,,,,,,,0,0,,0,,,2,2,11,5.5,0,100.0,5.5,,100.0,0,0,0,,0,0,,0,0,0,0,0,0,0,0,13,20.0,0,0.0,8,28.6,TE,WillMa04
70,Robert Tonyan,0,0,2,0,0,52.1,Mon,14,15,2022-12-19,28-233,GNB,,LAR,W 24-12,0,0,0,,0,0,0,0,,,,0,0,,,,,,,0,0,,0,0,,2,1,4,4.0,0,50.0,2.0,1,50.0,0,0,0,,0,0,,0,0,0,0,0,0,0,0,37,52.1,0,0.0,0,0.0,TE,TonyRo00
71,Trent Taylor,0,0,0,0,0,1.5,Sun,14,15,2022-12-18,28-232,CIN,@,TAM,W 34-23,0,0,0,,0,0,0,0,,,,0,0,,,,,,,0,0,,0,,,0,0,0,,0,,,,,0,0,0,,0,0,,0,0,0,0,0,0,0,0,1,1.5,0,0.0,3,12.0,WR,TaylTr02
72,Eric Saubert,0,0,2,0,0,59.4,Sun,14,15,2022-12-18,28-231,DEN,,ARI,W 24-15,0,0,0,,0,0,0,0,,,,0,0,,,,,,,0,0,,0,,,2,1,5,5.0,0,50.0,2.5,,0.0,0,0,0,,0,0,,0,0,0,0,0,0,0,0,41,59.4,0,0.0,19,67.9,TE,SaubEr00
73,Dare Ogunbowale,0,8,0,0,0,42.9,Sun,14,15,2022-12-18,28-228,HOU,,KAN,L 24-30 (OT),0,0,0,,0,0,0,0,,,,0,0,,,,,,,8,14,1.8,0,1,12.5,0,0,0,,0,,,0,,0,0,0,,0,0,,0,0,0,0,0,0,0,0,27,42.9,0,0.0,5,17.9,RB,OgunDa00
74,Nathan Peterman,0,0,0,0,0,1.7,Sun,14,15,2022-12-18,28-228,CHI,,PHI,L 20-25,0,1,1,0.0,0,0,0,0,0.0,0.0,39.6,0,0,0.00,0.0,0.00,0.00,,0.0,0,0,,0,,,0,0,0,,0,,,,,0,0,0,,0,0,,0,0,0,0,0,0,0,0,1,1.7,0,0.0,0,0.0,QB,PeteNa00
75,Patrick Ricard,0,1,0,0,0,55.6,Sat,14,15,2022-12-17,28-204,BAL,@,CLE,L 3-13,0,0,0,,0,0,0,0,,,,0,0,,,,,,,1,0,0.0,0,,0.0,0,0,0,,0,,,,,0,0,0,,0,0,,0,0,0,0,0,0,0,0,35,55.6,0,0.0,4,22.2,FB,RicaPa00
76,Amari Cooper,0,0,6,0,0,72.7,Sat,14,15,2022-12-17,28-183,CLE,,BAL,W 13-3,0,0,0,,0,0,0,0,,,,0,0,,,,,,,0,0,,0,0,,6,4,58,14.5,0,66.7,9.7,4,66.7,0,0,0,,0,0,,0,0,0,0,0,0,0,0,48,72.7,0,0.0,0,0.0,WR,CoopAm00
77,Gerald Everett,0,0,6,0,0,62.0,Sun,14,15,2022-12-18,28-176,LAC,,TEN,W 17-14,0,0,0,,0,0,0,0,,,,0,0,,,,,,,0,0,,0,0,,6,4,42,10.5,0,66.7,7.0,2,50.0,0,0,0,,0,0,,0,0,0,0,0,0,0,0,44,62.0,0,0.0,0,0.0,TE,EverGe00
78,Marcus Johnson,0,0,0,0,0,3.2,Sun,14,15,2022-12-18,28-135,NYG,@,WAS,W 20-12,0,0,0,,0,0,0,0,,,,0,0,,,,,,,0,0,,0,,,0,0,0,,0,,,,,0,0,0,,0,0,,0,0,0,0,0,0,0,0,2,3.2,0,0.0,15,60.0,WR,JohnMa07
79,Kalif Raymond,0,0,6,1,0,29.4,Sun,14,15,2022-12-18,28-132,DET,@,NYJ,W 20-17,0,0,0,,0,0,0,0,,,,0,0,,,,,,,0,0,,0,0,,6,5,53,10.6,0,83.3,8.8,3,50.0,1,0,0,,0,0,,0,0,6,0,0,0,0,0,20,29.4,0,0.0,6,21.4,WR,RaymKa00
80,Mitchell Trubisky,17,6,0,1,0,100.0,Sun,14,15,2022-12-18,28-120,PIT,@,CAR,W 24-16,17,22,5,77.3,179,0,0,0,0.0,0.0,100.4,1,10,4.35,8.1,8.14,7.35,10.5,60.9,6,9,1.5,1,4,66.7,0,0,0,,0,,,0,,1,0,0,,0,0,,0,0,6,0,0,0,0,0,68,100.0,0,0.0,0,0.0,QB,TrubMi00
81,Evan Engram,0,0,10,0,0,85.7,Sun,14,15,2022-12-18,28-107,JAX,,DAL,W 40-34 (OT),0,0,0,,0,0,0,0,,,,0,0,,,,,,,0,0,,0,0,,10,8,62,7.8,0,80.0,6.2,1,60.0,0,0,0,,0,0,,0,0,0,0,0,0,0,0,60,85.7,0,0.0,0,0.0,TE,EngrEv00
82,Godwin Igwebuike,0,0,0,0,0,0.0,Thu,14,15,2022-12-15,28-096,SEA,,SFO,L 13-21,0,0,0,,0,0,0,0,,,,0,0,,,,,,,0,0,,0,,,0,0,0,,0,,,,,0,0,0,,0,0,,0,0,0,0,0,0,0,0,0,0.0,0,0.0,19,67.9,RB,IgweGo00
83,Demarcus Robinson,0,0,6,0,2,63.5,Sat,14,15,2022-12-17,28-087,BAL,@,CLE,L 3-13,0,0,0,,0,0,0,0,,,,0,0,,,,,,,0,0,,0,0,,6,6,29,4.8,0,100.0,4.8,1,50.0,0,0,0,,0,0,,0,0,0,2,0,0,0,0,40,63.5,0,0.0,0,0.0,WR,RobiDe01
84,Mike Williams,0,0,8,0,0,88.7,Sun,14,15,2022-12-18,28-075,LAC,,TEN,W 17-14,0,0,0,,0,0,0,0,,,,0,0,,,,,,,0,0,,0,0,,8,4,67,16.8,0,50.0,8.4,4,50.0,0,0,0,,0,0,,0,0,0,0,0,0,0,0,63,88.7,0,0.0,0,0.0,WR,WillMi07
85,Marquez Valdes-Scantling,0,0,5,1,0,53.2,Sun,14,15,2022-12-18,28-069,KAN,@,HOU,W 30-24 (OT),0,0,0,,0,0,0,0,,,,0,0,,,,,,,0,0,,0,0,,5,3,26,8.7,1,60.0,5.2,2,40.0,1,0,0,,0,0,,0,0,6,0,0,0,0,0,41,53.2,0,0.0,0,0.0,WR,ValdMa00
86,Jared Goff,23,0,0,0,0,100.0,Sun,14,15,2022-12-18,28-065,DET,@,NYJ,W 20-17,23,38,15,60.5,252,1,0,0,2.6,0.0,88.9,0,0,0.00,6.6,7.16,7.16,11.0,44.7,0,0,,0,0,,0,0,0,,0,,,0,,0,0,0,,0,0,,0,0,0,0,0,0,0,0,68,100.0,0,0.0,0,0.0,QB,GoffJa00
87,Austin Hooper,0,0,4,0,0,48.4,Sun,14,15,2022-12-18,28-050,TEN,@,LAC,L 14-17,0,0,0,,0,0,0,0,,,,0,0,,,,,,,0,0,,0,0,,4,2,33,16.5,0,50.0,8.3,2,50.0,0,0,0,,0,0,,0,0,0,0,0,0,0,0,30,48.4,0,0.0,0,0.0,TE,HoopAu00
88,Tyler Boyd,0,0,5,1,0,60.6,Sun,14,15,2022-12-18,28-033,CIN,@,TAM,W 34-23,0,0,0,,0,0,0,0,,,,0,0,,,,,,,0,0,,0,0,,5,5,35,7.0,1,100.0,7.0,4,100.0,1,0,0,,0,0,,0,0,6,0,0,0,0,0,40,60.6,0,0.0,0,0.0,WR,BoydTy00
89,Johnny Mundt,0,0,1,0,0,17.8,Sat,14,15,2022-12-17,28-024,MIN,,IND,W 39-36 (OT),0,0,0,,0,0,0,0,,,,0,0,,,,,,,0,0,,0,,,1,1,7,7.0,0,100.0,7.0,,100.0,0,0,0,,0,0,,0,0,0,0,0,0,0,0,16,17.8,0,0.0,8,18.6,TE,MundJo00
90,Aaron Jones,0,17,5,1,1,56.3,Mon,14,15,2022-12-19,28-017,GNB,,LAR,W 24-12,0,0,0,,0,0,0,0,,,,0,0,,,,,,,17,90,5.3,0,4,52.9,5,4,36,9.0,1,80.0,7.2,2,40.0,1,0,0,,0,0,,0,0,6,1,0,0,0,0,40,56.3,0,0.0,0,0.0,RB,JoneAa00
91,Hunter Henry,0,0,4,0,0,80.0,Sun,14,15,2022-12-18,28-011,NWE,@,LVR,L 24-30,0,0,0,,0,0,0,0,,,,0,0,,,,,,,0,0,,0,,,4,2,9,4.5,0,50.0,2.3,,25.0,0,0,0,,0,0,,0,0,0,0,0,0,0,0,52,80.0,0,0.0,5,15.6,TE,HenrHu00
92,Jakob Johnson,0,0,0,0,0,22.1,Sun,14,15,2022-12-18,28-003,LVR,,NWE,W 30-24,0,0,0,,0,0,0,0,,,,0,0,,,,,,,0,0,,0,,,0,0,0,,0,,,,,0,0,0,,0,0,,0,0,0,0,0,0,0,0,15,22.1,0,0.0,13,40.6,FB,JohnJa12
93,Zach Pascal,0,0,1,0,0,24.7,Sun,14,15,2022-12-18,28-000,PHI,@,CHI,W 25-20,0,0,0,,0,0,0,0,,,,0,0,,,,,,,0,0,,0,,,1,0,0,,0,0.0,0.0,,0.0,0,0,0,,0,0,,0,0,0,0,0,0,0,0,18,24.7,0,0.0,16,64.0,WR,PascZa00
94,KhaDarel Hodge,0,0,0,0,0,17.6,Sun,14,15,2022-12-18,27-349,ATL,@,NOR,L 18-21,0,0,0,,0,0,0,0,,,,0,0,,,,,,,0,0,,0,,,0,0,0,,0,,,,,0,0,0,,0,0,,0,0,0,0,0,0,0,0,13,17.6,0,0.0,17,77.3,WR,HodgKh00
95,Leonard Fournette,0,10,4,0,0,58.1,Sun,14,15,2022-12-18,27-334,TAM,,CIN,L 23-34,0,0,0,,0,0,0,0,,,,0,0,,,,,,,10,44,4.4,0,4,90.0,4,4,30,7.5,0,100.0,7.5,2,100.0,0,0,0,,0,0,,0,0,0,0,0,0,0,0,43,58.1,0,0.0,0,0.0,RB,FourLe00
96,Anthony Firkser,0,0,2,0,0,31.1,Sun,14,15,2022-12-18,27-302,ATL,@,NOR,L 18-21,0,0,0,,0,0,0,0,,,,0,0,,,,,,,0,0,,0,,,2,0,0,,0,0.0,0.0,,0.0,0,0,0,,0,0,,0,0,0,0,0,0,0,0,23,31.1,0,0.0,0,0.0,FB,FirkAn00
97,Matt Breida,0,2,1,0,0,17.5,Sun,14,15,2022-12-18,27-293,NYG,@,WAS,W 20-12,0,0,0,,0,0,0,0,,,,0,0,,,,,,,2,6,3.0,0,,50.0,1,1,6,6.0,0,100.0,6.0,,0.0,0,0,0,,0,0,,0,0,0,0,0,0,0,0,11,17.5,0,0.0,6,24.0,RB,BreiMa00
98,Zay Jones,0,0,8,3,0,95.7,Sun,14,15,2022-12-18,27-263,JAX,,DAL,W 40-34 (OT),0,0,0,,0,0,0,0,,,,0,0,,,,,,,0,0,,0,0,,8,6,109,18.2,3,75.0,13.6,5,75.0,3,0,0,,0,0,,0,0,18,0,0,0,0,0,67,95.7,0,0.0,0,0.0,WR,JoneZa00
99,Jamal Agnew,0,3,3,0,0,14.3,Sun,14,15,2022-12-18,27-259,JAX,,DAL,W 40-34 (OT),0,0,0,,0,0,0,0,,,,0,0,,,,,,,3,52,17.3,0,3,100.0,3,2,12,6.0,0,66.7,4.0,0,33.3,0,0,0,,0,0,,0,0,0,0,0,0,0,0,10,14.3,0,0.0,12,36.4,WR,AgneJa00
100,Jamaal Williams,0,13,0,0,0,30.9,Sun,14,15,2022-12-18,27-259,DET,@,NYJ,W 20-17,0,0,0,,0,0,0,0,,,,0,0,,,,,,,13,33,2.5,0,1,46.2,0,0,0,,0,,,0,,0,0,0,,0,0,,0,0,0,0,0,0,0,0,21,30.9,0,0.0,0,0.0,RB,WillJa06
101,Justin Watson,0,0,2,0,0,64.9,Sun,14,15,2022-12-18,27-258,KAN,@,HOU,W 30-24 (OT),0,0,0,,0,0,0,0,,,,0,0,,,,,,,0,0,,0,,,2,0,0,,0,0.0,0.0,,0.0,0,0,0,,0,0,,0,0,0,0,0,0,0,0,50,64.9,0,0.0,2,7.1,WR,WatsJu01
102,Isaiah McKenzie,0,0,5,0,0,56.4,Sat,14,15,2022-12-17,27-252,BUF,,MIA,W 32-29,0,0,0,,0,0,0,0,,,,0,0,,,,,,,0,0,,0,0,,5,2,24,12.0,0,40.0,4.8,2,40.0,0,0,0,,0,0,,0,0,0,0,0,0,0,0,44,56.4,0,0.0,0,0.0,WR,McKeIs00
103,Baker Mayfield,12,1,0,0,1,100.0,Mon,14,15,2022-12-19,27-249,LAR,@,GNB,L 12-24,12,21,9,57.1,111,1,1,0,4.8,4.8,67.8,5,27,19.23,5.3,4.10,2.27,9.3,30.8,1,1,1.0,0,0,0.0,0,0,0,,0,,,0,,0,0,0,,0,0,,0,0,0,1,0,0,0,0,45,100.0,0,0.0,0,0.0,QB,MayfBa00
104,Gus Edwards,0,7,0,0,0,17.5,Sat,14,15,2022-12-17,27-248,BAL,@,CLE,L 3-13,0,0,0,,0,0,0,0,,,,0,0,,,,,,,7,55,7.9,0,3,57.1,0,0,0,,0,,,0,,0,0,0,,0,0,,0,0,0,0,0,0,0,0,11,17.5,0,0.0,0,0.0,RB,EdwaGu00
105,Kevin Rader,0,0,0,0,0,12.9,Sun,14,15,2022-12-18,27-236,TEN,@,LAC,L 14-17,0,0,0,,0,0,0,0,,,,0,0,,,,,,,0,0,,0,,,0,0,0,,0,,,,,0,0,0,,0,0,,0,0,0,0,0,0,0,0,8,12.9,0,0.0,11,40.7,TE,RadeKe00
106,Boston Scott,0,0,0,0,0,5.5,Sun,14,15,2022-12-18,27-235,PHI,@,CHI,W 25-20,0,0,0,,0,0,0,0,,,,0,0,,,,,,,0,0,,0,,,0,0,0,,0,,,,,0,0,0,,0,0,,0,0,0,0,0,0,0,0,4,5.5,0,0.0,4,16.0,RB,ScotBo02
107,James Conner,0,16,5,1,0,90.8,Sun,14,15,2022-12-18,27-227,ARI,@,DEN,L 15-24,0,0,0,,0,0,0,0,,,,0,0,,,,,,,16,63,3.9,1,3,43.8,5,3,28,9.3,0,60.0,5.6,1,20.0,1,0,0,,0,0,,0,0,6,0,0,0,0,0,59,90.8,0,0.0,0,0.0,RB,ConnJa00
108,Austin Ekeler,0,12,3,1,0,69.0,Sun,14,15,2022-12-18,27-215,LAC,,TEN,W 17-14,0,0,0,,0,0,0,0,,,,0,0,,,,,,,12,58,4.8,1,5,58.3,3,2,12,6.0,0,66.7,4.0,0,33.3,1,0,0,,0,0,,0,0,6,0,0,0,0,0,49,69.0,0,0.0,0,0.0,RB,EkelAu00
109,Ezekiel Elliott,0,16,2,1,0,50.7,Sun,14,15,2022-12-18,27-149,DAL,@,JAX,L 34-40 (OT),0,0,0,,0,0,0,0,,,,0,0,,,,,,,16,58,3.6,1,2,50.0,2,2,13,6.5,0,100.0,6.5,1,100.0,1,0,0,,0,0,,0,0,6,0,0,0,0,0,38,50.7,0,0.0,0,0.0,RB,ElliEz00
110,Alvin Kamara,0,21,2,0,0,61.8,Sun,14,15,2022-12-18,27-146,NOR,,ATL,W 21-18,0,0,0,,0,0,0,0,,,,0,0,,,,,,,21,91,4.3,0,3,66.7,2,2,13,6.5,0,100.0,6.5,1,100.0,0,0,0,,0,0,,0,0,0,0,0,0,0,0,34,61.8,0,0.0,0,0.0,RB,KamaAl00
111,Tyler Conklin,0,1,2,0,0,74.6,Sun,14,15,2022-12-18,27-141,NYJ,,DET,L 17-20,0,0,0,,0,0,0,0,,,,0,0,,,,,,,1,2,2.0,0,1,100.0,2,1,7,7.0,0,50.0,3.5,1,50.0,0,0,0,,0,0,,0,0,0,0,0,0,0,0,47,74.6,0,0.0,10,35.7,TE,ConkTy00
112,Kendrick Bourne,0,0,1,0,0,16.9,Sun,14,15,2022-12-18,27-136,NWE,@,LVR,L 24-30,0,0,0,,0,0,0,0,,,,0,0,,,,,,,0,0,,0,,,1,0,0,,0,0.0,0.0,,0.0,0,0,0,,0,0,,0,0,0,0,0,0,0,0,11,16.9,0,0.0,0,0.0,WR,BourKe00
113,Kareem Hunt,0,4,1,0,0,25.8,Sat,14,15,2022-12-17,27-133,CLE,,BAL,W 13-3,0,0,0,,0,0,0,0,,,,0,0,,,,,,,4,24,6.0,0,,50.0,1,1,3,3.0,0,100.0,3.0,,0.0,0,0,0,,0,0,,0,0,0,0,0,0,0,0,17,25.8,0,0.0,0,0.0,RB,HuntKa00
114,Durham Smythe,0,0,1,0,0,64.4,Sat,14,15,2022-12-17,27-130,MIA,@,BUF,L 29-32,0,0,0,,0,0,0,0,,,,0,0,,,,,,,0,0,,0,,,1,1,-2,-2.0,0,100.0,-2.0,,0.0,0,0,0,,0,0,,0,0,0,0,1,0,0,0,38,64.4,0,0.0,14,46.7,TE,SmytDu00
115,Dalvin Cook,0,17,4,1,1,85.6,Sat,14,15,2022-12-17,27-129,MIN,,IND,W 39-36 (OT),0,0,0,,0,0,0,0,,,,0,0,,,,,,,17,95,5.6,0,3,52.9,4,4,95,23.8,1,100.0,23.8,3,100.0,1,0,0,,0,0,,0,0,6,1,0,0,0,0,77,85.6,0,0.0,0,0.0,RB,CookDa01
116,Jonnu Smith,0,0,3,0,0,58.5,Sun,14,15,2022-12-18,27-118,NWE,@,LVR,L 24-30,0,0,0,,0,0,0,0,,,,0,0,,,,,,,0,0,,0,0,,3,2,24,12.0,0,66.7,8.0,2,66.7,0,0,0,,0,0,,0,0,0,0,0,0,0,0,38,58.5,0,0.0,0,0.0,TE,SmitJo01
117,Trace McSorley,7,1,0,0,0,46.2,Sun,14,15,2022-12-18,27-117,ARI,@,DEN,L 15-24,7,15,8,46.7,95,0,2,0,0.0,13.3,27.8,1,2,6.25,6.3,0.33,0.19,13.6,37.5,1,8,8.0,0,0,0.0,0,0,0,,0,,,0,,0,0,0,,0,0,,0,0,0,0,0,0,0,0,30,46.2,0,0.0,0,0.0,QB,McSoTr00
118,Richie James,0,0,5,0,0,79.4,Sun,14,15,2022-12-18,27-104,NYG,@,WAS,W 20-12,0,0,0,,0,0,0,0,,,,0,0,,,,,,,0,0,,0,0,,5,4,42,10.5,0,80.0,8.4,3,60.0,0,0,0,,0,0,,0,0,0,0,0,0,0,0,50,79.4,0,0.0,4,16.0,WR,JameRi00
119,Mark Andrews,0,0,7,0,0,92.1,Sat,14,15,2022-12-17,27-102,BAL,@,CLE,L 3-13,0,0,0,,0,0,0,0,,,,0,0,,,,,,,0,0,,0,0,,7,3,31,10.3,0,42.9,4.4,2,28.6,0,0,0,,0,0,,0,0,0,0,0,0,0,0,58,92.1,0,0.0,0,0.0,TE,AndrMa00
120,Brandon Powell,0,1,2,0,0,17.8,Mon,14,15,2022-12-19,27-098,LAR,@,GNB,L 12-24,0,0,0,,0,0,0,0,,,,0,0,,,,,,,1,3,3.0,0,,0.0,2,1,4,4.0,0,50.0,2.0,,50.0,0,0,0,,0,0,,0,0,0,0,0,0,0,0,8,17.8,0,0.0,10,47.6,WR,PoweBr00
121,Terry McLaurin,0,0,6,0,0,92.1,Sun,14,15,2022-12-18,27-094,WAS,,NYG,L 12-20,0,0,0,,0,0,0,0,,,,0,0,,,,,,,0,0,,0,0,,6,6,70,11.7,0,100.0,11.7,4,66.7,0,0,0,,0,0,,0,0,0,0,0,0,0,0,58,92.1,0,0.0,0,0.0,WR,McLaTe00
122,Deshaun Watson,18,6,0,0,0,98.5,Sat,14,15,2022-12-17,27-094,CLE,,BAL,W 13-3,18,28,10,64.3,161,1,0,0,3.6,0.0,91.5,3,21,9.68,5.8,6.46,5.16,8.9,48.4,6,22,3.7,0,2,33.3,0,0,0,,0,,,0,,0,0,0,,0,0,,0,0,0,0,0,0,0,0,65,98.5,0,0.0,0,0.0,QB,WatsDe00
123,Samaje Perine,0,7,1,0,0,37.9,Sun,14,15,2022-12-18,27-093,CIN,@,TAM,W 34-23,0,0,0,,0,0,0,0,,,,0,0,,,,,,,7,24,3.4,0,1,42.9,1,1,0,0.0,0,100.0,0.0,0,0.0,0,0,0,,0,0,,0,0,0,0,0,0,0,0,25,37.9,0,0.0,5,20.0,RB,PeriSa00
124,Patrick Mahomes,36,5,0,1,1,100.0,Sun,14,15,2022-12-18,27-092,KAN,@,HOU,W 30-24 (OT),36,41,5,87.8,336,2,0,0,4.9,0.0,117.1,2,23,4.65,8.2,9.17,8.21,9.3,60.5,5,33,6.6,1,3,60.0,0,0,0,,0,,,0,,1,0,0,,0,0,,0,0,6,1,1,0,0,0,77,100.0,0,0.0,0,0.0,QB,MahoPa00
125,Mike Gesicki,0,0,1,0,0,20.3,Sat,14,15,2022-12-17,27-075,MIA,@,BUF,L 29-32,0,0,0,,0,0,0,0,,,,0,0,,,,,,,0,0,,0,,,1,1,5,5.0,0,100.0,5.0,,0.0,0,0,0,,0,0,,0,0,0,0,0,0,0,0,12,20.3,0,0.0,0,0.0,TE,GesiMi00
126,Braxton Berrios,0,0,6,0,0,42.9,Sun,14,15,2022-12-18,27-073,NYJ,,DET,L 17-20,0,0,0,,0,0,0,0,,,,0,0,,,,,,,0,0,,0,0,,6,1,14,14.0,0,16.7,2.3,1,16.7,0,0,0,,0,0,,0,0,0,0,0,0,0,0,27,42.9,0,0.0,11,39.3,WR,BerrBr00
127,Dante Pettis,0,0,4,0,0,79.7,Sun,14,15,2022-12-18,27-056,CHI,,PHI,L 20-25,0,0,0,,0,0,0,0,,,,0,0,,,,,,,0,0,,0,0,,4,1,13,13.0,0,25.0,3.3,1,25.0,0,0,0,,0,0,,0,0,0,0,0,0,0,0,47,79.7,0,0.0,2,8.0,WR,PettDa00
128,Cedrick Wilson Jr.,0,0,2,0,0,22.0,Sat,14,15,2022-12-17,27-027,MIA,@,BUF,L 29-32,0,0,0,,0,0,0,0,,,,0,0,,,,,,,0,0,,0,0,,2,1,21,21.0,0,50.0,10.5,1,50.0,0,0,0,,0,0,,0,0,0,0,0,0,0,0,13,22.0,0,0.0,5,16.7,WR,WilsCe01
129,Jody Fortson,0,0,1,0,0,15.6,Sun,14,15,2022-12-18,27-011,KAN,@,HOU,W 30-24 (OT),0,0,0,,0,0,0,0,,,,0,0,,,,,,,0,0,,0,,,1,0,0,,0,0.0,0.0,,0.0,0,0,0,,0,0,,0,0,0,0,0,0,0,0,12,15.6,0,0.0,14,50.0,TE,FortJo01
130,Trenton Irwin,0,0,2,0,0,24.2,Sun,14,15,2022-12-18,27-008,CIN,@,TAM,W 34-23,0,0,0,,0,0,0,0,,,,0,0,,,,,,,0,0,,0,0,,2,1,5,5.0,0,50.0,2.5,1,50.0,0,0,0,,0,0,,0,0,0,0,0,0,0,0,16,24.2,0,0.0,1,4.0,WR,IrwiTr00
131,Allen Lazard,0,0,2,0,0,94.4,Mon,14,15,2022-12-19,27-008,GNB,,LAR,W 24-12,0,0,0,,0,0,0,0,,,,0,0,,,,,,,0,0,,0,,,2,1,7,7.0,0,50.0,3.5,,50.0,0,0,0,,0,0,,0,0,0,0,0,0,0,0,67,94.4,0,0.0,0,0.0,WR,LazaAl00
132,Hunter Renfrow,0,0,3,0,0,42.6,Sun,14,15,2022-12-18,26-362,LVR,,NWE,W 30-24,0,0,0,,0,0,0,0,,,,0,0,,,,,,,0,0,,0,0,,3,1,14,14.0,0,33.3,4.7,1,33.3,0,0,0,,0,0,,0,0,0,0,0,0,0,0,29,42.6,0,0.0,6,18.8,WR,RenfHu00
133,Nick Chubb,0,21,2,0,0,69.7,Sat,14,15,2022-12-17,26-355,CLE,,BAL,W 13-3,0,0,0,,0,0,0,0,,,,0,0,,,,,,,21,99,4.7,0,5,66.7,2,0,0,,0,0.0,0.0,0,0.0,0,0,0,,0,0,,0,0,0,0,0,0,0,0,46,69.7,0,0.0,0,0.0,RB,ChubNi00
134,Noah Brown,0,0,9,2,0,74.7,Sun,14,15,2022-12-18,26-346,DAL,@,JAX,L 34-40 (OT),0,0,0,,0,0,0,0,,,,0,0,,,,,,,0,0,,0,0,,9,6,49,8.2,2,66.7,5.4,4,55.6,2,0,0,,0,0,,0,0,12,0,0,0,0,0,56,74.7,0,0.0,5,15.2,WR,BrowNo00
135,Russell Gage,0,0,12,2,0,62.2,Sun,14,15,2022-12-18,26-330,TAM,,CIN,L 23-34,0,0,0,,0,0,0,0,,,,0,0,,,,,,,0,0,,0,0,,12,8,59,7.4,2,66.7,4.9,6,58.3,2,0,0,,0,0,,0,0,12,0,0,0,0,0,46,62.2,0,0.0,0,0.0,WR,GageRu00
136,Nsimba Webster,0,0,3,0,1,16.9,Sun,14,15,2022-12-18,26-325,CHI,,PHI,L 20-25,0,0,0,,0,0,0,0,,,,0,0,,,,,,,0,0,,0,0,,3,2,14,7.0,0,66.7,4.7,1,66.7,0,0,0,,0,0,,0,0,0,1,0,0,0,0,10,16.9,0,0.0,10,40.0,WR,WebsNs00
137,Royce Freeman,0,11,1,0,0,38.1,Sun,14,15,2022-12-18,26-297,HOU,,KAN,L 24-30 (OT),0,0,0,,0,0,0,0,,,,0,0,,,,,,,11,51,4.6,0,3,63.6,1,1,5,5.0,0,100.0,5.0,0,0.0,0,0,0,,0,0,,0,0,0,0,0,0,0,0,24,38.1,0,0.0,5,17.9,RB,FreeRo00
138,Trent Sherfield,0,0,1,0,0,54.2,Sat,14,15,2022-12-17,26-295,MIA,@,BUF,L 29-32,0,0,0,,0,0,0,0,,,,0,0,,,,,,,0,0,,0,,,1,0,0,,0,0.0,0.0,,0.0,0,0,0,,0,0,,0,0,0,0,0,0,0,0,32,54.2,0,0.0,11,36.7,WR,SherTr00
139,Chris Godwin,0,0,8,1,0,89.2,Sun,14,15,2022-12-18,26-294,TAM,,CIN,L 23-34,0,0,0,,0,0,0,0,,,,0,0,,,,,,,0,0,,0,0,,8,8,83,10.4,1,100.0,10.4,4,100.0,1,0,0,,0,0,,0,0,6,0,0,0,0,0,66,89.2,0,0.0,0,0.0,WR,GodwCh00
140,D'Ernest Johnson,0,0,0,0,0,4.5,Sat,14,15,2022-12-17,26-293,CLE,,BAL,W 13-3,0,0,0,,0,0,0,0,,,,0,0,,,,,,,0,0,,0,,,0,0,0,,0,,,,,0,0,0,,0,0,,0,0,0,0,0,0,0,0,3,4.5,0,0.0,9,50.0,RB,JohnDE04
141,Michael Gallup,0,0,2,0,0,90.7,Sun,14,15,2022-12-18,26-289,DAL,@,JAX,L 34-40 (OT),0,0,0,,0,0,0,0,,,,0,0,,,,,,,0,0,,0,,,2,1,2,2.0,0,50.0,1.0,,0.0,0,0,0,,0,0,,0,0,0,0,0,0,0,0,68,90.7,0,0.0,0,0.0,WR,GallMi00
142,Marlon Mack,0,5,4,1,0,29.0,Sun,14,15,2022-12-18,26-286,DEN,,ARI,W 24-15,0,0,0,,0,0,0,0,,,,0,0,,,,,,,5,37,7.4,1,3,80.0,4,4,26,6.5,0,100.0,6.5,1,50.0,1,0,0,,0,0,,0,0,6,0,0,0,0,0,20,29.0,0,0.0,0,0.0,RB,MackMa00
143,Justin Jackson,0,6,2,0,0,32.4,Sun,14,15,2022-12-18,26-240,DET,@,NYJ,W 20-17,0,0,0,,0,0,0,0,,,,0,0,,,,,,,6,16,2.7,0,0,33.3,2,1,15,15.0,0,50.0,7.5,1,50.0,0,0,0,,0,0,,0,0,0,0,0,0,0,0,22,32.4,0,0.0,19,67.9,RB,JackJu01
144,D'Onta Foreman,0,10,0,0,1,30.4,Sun,14,15,2022-12-18,26-238,CAR,,PIT,L 16-24,0,0,0,,0,0,0,0,,,,0,0,,,,,,,10,9,0.9,0,,20.0,0,0,0,,0,,,,,0,0,0,,0,0,,0,0,0,1,0,0,0,0,14,30.4,0,0.0,0,0.0,RB,ForeDO00
145,Andrew Beck,0,1,1,0,0,30.4,Sun,14,15,2022-12-18,26-217,DEN,,ARI,W 24-15,0,0,0,,0,0,0,0,,,,0,0,,,,,,,1,1,1.0,0,,0.0,1,0,0,,0,0.0,0.0,,0.0,0,0,0,,0,0,,0,0,0,0,0,0,0,0,21,30.4,0,0.0,19,67.9,TE,BeckAn01
146,Josh Allen,25,10,0,0,2,100.0,Sat,14,15,2022-12-17,26-210,BUF,,MIA,W 32-29,25,40,15,62.5,304,4,0,0,10.0,0.0,119.2,2,8,4.76,7.6,9.60,8.95,12.2,57.1,10,77,7.7,0,3,50.0,0,0,0,,0,,,0,,0,0,0,,0,0,,1,0,2,2,0,0,0,0,78,100.0,0,0.0,0,0.0,QB,AlleJo02
147,Ian Thomas,0,0,0,0,0,45.7,Sun,14,15,2022-12-18,26-195,CAR,,PIT,L 16-24,0,0,0,,0,0,0,0,,,,0,0,,,,,,,0,0,,0,,,0,0,0,,0,,,,,0,0,0,,0,0,,0,0,0,0,0,0,0,0,21,45.7,0,0.0,9,36.0,TE,ThomIa00
148,Christian McCaffrey,0,26,8,1,0,89.1,Thu,14,15,2022-12-15,26-191,SFO,@,SEA,W 21-13,0,0,0,,0,0,0,0,,,,0,0,,,,,,,26,108,4.2,1,5,53.8,8,6,30,5.0,0,75.0,3.8,1,25.0,1,0,0,,0,0,,0,0,6,0,0,0,0,0,57,89.1,0,0.0,1,3.6,RB,McCaCh01
149,Khari Blasingame,0,0,0,0,0,11.9,Sun,14,15,2022-12-18,26-170,CHI,,PHI,L 20-25,0,0,0,,0,0,0,0,,,,0,0,,,,,,,0,0,,0,,,0,0,0,,0,,,,,0,0,0,,0,0,,0,0,0,0,0,0,0,0,7,11.9,0,0.0,17,68.0,FB,BlasKh00
150,Diontae Johnson,0,1,10,0,0,73.5,Sun,14,15,2022-12-18,26-166,PIT,@,CAR,W 24-16,0,0,0,,0,0,0,0,,,,0,0,,,,,,,1,2,2.0,0,0,0.0,10,10,98,9.8,0,100.0,9.8,6,90.0,0,0,0,,0,0,,0,0,0,0,0,0,0,0,50,73.5,0,0.0,1,4.0,WR,JohnDi01
151,Penny Hart,0,0,1,0,0,3.1,Thu,14,15,2022-12-15,26-163,SEA,,SFO,L 13-21,0,0,0,,0,0,0,0,,,,0,0,,,,,,,0,0,,0,,,1,1,3,3.0,0,100.0,3.0,,0.0,0,0,0,,0,0,,0,0,0,0,0,0,0,0,2,3.1,0,0.0,8,28.6,WR,HartPe01
152,Brett Rypien,21,2,0,0,2,100.0,Sun,14,15,2022-12-18,26-162,DEN,,ARI,W 24-15,21,26,5,80.8,197,1,1,0,3.8,3.8,95.0,7,41,21.21,7.6,6.62,3.97,9.4,51.5,2,-2,-1.0,0,0,0.0,0,0,0,,0,,,0,,0,0,0,,0,0,,0,0,0,2,1,0,0,0,69,100.0,0,0.0,0,0.0,QB,RypiBr00
153,Alec Ingold,0,1,2,0,0,54.2,Sat,14,15,2022-12-17,26-161,MIA,@,BUF,L 29-32,0,0,0,,0,0,0,0,,,,0,0,,,,,,,1,2,2.0,0,1,100.0,2,1,7,7.0,0,50.0,3.5,0,50.0,0,0,0,,0,0,,0,0,0,0,0,0,0,0,32,54.2,0,0.0,9,30.0,FB,IngoAl01
154,Will Dissly,0,0,1,0,0,57.8,Thu,14,15,2022-12-15,26-160,SEA,,SFO,L 13-21,0,0,0,,0,0,0,0,,,,0,0,,,,,,,0,0,,0,0,,1,1,13,13.0,0,100.0,13.0,1,100.0,0,0,0,,0,0,,0,0,0,0,0,0,0,0,37,57.8,0,0.0,14,50.0,TE,DissWi00
155,David Njoku,0,0,6,0,0,93.9,Sat,14,15,2022-12-17,26-160,CLE,,BAL,W 13-3,0,0,0,,0,0,0,0,,,,0,0,,,,,,,0,0,,0,0,,6,3,28,9.3,0,50.0,4.7,2,50.0,0,0,0,,0,0,,0,0,0,0,0,0,0,0,62,93.9,0,0.0,0,0.0,TE,NjokDa00
156,Dalton Schultz,0,0,4,0,0,97.3,Sun,14,15,2022-12-18,26-160,DAL,@,JAX,L 34-40 (OT),0,0,0,,0,0,0,0,,,,0,0,,,,,,,0,0,,0,0,,4,2,15,7.5,0,50.0,3.8,1,50.0,0,0,0,,0,0,,0,0,0,0,0,0,0,0,73,97.3,0,0.0,0,0.0,TE,SchuDa00
157,Joe Mixon,0,11,6,0,0,63.6,Sun,14,15,2022-12-18,26-147,CIN,@,TAM,W 34-23,0,0,0,,0,0,0,0,,,,0,0,,,,,,,11,21,1.9,0,1,27.3,6,5,33,6.6,0,83.3,5.5,2,50.0,0,0,0,,0,0,,0,0,0,0,0,0,0,0,42,63.6,0,0.0,0,0.0,RB,MixoJo00
158,Van Jefferson,0,0,2,0,0,97.8,Mon,14,15,2022-12-19,26-146,LAR,@,GNB,L 12-24,0,0,0,,0,0,0,0,,,,0,0,,,,,,,0,0,,0,0,,2,2,32,16.0,0,100.0,16.0,2,100.0,0,0,0,,0,0,,0,0,0,0,0,0,0,0,44,97.8,0,0.0,0,0.0,WR,JeffVa00
159,KaVontae Turpin,0,0,0,0,0,2.7,Sun,14,15,2022-12-18,26-138,DAL,@,JAX,L 34-40 (OT),0,0,0,,0,0,0,0,,,,0,0,,,,,,,0,0,,0,,,0,0,0,,0,,,,,0,0,0,,0,0,,0,0,0,0,0,0,0,0,2,2.7,0,0.0,9,27.3,WR,TurpKa00
160,Curtis Samuel,0,5,5,0,0,58.7,Sun,14,15,2022-12-18,26-129,WAS,,NYG,L 12-20,0,0,0,,0,0,0,0,,,,0,0,,,,,,,5,1,0.2,0,0,0.0,5,3,44,14.7,0,60.0,8.8,1,20.0,0,0,0,,0,0,,0,0,0,0,0,0,0,0,37,58.7,0,0.0,0,0.0,WR,SamuCu00
161,Stanley Morgan Jr.,0,0,0,0,0,15.2,Sun,14,15,2022-12-18,26-102,CIN,@,TAM,W 34-23,0,0,0,,0,0,0,0,,,,0,0,,,,,,,0,0,,0,,,0,0,0,,0,,,,,0,0,0,,0,0,,0,0,0,0,0,0,0,0,10,15.2,0,0.0,17,68.0,WR,MorgSt02
162,Zach Gentry,0,0,1,0,0,61.8,Sun,14,15,2022-12-18,26-099,PIT,@,CAR,W 24-16,0,0,0,,0,0,0,0,,,,0,0,,,,,,,0,0,,0,,,1,1,4,4.0,0,100.0,4.0,,100.0,0,0,0,,0,0,,0,0,0,0,0,0,0,0,42,61.8,0,0.0,5,20.0,TE,GentZa00
163,Jamycal Hasty,0,1,1,0,0,22.9,Sun,14,15,2022-12-18,26-097,JAX,,DAL,W 40-34 (OT),0,0,0,,0,0,0,0,,,,0,0,,,,,,,1,13,13.0,0,1,100.0,1,1,2,2.0,0,100.0,2.0,0,0.0,0,0,0,,0,0,,0,0,0,0,0,0,0,0,16,22.9,0,0.0,8,24.2,RB,HastJa02
164,Juwan Johnson,0,0,6,2,0,50.9,Sun,14,15,2022-12-18,26-096,NOR,,ATL,W 21-18,0,0,0,,0,0,0,0,,,,0,0,,,,,,,0,0,,0,0,,6,4,67,16.8,2,66.7,11.2,4,66.7,2,0,0,,0,0,,0,0,12,0,0,0,0,0,28,50.9,0,0.0,3,13.6,TE,JohnJu02
165,James Proche,0,0,2,0,0,4.8,Sat,14,15,2022-12-17,26-087,BAL,@,CLE,L 3-13,0,0,0,,0,0,0,0,,,,0,0,,,,,,,0,0,,0,,,2,0,0,,0,0.0,0.0,,0.0,0,0,0,,0,0,,0,0,0,0,0,0,0,0,3,4.8,0,0.0,2,11.1,WR,ProcJa00
166,DJ Chark,0,0,2,0,0,76.5,Sun,14,15,2022-12-18,26-086,DET,@,NYJ,W 20-17,0,0,0,,0,0,0,0,,,,0,0,,,,,,,0,0,,0,0,,2,1,18,18.0,0,50.0,9.0,1,50.0,0,0,0,,0,0,,0,0,0,0,0,0,0,0,52,76.5,0,0.0,0,0.0,WR,CharDJ00
167,Equanimeous St. Brown,0,0,1,0,0,5.1,Sun,14,15,2022-12-18,26-079,CHI,,PHI,L 20-25,0,0,0,,0,0,0,0,,,,0,0,,,,,,,0,0,,0,0,,1,1,20,20.0,0,100.0,20.0,1,100.0,0,0,0,,0,0,,0,0,0,0,0,0,0,0,3,5.1,0,0.0,0,0.0,WR,St.BEq00
168,Devine Ozigbo,0,2,0,0,0,7.2,Sun,14,15,2022-12-18,26-077,DEN,,ARI,W 24-15,0,0,0,,0,0,0,0,,,,0,0,,,,,,,2,2,1.0,0,,50.0,0,0,0,,0,,,,,0,0,0,,0,0,,0,0,0,0,0,0,0,0,5,7.2,0,0.0,13,46.4,RB,OzigDe01
169,Miles Boykin,0,0,1,0,0,36.8,Sun,14,15,2022-12-18,26-067,PIT,@,CAR,W 24-16,0,0,0,,0,0,0,0,,,,0,0,,,,,,,0,0,,0,,,1,1,0,0.0,0,100.0,0.0,,0.0,0,0,0,,0,0,,0,0,0,0,0,0,0,0,25,36.8,0,0.0,13,52.0,WR,BoykMi00
170,Ray-Ray McCloud,0,0,3,0,0,42.2,Thu,14,15,2022-12-15,26-061,SFO,@,SEA,W 21-13,0,0,0,,0,0,0,0,,,,0,0,,,,,,,0,0,,0,0,,3,1,16,16.0,0,33.3,5.3,1,33.3,0,0,0,,0,0,,0,0,0,0,0,0,0,0,27,42.2,0,0.0,11,39.3,WR,McClRa00
171,Mitchell Wilcox,0,0,3,1,0,90.9,Sun,14,15,2022-12-18,26-041,CIN,@,TAM,W 34-23,0,0,0,,0,0,0,0,,,,0,0,,,,,,,0,0,,0,0,,3,3,34,11.3,1,100.0,11.3,2,66.7,1,0,0,,0,0,,0,0,6,0,0,0,0,0,60,90.9,0,0.0,9,36.0,TE,WilcMi01
172,Jakobi Meyers,0,0,6,0,1,61.5,Sun,14,15,2022-12-18,26-039,NWE,@,LVR,L 24-30,0,0,0,,0,0,0,0,,,,0,0,,,,,,,0,-20,,0,0,,6,2,47,23.5,0,33.3,7.8,1,33.3,0,0,0,,0,0,,1,0,2,1,0,0,0,0,40,61.5,0,0.0,0,0.0,WR,MeyeJa01
173,Nyheim Hines,0,0,1,1,0,3.8,Sat,14,15,2022-12-17,26-035,BUF,,MIA,W 32-29,0,0,0,,0,0,0,0,,,,0,0,,,,,,,0,0,,0,0,,1,1,10,10.0,1,100.0,10.0,1,100.0,1,0,0,,0,0,,0,0,6,0,0,0,0,0,3,3.8,0,0.0,12,40.0,RB,HineNy00
174,Dawson Knox,0,0,8,1,0,82.1,Sat,14,15,2022-12-17,26-033,BUF,,MIA,W 32-29,0,0,0,,0,0,0,0,,,,0,0,,,,,,,0,0,,0,0,,8,6,98,16.3,1,75.0,12.3,4,75.0,1,0,0,,0,0,,0,0,6,0,0,0,0,0,64,82.1,0,0.0,0,0.0,TE,KnoxDa00
175,Shane Zylstra,0,0,1,0,0,36.8,Sun,14,15,2022-12-18,26-032,DET,@,NYJ,W 20-17,0,0,0,,0,0,0,0,,,,0,0,,,,,,,0,0,,0,,,1,1,4,4.0,0,100.0,4.0,,0.0,0,0,0,,0,0,,0,0,0,0,0,0,0,0,25,36.8,0,0.0,3,10.7,TE,ZylsSh00
176,Christian Kirk,0,0,10,0,0,88.6,Sun,14,15,2022-12-18,26-030,JAX,,DAL,W 40-34 (OT),0,0,0,,0,0,0,0,,,,0,0,,,,,,,0,0,,0,0,,10,6,92,15.3,0,60.0,9.2,5,50.0,0,0,0,,0,0,,0,0,0,0,0,0,0,0,62,88.6,0,0.0,0,0.0,WR,KirkCh01
177,JuJu Smith-Schuster,0,0,10,0,1,88.3,Sun,14,15,2022-12-18,26-026,KAN,@,HOU,W 30-24 (OT),0,0,0,,0,0,0,0,,,,0,0,,,,,,,0,0,,0,0,,10,10,88,8.8,0,100.0,8.8,4,70.0,0,0,0,,0,0,,0,0,0,1,0,0,0,0,68,88.3,0,0.0,0,0.0,WR,SmitJu00
178,Gunner Olszewski,0,0,1,0,0,27.9,Sun,14,15,2022-12-18,26-022,PIT,@,CAR,W 24-16,0,0,0,,0,0,0,0,,,,0,0,,,,,,,0,0,,0,,,1,1,3,3.0,0,100.0,3.0,,0.0,0,0,0,,0,0,,0,0,0,0,0,0,0,0,19,27.9,0,0.0,0,0.0,WR,OlszGu00
179,Stephen Sullivan,0,0,0,0,0,28.3,Sun,14,15,2022-12-18,26-020,CAR,,PIT,L 16-24,0,0,0,,0,0,0,0,,,,0,0,,,,,,,0,0,,0,,,0,0,0,,0,,,,,0,0,0,,0,0,,0,0,0,0,1,0,0,0,13,28.3,0,0.0,11,44.0,TE,SullSt00
180,Joe Burrow,27,3,0,0,1,100.0,Sun,14,15,2022-12-18,26-008,CIN,@,TAM,W 34-23,27,39,12,69.2,200,4,1,0,10.3,2.6,104.6,2,16,4.88,5.1,6.03,5.34,7.4,48.8,3,8,2.7,0,1,33.3,0,0,0,,0,,,0,,0,0,0,,0,0,,0,0,0,1,1,0,0,0,66,100.0,0,0.0,0,0.0,QB,BurrJo01
181,Darius Slayton,0,0,7,0,1,93.7,Sun,14,15,2022-12-18,25-340,NYG,@,WAS,W 20-12,0,0,0,,0,0,0,0,,,,0,0,,,,,,,0,0,,0,,,7,5,23,4.6,0,71.4,3.3,,42.9,0,0,0,,0,0,,0,0,0,1,1,0,0,0,59,93.7,0,0.0,0,0.0,WR,SlayDa01
182,Adam Prentice,0,0,1,0,0,9.1,Sun,14,15,2022-12-18,25-336,NOR,,ATL,W 21-18,0,0,0,,0,0,0,0,,,,0,0,,,,,,,0,0,,0,0,,1,1,3,3.0,0,100.0,3.0,1,100.0,0,0,0,,0,0,,0,0,0,0,0,0,0,0,5,9.1,0,0.0,13,59.1,FB,PrenAd00
183,Adam Trautman,0,0,1,0,0,65.5,Sun,14,15,2022-12-18,25-316,NOR,,ATL,W 21-18,0,0,0,,0,0,0,0,,,,0,0,,,,,,,0,0,,0,,,1,0,0,,0,0.0,0.0,,0.0,0,0,0,,0,0,,0,0,0,0,0,0,0,0,36,65.5,0,0.0,4,18.2,TE,TrauAd00
184,Saquon Barkley,0,18,8,1,0,85.7,Sun,14,15,2022-12-18,25-312,NYG,@,WAS,W 20-12,0,0,0,,0,0,0,0,,,,0,0,,,,,,,18,87,4.8,1,9,61.1,8,5,33,6.6,0,62.5,4.1,2,62.5,1,0,0,,0,0,,0,0,6,0,0,0,0,0,54,85.7,0,0.0,0,0.0,RB,BarkSa00
185,Britain Covey,0,0,0,0,0,0.0,Sun,14,15,2022-12-18,25-275,PHI,@,CHI,W 25-20,0,0,0,,0,0,0,0,,,,0,0,,,,,,,0,0,,0,,,0,0,0,,0,,,,,0,0,0,,0,0,,0,0,0,0,0,0,0,0,0,0.0,0,0.0,6,24.0,WR,CoveBr00
186,Nick Westbrook-Ikhine,0,0,2,0,0,82.3,Sun,14,15,2022-12-18,25-272,TEN,@,LAC,L 14-17,0,0,0,,0,0,0,0,,,,0,0,,,,,,,0,0,,0,,,2,0,0,,0,0.0,0.0,,0.0,0,0,0,,0,0,,0,0,0,0,0,0,0,0,51,82.3,0,0.0,0,0.0,WR,WestNi00
187,Josh Oliver,0,0,2,0,0,41.3,Sat,14,15,2022-12-17,25-271,BAL,@,CLE,L 3-13,0,0,0,,0,0,0,0,,,,0,0,,,,,,,0,0,,0,,,2,2,13,6.5,0,100.0,6.5,,50.0,0,0,0,,0,0,,0,0,0,0,0,0,0,0,26,41.3,0,0.0,4,22.2,TE,OlivJo00
188,Steven Sims,0,2,2,0,0,42.6,Sun,14,15,2022-12-18,25-262,PIT,@,CAR,W 24-16,0,0,0,,0,0,0,0,,,,0,0,,,,,,,2,19,9.5,0,1,50.0,2,1,10,10.0,0,50.0,5.0,0,50.0,0,0,0,,0,0,,0,0,0,0,0,0,0,0,29,42.6,0,0.0,9,36.0,WR,SimsSt00
189,Tyler Davis,0,0,0,0,0,15.5,Mon,14,15,2022-12-19,25-261,GNB,,LAR,W 24-12,0,0,0,,0,0,0,0,,,,0,0,,,,,,,0,0,,0,,,0,0,0,,0,,,,,0,0,0,,0,0,,0,0,0,0,0,0,0,0,11,15.5,0,0.0,18,85.7,TE,DaviTy02
190,D.J. Moore,0,0,6,1,0,95.7,Sun,14,15,2022-12-18,25-248,CAR,,PIT,L 16-24,0,0,0,,0,0,0,0,,,,0,0,,,,,,,0,0,,0,0,,6,5,73,14.6,1,83.3,12.2,5,83.3,1,0,0,,0,0,,0,0,6,0,0,0,0,0,44,95.7,0,0.0,1,4.0,WR,MoorD.00
191,Jeff Smith,0,0,5,0,0,46.0,Sun,14,15,2022-12-18,25-241,NYJ,,DET,L 17-20,0,0,0,,0,0,0,0,,,,0,0,,,,,,,0,0,,0,0,,5,4,77,19.3,0,80.0,15.4,2,60.0,0,0,0,,0,0,,0,0,0,0,0,0,0,0,29,46.0,0,0.0,4,14.3,WR,SmitJe03
192,Tony Pollard,0,19,5,0,0,54.7,Sun,14,15,2022-12-18,25-232,DAL,@,JAX,L 34-40 (OT),0,0,0,,0,0,0,0,,,,0,0,,,,,,,19,75,3.9,0,4,57.9,5,4,31,7.8,0,80.0,6.2,2,80.0,0,0,0,,0,0,,0,0,0,0,0,0,0,0,41,54.7,0,0.0,0,0.0,RB,PollTo00
193,Miles Sanders,0,11,1,0,1,54.8,Sun,14,15,2022-12-18,25-231,PHI,@,CHI,W 25-20,0,0,0,,0,0,0,0,,,,0,0,,,,,,,11,42,3.8,0,2,45.5,1,1,-13,-13.0,0,100.0,-13.0,0,0.0,0,0,0,,0,0,,0,0,0,1,0,0,0,0,40,54.8,0,0.0,0,0.0,RB,SandMi01
194,Ke'Shawn Vaughn,0,0,0,0,0,0.0,Sun,14,15,2022-12-18,25-228,TAM,,CIN,L 23-34,0,0,0,,0,0,0,0,,,,0,0,,,,,,,0,0,,0,,,0,0,0,,0,,,,,0,0,0,,0,0,,0,0,0,0,0,0,0,0,0,0.0,0,0.0,13,52.0,RB,VaugKe00
195,Foster Moreau,0,0,2,0,0,55.9,Sun,14,15,2022-12-18,25-226,LVR,,NWE,W 30-24,0,0,0,,0,0,0,0,,,,0,0,,,,,,,0,0,,0,,,2,2,20,10.0,0,100.0,10.0,,50.0,0,0,0,,0,0,,0,0,0,0,0,0,0,0,38,55.9,0,0.0,8,25.0,TE,MoreFo00
196,Velus Jones Jr.,0,1,2,0,1,67.8,Sun,14,15,2022-12-18,25-221,CHI,,PHI,L 20-25,0,0,0,,0,0,0,0,,,,0,0,,,,,,,1,0,0.0,0,,0.0,2,1,3,3.0,0,50.0,1.5,,0.0,0,0,0,,0,0,,0,0,0,1,0,0,0,0,40,67.8,0,0.0,6,24.0,WR,JoneVe00
197,Ashton Dulin,0,1,2,0,0,22.8,Sat,14,15,2022-12-17,25-216,IND,@,MIN,L 36-39 (OT),0,0,0,,0,0,0,0,,,,0,0,,,,,,,1,5,5.0,0,1,100.0,2,2,25,12.5,0,100.0,12.5,2,100.0,0,0,0,,0,0,,0,0,0,0,0,0,0,0,18,22.8,0,0.0,27,62.8,WR,DuliAs00
198,Daniel Jones,21,10,0,0,0,100.0,Sun,14,15,2022-12-18,25-205,NYG,@,WAS,W 20-12,21,32,11,65.6,160,0,0,0,0.0,0.0,77.6,0,0,0.00,5.0,5.00,5.00,7.6,50.0,10,35,3.5,0,2,40.0,0,0,0,,0,,,0,,0,0,0,,0,0,,0,0,0,0,0,0,0,0,63,100.0,0,0.0,0,0.0,QB,JoneDa05
199,Marquise Brown,0,0,8,0,0,89.2,Sun,14,15,2022-12-18,25-197,ARI,@,DEN,L 15-24,0,0,0,,0,0,0,0,,,,0,0,,,,,,,0,0,,0,,,8,4,19,4.8,0,50.0,2.4,,12.5,0,0,0,,0,0,,0,0,0,0,0,0,0,0,58,89.2,0,0.0,0,0.0,WR,BrowMa04
200,Sam Darnold,14,2,0,0,0,100.0,Sun,14,15,2022-12-18,25-196,CAR,,PIT,L 16-24,14,23,9,60.9,225,1,0,0,4.3,0.0,108.1,4,37,14.81,9.8,10.65,7.70,16.1,40.7,2,2,1.0,0,0,0.0,0,0,0,,0,,,0,,0,0,0,,0,0,,0,0,0,0,0,0,0,0,46,100.0,0,0.0,0,0.0,QB,DarnSa00
201,David Montgomery,0,12,3,2,0,67.8,Sun,14,15,2022-12-18,25-194,CHI,,PHI,L 20-25,0,0,0,,0,0,0,0,,,,0,0,,,,,,,12,53,4.4,1,2,66.7,3,3,38,12.7,1,100.0,12.7,2,100.0,2,0,0,,0,0,,0,0,12,0,0,0,0,0,40,67.8,0,0.0,0,0.0,RB,MontDa01
202,K.J. Osborn,0,0,16,1,0,81.1,Sat,14,15,2022-12-17,25-190,MIN,,IND,W 39-36 (OT),0,0,0,,0,0,0,0,,,,0,0,,,,,,,0,0,,0,0,,16,10,157,15.7,1,62.5,9.8,8,62.5,1,0,0,,0,0,,0,0,6,0,0,0,0,0,73,81.1,0,0.0,0,0.0,WR,OsboKJ00
203,Ben Skowronek,0,0,3,0,0,66.7,Mon,14,15,2022-12-19,25-175,LAR,@,GNB,L 12-24,0,0,0,,0,0,0,0,,,,0,0,,,,,,,0,0,,0,,,3,1,3,3.0,0,33.3,1.0,,0.0,0,0,0,,0,0,,0,0,0,0,0,0,0,0,30,66.7,0,0.0,0,0.0,WR,SkowBe00
204,A.J. Brown,0,0,16,0,0,89.0,Sun,14,15,2022-12-18,25-171,PHI,@,CHI,W 25-20,0,0,0,,0,0,0,0,,,,0,0,,,,,,,0,0,,0,0,,16,9,181,20.1,0,56.3,11.3,6,43.8,0,0,0,,0,0,,0,0,0,0,0,0,0,0,65,89.0,0,0.0,1,4.0,WR,BrowAJ00
205,T.J. Hockenson,0,0,9,0,0,94.4,Sat,14,15,2022-12-17,25-167,MIN,,IND,W 39-36 (OT),0,0,0,,0,0,0,0,,,,0,0,,,,,,,0,0,,0,,,9,3,33,11.0,0,33.3,3.7,,11.1,0,0,0,,0,0,,1,0,2,0,0,0,0,0,85,94.4,0,0.0,0,0.0,TE,HockTJ00
206,Jauan Jennings,0,0,5,0,0,84.4,Thu,14,15,2022-12-15,25-158,SFO,@,SEA,W 21-13,0,0,0,,0,0,0,0,,,,0,0,,,,,,,0,0,,0,0,,5,3,31,10.3,0,60.0,6.2,2,60.0,0,0,0,,0,0,,0,0,0,0,0,0,0,0,54,84.4,0,0.0,0,0.0,WR,JennJa00
207,Parris Campbell,0,0,3,0,0,82.3,Sat,14,15,2022-12-17,25-154,IND,@,MIN,L 36-39 (OT),0,0,0,,0,0,0,0,,,,0,0,,,,,,,0,0,,0,0,,3,2,13,6.5,0,66.7,4.3,2,66.7,0,0,0,,0,0,,0,0,0,0,0,0,0,0,65,82.3,0,0.0,0,0.0,WR,CampPa00
208,Olamide Zaccheaus,0,0,3,0,0,81.1,Sun,14,15,2022-12-18,25-148,ATL,@,NOR,L 18-21,0,0,0,,0,0,0,0,,,,0,0,,,,,,,0,0,,0,,,3,0,0,,0,0.0,0.0,,0.0,0,0,0,,0,0,,0,0,0,0,0,0,0,0,60,81.1,0,0.0,0,0.0,WR,ZaccOl01
209,Ronald Jones II,0,1,0,0,0,2.6,Sun,14,15,2022-12-18,25-137,KAN,@,HOU,W 30-24 (OT),0,0,0,,0,0,0,0,,,,0,0,,,,,,,1,6,6.0,0,,100.0,0,0,0,,0,,,,,0,0,0,,0,0,,0,0,0,0,0,0,0,0,2,2.6,0,0.0,0,0.0,RB,JoneRo01
210,Donald Parham,0,0,3,0,0,31.0,Sun,14,15,2022-12-18,25-124,LAC,,TEN,W 17-14,0,0,0,,0,0,0,0,,,,0,0,,,,,,,0,0,,0,0,,3,3,35,11.7,0,100.0,11.7,1,100.0,0,0,0,,0,0,,0,0,0,0,0,0,0,0,22,31.0,0,0.0,0,0.0,TE,ParhDo00
211,Devin Singletary,0,13,4,0,0,60.3,Sat,14,15,2022-12-17,25-105,BUF,,MIA,W 32-29,0,0,0,,0,0,0,0,,,,0,0,,,,,,,13,42,3.2,0,3,53.8,4,3,28,9.3,0,75.0,7.0,1,75.0,0,0,0,,0,0,,0,0,0,0,0,0,0,0,47,60.3,0,0.0,0,0.0,RB,SingDe00
212,Devin Duvernay,0,0,3,0,1,71.4,Sat,14,15,2022-12-17,25-096,BAL,@,CLE,L 3-13,0,0,0,,0,0,0,0,,,,0,0,,,,,,,0,0,,0,0,,3,2,29,14.5,0,66.7,9.7,1,66.7,0,0,0,,0,0,,0,0,0,1,2,0,0,0,45,71.4,0,0.0,7,38.9,WR,DuveDe00
213,Chris Evans,0,0,0,0,0,0.0,Sun,14,15,2022-12-18,25-074,CIN,@,TAM,W 34-23,0,0,0,,0,0,0,0,,,,0,0,,,,,,,0,0,,0,,,0,0,0,,0,,,,,0,0,0,,0,0,,0,0,0,0,0,0,0,0,0,0.0,0,0.0,13,52.0,RB,EvanCh02
214,Michael Pittman Jr.,0,2,14,0,0,97.5,Sat,14,15,2022-12-17,25-073,IND,@,MIN,L 36-39 (OT),0,0,0,,0,0,0,0,,,,0,0,,,,,,,2,30,15.0,0,2,100.0,14,10,60,6.0,0,71.4,4.3,4,28.6,0,0,0,,0,0,,0,0,0,0,0,0,0,0,77,97.5,0,0.0,0,0.0,WR,PittMi01
215,Denzel Mims,0,0,2,0,0,9.5,Sun,14,15,2022-12-18,25-069,NYJ,,DET,L 17-20,0,0,0,,0,0,0,0,,,,0,0,,,,,,,0,0,,0,0,,2,1,13,13.0,0,50.0,6.5,1,50.0,0,0,0,,0,0,,0,0,0,0,0,0,0,0,6,9.5,0,0.0,0,0.0,WR,MimsDe00
216,Trayveon Williams,0,0,0,0,0,0.0,Sun,14,15,2022-12-18,25-061,CIN,@,TAM,W 34-23,0,0,0,,0,0,0,0,,,,0,0,,,,,,,0,0,,0,,,0,0,0,,0,,,,,0,0,0,,0,0,,0,0,0,0,0,0,0,0,0,0.0,0,0.0,16,64.0,RB,WillTr06
217,John Bates,0,0,0,0,0,57.1,Sun,14,15,2022-12-18,25-042,WAS,,NYG,L 12-20,0,0,0,,0,0,0,0,,,,0,0,,,,,,,0,0,,0,,,0,0,0,,0,,,,,0,0,0,,0,0,,0,0,0,0,0,0,0,0,36,57.1,0,0.0,3,12.0,TE,BateJo00
218,Justice Hill,0,1,1,0,0,38.1,Sat,14,15,2022-12-17,25-033,BAL,@,CLE,L 3-13,0,0,0,,0,0,0,0,,,,0,0,,,,,,,1,3,3.0,0,1,100.0,1,1,15,15.0,0,100.0,15.0,1,100.0,0,0,0,,0,0,,0,0,0,0,0,0,0,0,24,38.1,0,0.0,10,55.6,RB,HillJu00
219,Joshua Kelley,0,10,2,1,0,35.2,Sun,14,15,2022-12-18,25-028,LAC,,TEN,W 17-14,0,0,0,,0,0,0,0,,,,0,0,,,,,,,10,24,2.4,1,2,50.0,2,1,7,7.0,0,50.0,3.5,0,50.0,1,0,0,,0,0,,0,0,6,0,0,0,0,0,25,35.2,0,0.0,10,37.0,RB,KellJo01
220,Noah Fant,0,0,6,1,0,51.6,Thu,14,15,2022-12-15,25-025,SEA,,SFO,L 13-21,0,0,0,,0,0,0,0,,,,0,0,,,,,,,0,0,,0,0,,6,5,32,6.4,1,83.3,5.3,3,50.0,1,0,0,,0,0,,0,0,6,0,0,0,0,0,33,51.6,0,0.0,0,0.0,TE,FantNo00
221,Zack Moss,0,24,1,0,0,67.1,Sat,14,15,2022-12-17,25-002,IND,@,MIN,L 36-39 (OT),0,0,0,,0,0,0,0,,,,0,0,,,,,,,24,81,3.4,0,3,41.7,1,0,0,,0,0.0,0.0,0,0.0,0,0,0,,0,0,,0,0,0,0,0,0,0,0,53,67.1,0,0.0,0,0.0,RB,MossZa00
222,D.K. Metcalf,0,0,9,0,0,95.3,Thu,14,15,2022-12-15,25-001,SEA,,SFO,L 13-21,0,0,0,,0,0,0,0,,,,0,0,,,,,,,0,0,,0,0,,9,7,55,7.9,0,77.8,6.1,2,33.3,0,0,0,,0,0,,0,0,0,0,0,0,0,0,61,95.3,0,0.0,0,0.0,WR,MetcDK00
223,Feleipe Franks,0,1,0,0,0,5.4,Sun,14,15,2022-12-18,24-361,ATL,@,NOR,L 18-21,0,0,0,,0,0,0,0,,,,0,0,,,,,,,1,0,0.0,0,,0.0,0,0,0,,0,,,,,0,0,0,,0,0,,0,0,0,0,0,0,0,0,4,5.4,0,0.0,12,54.5,QB,FranFe00
224,Raleigh Webb,0,0,0,0,0,0.0,Sun,14,15,2022-12-18,24-355,NWE,@,LVR,L 24-30,0,0,0,,0,0,0,0,,,,0,0,,,,,,,0,0,,0,,,0,0,0,,0,,,,,0,0,0,,0,0,,0,0,0,0,0,0,0,0,0,0.0,0,0.0,16,50.0,WR,WebbRa02
225,Jack Stoll,0,0,1,0,0,79.5,Sun,14,15,2022-12-18,24-324,PHI,@,CHI,W 25-20,0,0,0,,0,0,0,0,,,,0,0,,,,,,,0,0,,0,,,1,1,6,6.0,0,100.0,6.0,,100.0,0,0,0,,0,0,,0,0,0,0,0,0,0,0,58,79.5,0,0.0,7,28.0,TE,StolJa00
226,Tyler Huntley,17,6,0,0,1,100.0,Sat,14,15,2022-12-17,24-317,BAL,@,CLE,L 3-13,17,30,13,56.7,138,0,1,0,0.0,3.3,54.6,3,12,9.09,4.6,3.10,2.45,8.1,33.3,6,15,2.5,0,1,33.3,0,0,0,,0,,,0,,0,0,0,,0,0,,0,0,0,1,0,-2,0,0,63,100.0,0,0.0,0,0.0,QB,HuntTy01
227,Kene Nwangwu,0,0,0,0,0,0.0,Sat,14,15,2022-12-17,24-311,MIN,,IND,W 39-36 (OT),0,0,0,,0,0,0,0,,,,0,0,,,,,,,0,0,,0,,,0,0,0,,0,,,,,0,0,0,,0,0,,0,0,0,0,0,0,0,0,0,0.0,0,0.0,10,23.3,RB,NwanKe00
228,Josh Jacobs,0,22,3,0,1,75.0,Sun,14,15,2022-12-18,24-310,LVR,,NWE,W 30-24,0,0,0,,0,0,0,0,,,,0,0,,,,,,,22,93,4.2,0,6,63.6,3,2,17,8.5,0,66.7,5.7,1,66.7,0,0,0,,0,0,,0,0,0,1,1,0,0,0,51,75.0,0,0.0,0,0.0,RB,JacoJo01
229,Rhamondre Stevenson,0,19,3,1,0,66.2,Sun,14,15,2022-12-18,24-298,NWE,@,LVR,L 24-30,0,0,0,,0,0,0,0,,,,0,0,,,,,,,19,172,9.1,1,6,68.4,3,2,-4,-2.0,0,66.7,-1.3,0,0.0,1,0,0,,0,0,,0,0,6,0,0,0,0,0,43,66.2,0,0.0,0,0.0,RB,StevRh00
230,Tua Tagovailoa,17,1,0,0,1,100.0,Sat,14,15,2022-12-17,24-290,MIA,@,BUF,L 29-32,17,30,13,56.7,234,2,0,0,6.7,0.0,104.0,2,17,6.25,7.8,9.13,8.03,13.8,37.5,1,7,7.0,0,0,100.0,0,0,0,,0,,,0,,0,0,0,,0,0,,0,0,0,1,0,0,0,0,59,100.0,0,0.0,0,0.0,QB,TagoTu00
231,Najee Harris,0,24,0,1,0,66.2,Sun,14,15,2022-12-18,24-284,PIT,@,CAR,W 24-16,0,0,0,,0,0,0,0,,,,0,0,,,,,,,24,86,3.6,1,5,45.8,0,0,0,,0,,,0,,1,0,0,,0,0,,0,0,6,0,0,0,0,0,45,66.2,0,0.0,1,4.0,RB,HarrNa00
232,Justin Herbert,28,1,0,0,0,100.0,Sun,14,15,2022-12-18,24-283,LAC,,TEN,W 17-14,28,42,14,66.7,313,0,2,0,0.0,4.8,68.8,3,22,6.67,7.5,5.31,4.47,11.2,51.1,1,2,2.0,0,1,100.0,0,0,0,,0,,,0,,0,0,0,,0,0,,0,0,0,0,0,0,0,0,71,100.0,0,0.0,0,0.0,QB,HerbJu00
233,Brandon Aiyuk,0,0,4,0,0,96.9,Thu,14,15,2022-12-15,24-273,SFO,@,SEA,W 21-13,0,0,0,,0,0,0,0,,,,0,0,,,,,,,0,0,,0,0,,4,2,19,9.5,0,50.0,4.8,1,25.0,0,0,0,,0,0,,0,0,0,0,0,0,0,0,62,96.9,0,0.0,0,0.0,WR,AiyuBr00
234,Kylen Granson,0,0,2,0,0,32.9,Sat,14,15,2022-12-17,24-265,IND,@,MIN,L 36-39 (OT),0,0,0,,0,0,0,0,,,,0,0,,,,,,,0,0,,0,0,,2,2,34,17.0,0,100.0,17.0,1,100.0,0,0,0,,0,0,,0,0,0,0,0,0,0,0,26,32.9,0,0.0,13,30.2,TE,GranKy00
235,Harrison Bryant,0,0,2,0,0,40.9,Sat,14,15,2022-12-17,24-238,CLE,,BAL,W 13-3,0,0,0,,0,0,0,0,,,,0,0,,,,,,,0,0,,0,,,2,2,7,3.5,0,100.0,3.5,,50.0,0,0,0,,0,0,,0,0,0,0,0,0,0,0,27,40.9,0,0.0,2,11.1,TE,BryaHa00
236,Patrick Taylor,0,4,0,0,0,12.7,Mon,14,15,2022-12-19,24-234,GNB,,LAR,W 24-12,0,0,0,,0,0,0,0,,,,0,0,,,,,,,4,15,3.8,0,1,75.0,0,0,0,,0,,,0,,0,0,0,,0,0,,0,0,0,0,0,0,0,0,9,12.7,0,0.0,5,23.8,RB,TaylPa01
237,AJ Dillon,0,11,3,2,0,36.6,Mon,14,15,2022-12-19,24-231,GNB,,LAR,W 24-12,0,0,0,,0,0,0,0,,,,0,0,,,,,,,11,36,3.3,2,4,72.7,3,3,35,11.7,0,100.0,11.7,2,66.7,2,0,0,,0,0,,0,0,12,0,0,0,0,0,26,36.6,0,0.0,1,4.8,RB,DillAJ00
238,Greg Dortch,0,0,0,0,0,9.2,Sun,14,15,2022-12-18,24-203,ARI,@,DEN,L 15-24,0,0,0,,0,0,0,0,,,,0,0,,,,,,,0,0,,0,,,0,0,0,,0,,,,,0,0,0,,0,0,,0,0,0,0,0,0,0,0,6,9.2,0,0.0,16,57.1,WR,DortGr01
239,Quez Watkins,0,2,6,0,0,65.8,Sun,14,15,2022-12-18,24-192,PHI,@,CHI,W 25-20,0,0,0,,0,0,0,0,,,,0,0,,,,,,,2,4,2.0,0,,0.0,6,4,6,1.5,0,66.7,1.0,,0.0,0,0,0,,0,0,,0,0,0,0,0,0,0,0,48,65.8,0,0.0,1,4.0,WR,WatkQu00
240,Alexander Mattison,0,2,0,0,0,14.4,Sat,14,15,2022-12-17,24-181,MIN,,IND,W 39-36 (OT),0,0,0,,0,0,0,0,,,,0,0,,,,,,,2,1,0.5,0,,0.0,0,0,0,,0,,,,,0,0,0,,0,0,,0,0,0,0,0,0,0,0,13,14.4,0,0.0,10,23.3,RB,MattAl01
241,Antonio Gibson,0,5,4,0,1,60.3,Sun,14,15,2022-12-18,24-178,WAS,,NYG,L 12-20,0,0,0,,0,0,0,0,,,,0,0,,,,,,,5,21,4.2,0,1,40.0,4,2,6,3.0,0,50.0,1.5,0,0.0,0,0,0,,0,0,,0,0,0,1,1,0,0,0,38,60.3,0,0.0,5,20.0,RB,GibsAn00
242,Darrynton Evans,0,2,0,0,0,27.1,Sun,14,15,2022-12-18,24-162,CHI,,PHI,L 20-25,0,0,0,,0,0,0,0,,,,0,0,,,,,,,2,9,4.5,0,,50.0,0,0,0,,0,,,,,0,0,0,,0,0,,0,0,0,0,0,0,0,0,16,27.1,0,0.0,12,48.0,RB,EvanDa02
243,Jalen Virgil,0,0,0,0,0,1.4,Sun,14,15,2022-12-18,24-158,DEN,,ARI,W 24-15,0,0,0,,0,0,0,0,,,,0,0,,,,,,,0,0,,0,,,0,0,0,,0,,,,,0,0,0,,0,0,,0,0,0,0,0,0,0,0,1,1.4,0,0.0,15,53.6,WR,VirgJa00
244,Avery Williams,0,0,2,0,0,13.5,Sun,14,15,2022-12-18,24-156,ATL,@,NOR,L 18-21,0,0,0,,0,0,0,0,,,,0,0,,,,,,,0,0,,0,0,,2,2,10,5.0,0,100.0,5.0,1,100.0,0,0,0,,0,0,,0,0,0,0,0,0,0,0,10,13.5,0,0.0,15,68.2,RB,WillAv02
245,Demetric Felton,0,0,1,0,0,6.1,Sat,14,15,2022-12-17,24-154,CLE,,BAL,W 13-3,0,0,0,,0,0,0,0,,,,0,0,,,,,,,0,0,,0,,,1,1,5,5.0,0,100.0,5.0,,100.0,0,0,0,,0,0,,0,0,0,0,0,0,0,0,4,6.1,0,0.0,0,0.0,WR,FeltDe00
246,Brandon Johnson,0,0,4,0,0,59.4,Sun,14,15,2022-12-18,24-145,DEN,,ARI,W 24-15,0,0,0,,0,0,0,0,,,,0,0,,,,,,,0,0,,0,0,,4,3,30,10.0,0,75.0,7.5,1,50.0,0,0,0,,0,0,,0,0,0,0,0,0,0,0,41,59.4,0,0.0,4,14.3,WR,JohnBr23
247,Freddie Swain,0,0,1,0,0,55.1,Sun,14,15,2022-12-18,24-136,DEN,,ARI,W 24-15,0,0,0,,0,0,0,0,,,,0,0,,,,,,,0,0,,0,0,,1,1,9,9.0,0,100.0,9.0,1,100.0,0,0,0,,0,0,,0,0,0,0,0,0,0,0,38,55.1,0,0.0,0,0.0,WR,SwaiFr00
248,Jalen Hurts,22,17,0,3,0,100.0,Sun,14,15,2022-12-18,24-133,PHI,@,CHI,W 25-20,22,37,15,59.5,315,0,2,0,0.0,5.4,64.6,1,6,2.63,8.5,6.08,5.76,14.3,36.8,17,61,3.6,3,5,52.9,0,0,0,,0,,,0,,3,0,0,,0,0,,1,0,20,0,0,0,0,0,73,100.0,0,0.0,0,0.0,QB,HurtJa00
249,Travis Homer,0,1,4,0,1,25.0,Thu,14,15,2022-12-15,24-130,SEA,,SFO,L 13-21,0,0,0,,0,0,0,0,,,,0,0,,,,,,,1,5,5.0,0,0,100.0,4,4,25,6.3,0,100.0,6.3,1,50.0,0,0,0,,0,0,,0,0,0,1,0,0,0,0,16,25.0,0,0.0,15,53.6,RB,HomeTr00
250,Mason Kinsey,0,0,0,0,1,0.0,Sun,14,15,2022-12-18,24-111,TEN,@,LAC,L 14-17,0,0,0,,0,0,0,0,,,,0,0,,,,,,,0,0,,0,,,0,0,0,,0,,,,,0,0,0,,0,0,,0,0,0,1,1,1,0,0,0,0.0,0,0.0,7,25.9,WR,KinsMa00
251,Rashid Shaheed,0,0,4,1,0,70.9,Sun,14,15,2022-12-18,24-109,NOR,,ATL,W 21-18,0,0,0,,0,0,0,0,,,,0,0,,,,,,,0,0,,0,0,,4,3,95,31.7,1,75.0,23.8,2,75.0,1,0,0,,0,0,,0,0,6,0,0,0,0,0,39,70.9,0,0.0,9,40.9,WR,ShahRa00
252,Mac Jones,13,4,0,0,0,100.0,Sun,14,15,2022-12-18,24-104,NWE,@,LVR,L 24-30,13,31,18,41.9,112,0,0,0,0.0,0.0,52.1,0,0,0.00,3.6,3.61,3.61,8.6,25.8,4,10,2.5,0,1,25.0,0,0,0,,0,,,0,,0,0,0,,0,0,,0,0,0,0,0,0,0,0,65,100.0,0,0.0,0,0.0,QB,JoneMa05
253,Caleb Huntley,0,1,0,0,0,2.7,Sun,14,15,2022-12-18,24-094,ATL,@,NOR,L 18-21,0,0,0,,0,0,0,0,,,,0,0,,,,,,,1,2,2.0,0,,0.0,0,0,0,,0,,,,,0,0,0,,0,0,,0,0,0,0,0,0,0,0,2,2.7,0,0.0,0,0.0,RB,HuntCa02
254,Laviska Shenault Jr.,0,0,1,0,0,28.3,Sun,14,15,2022-12-18,24-074,CAR,,PIT,L 16-24,0,0,0,,0,0,0,0,,,,0,0,,,,,,,0,0,,0,,,1,0,0,,0,0.0,0.0,,0.0,0,0,0,,0,0,,0,0,0,0,0,0,0,0,13,28.3,0,0.0,2,8.0,WR,ShenLa00
255,Jelani Woods,0,0,1,0,0,24.1,Sat,14,15,2022-12-17,24-069,IND,@,MIN,L 36-39 (OT),0,0,0,,0,0,0,0,,,,0,0,,,,,,,0,0,,0,0,,1,1,36,36.0,0,100.0,36.0,1,100.0,0,0,0,,0,0,,0,0,0,0,0,0,0,0,19,24.1,0,0.0,0,0.0,TE,WoodJe01
256,Isaiah Hodgins,0,0,4,0,0,88.9,Sun,14,15,2022-12-18,24-058,NYG,@,WAS,W 20-12,0,0,0,,0,0,0,0,,,,0,0,,,,,,,0,0,,0,0,,4,4,37,9.3,0,100.0,9.3,2,75.0,0,0,0,,0,0,,0,0,0,0,0,0,0,0,56,88.9,0,0.0,0,0.0,WR,HodgIs00
257,Davis Mills,12,5,0,1,1,82.5,Sun,14,15,2022-12-18,24-058,HOU,,KAN,L 24-30 (OT),12,24,12,50.0,121,2,0,0,8.3,0.0,92.5,0,0,0.00,5.0,6.71,6.71,10.1,33.3,5,21,4.2,1,1,40.0,0,0,0,,0,,,0,,1,0,0,,0,0,,0,0,6,1,0,0,0,0,52,82.5,0,0.0,0,0.0,QB,MillDa02
258,Shi Smith,0,0,3,0,0,45.7,Sun,14,15,2022-12-18,24-053,CAR,,PIT,L 16-24,0,0,0,,0,0,0,0,,,,0,0,,,,,,,0,0,,0,0,,3,1,24,24.0,0,33.3,8.0,1,33.3,0,0,0,,0,0,,0,0,0,0,0,0,0,0,21,45.7,0,0.0,3,12.0,WR,SmitSh03
259,Jaylen Warren,0,11,1,1,0,33.8,Sun,14,15,2022-12-18,24-047,PIT,@,CAR,W 24-16,0,0,0,,0,0,0,0,,,,0,0,,,,,,,11,38,3.5,1,2,63.6,1,1,11,11.0,0,100.0,11.0,1,100.0,1,0,0,,0,0,,0,0,6,0,0,0,0,0,23,33.8,0,0.0,9,36.0,RB,WarrJa01
260,DeVonta Smith,0,0,8,0,0,95.9,Sun,14,15,2022-12-18,24-034,PHI,@,CHI,W 25-20,0,0,0,,0,0,0,0,,,,0,0,,,,,,,0,0,,0,0,,8,5,126,25.2,0,62.5,15.8,5,62.5,0,0,0,,0,0,,0,0,0,0,0,0,0,0,70,95.9,0,0.0,1,4.0,WR,SmitDe07
261,Jaylen Waddle,0,0,7,1,0,69.5,Sat,14,15,2022-12-17,24-022,MIA,@,BUF,L 29-32,0,0,0,,0,0,0,0,,,,0,0,,,,,,,0,0,,0,0,,7,3,114,38.0,1,42.9,16.3,3,42.9,1,0,0,,0,0,,0,0,6,0,0,0,0,0,41,69.5,0,0.0,0,0.0,WR,WaddJa00
262,Brock Wright,0,0,2,1,0,47.1,Sun,14,15,2022-12-18,24-021,DET,@,NYJ,W 20-17,0,0,0,,0,0,0,0,,,,0,0,,,,,,,0,0,,0,0,,2,1,51,51.0,1,50.0,25.5,1,50.0,1,0,0,,0,0,,0,0,6,0,0,0,0,0,32,47.1,0,0.0,8,28.6,TE,WrigBr01
263,Grant Calcaterra,0,0,2,0,0,39.7,Sun,14,15,2022-12-18,24-014,PHI,@,CHI,W 25-20,0,0,0,,0,0,0,0,,,,0,0,,,,,,,0,0,,0,,,2,0,0,,0,0.0,0.0,,0.0,0,0,0,,0,0,,0,0,0,0,0,0,0,0,29,39.7,0,0.0,8,32.0,TE,CalcGr00
264,Troy Hairston,0,0,0,0,0,12.7,Sun,14,15,2022-12-18,24-010,HOU,,KAN,L 24-30 (OT),0,0,0,,0,0,0,0,,,,0,0,,,,,,,0,0,,0,,,0,0,0,,0,,,,,0,0,0,,0,0,,0,0,0,0,0,0,0,0,8,12.7,0,0.0,11,39.3,TE,HairTr00
265,Pierre Strong,0,4,3,0,0,26.2,Sun,14,15,2022-12-18,24-008,NWE,@,LVR,L 24-30,0,0,0,,0,0,0,0,,,,0,0,,,,,,,4,25,6.3,0,2,75.0,3,3,12,4.0,0,100.0,4.0,2,66.7,0,0,0,,0,0,,0,0,0,0,0,0,0,0,17,26.2,0,0.0,13,40.6,RB,StroPi00
266,J.K. Dobbins,0,13,1,0,0,38.1,Sat,14,15,2022-12-17,24-000,BAL,@,CLE,L 3-13,0,0,0,,0,0,0,0,,,,0,0,,,,,,,13,125,9.6,0,5,69.2,1,1,3,3.0,0,100.0,3.0,0,0.0,0,0,0,,0,0,,0,0,0,0,0,0,0,0,24,38.1,0,0.0,0,0.0,RB,DobbJK00
267,Salvon Ahmed,0,6,0,1,0,23.7,Sat,14,15,2022-12-17,23-352,MIA,@,BUF,L 29-32,0,0,0,,0,0,0,0,,,,0,0,,,,,,,6,43,7.2,1,3,83.3,0,0,0,,0,,,0,,1,0,0,,0,0,,0,0,6,0,0,0,0,0,14,23.7,0,0.0,0,0.0,RB,AhmeSa01
268,Trestan Ebner,0,0,1,0,0,8.5,Sun,14,15,2022-12-18,23-350,CHI,,PHI,L 20-25,0,0,0,,0,0,0,0,,,,0,0,,,,,,,0,0,,0,,,1,0,0,,0,0.0,0.0,,0.0,0,0,0,,0,0,,0,0,0,0,1,0,0,0,5,8.5,0,0.0,12,48.0,RB,EbneTr00
269,Jalen Reagor,0,1,2,0,0,7.8,Sat,14,15,2022-12-17,23-349,MIN,,IND,W 39-36 (OT),0,0,0,,0,0,0,0,,,,0,0,,,,,,,1,-5,-5.0,0,,0.0,2,0,0,,0,0.0,0.0,,0.0,0,0,0,,0,0,,0,0,0,0,0,0,0,0,7,7.8,0,0.0,7,16.3,WR,ReagJa00
270,Colby Parkinson,0,0,1,0,0,39.1,Thu,14,15,2022-12-15,23-341,SEA,,SFO,L 13-21,0,0,0,,0,0,0,0,,,,0,0,,,,,,,0,0,,0,,,1,0,0,,0,0.0,0.0,,0.0,0,0,0,,0,0,,0,0,0,0,0,0,0,0,25,39.1,0,0.0,9,32.1,TE,ParkCo02
271,Rachaad White,0,11,2,0,0,39.2,Sun,14,15,2022-12-18,23-340,TAM,,CIN,L 23-34,0,0,0,,0,0,0,0,,,,0,0,,,,,,,11,38,3.5,0,2,45.5,2,1,5,5.0,0,50.0,2.5,0,0.0,0,0,0,,0,0,,0,0,0,0,0,0,0,0,29,39.2,0,0.0,1,4.0,RB,WhitRa01
272,D'Andre Swift,0,8,9,0,0,39.7,Sun,14,15,2022-12-18,23-338,DET,@,NYJ,W 20-17,0,0,0,,0,0,0,0,,,,0,0,,,,,,,8,52,6.5,0,2,75.0,9,5,23,4.6,0,55.6,2.6,0,22.2,0,0,0,,0,0,,0,0,0,0,0,0,0,0,27,39.7,0,0.0,0,0.0,RB,SwifDA00
273,Tee Higgins,0,0,8,1,0,80.3,Sun,14,15,2022-12-18,23-334,CIN,@,TAM,W 34-23,0,0,0,,0,0,0,0,,,,0,0,,,,,,,0,0,,0,0,,8,5,33,6.6,1,62.5,4.1,2,37.5,1,0,0,,0,0,,1,0,8,0,0,0,0,0,53,80.3,0,0.0,1,4.0,WR,HiggTe00
274,Jonathan Taylor,0,0,1,0,0,2.5,Sat,14,15,2022-12-17,23-332,IND,@,MIN,L 36-39 (OT),0,0,0,,0,0,0,0,,,,0,0,,,,,,,0,0,,0,,,1,1,13,13.0,0,100.0,13.0,,100.0,0,0,0,,0,0,,0,0,0,0,0,0,0,0,2,2.5,0,0.0,0,0.0,RB,TaylJo02
275,Connor Heyward,0,0,0,0,0,5.9,Sun,14,15,2022-12-18,23-330,PIT,@,CAR,W 24-16,0,0,0,,0,0,0,0,,,,0,0,,,,,,,0,0,,0,,,0,0,0,,0,,,,,0,0,0,,0,0,,0,0,0,0,0,0,0,0,4,5.9,0,0.0,16,64.0,TE,HeywCo00
276,Quintin Morris,0,0,1,1,0,16.7,Sat,14,15,2022-12-17,23-330,BUF,,MIA,W 32-29,0,0,0,,0,0,0,0,,,,0,0,,,,,,,0,0,,0,0,,1,1,14,14.0,1,100.0,14.0,1,100.0,1,0,0,,0,0,,0,0,6,0,0,0,0,0,13,16.7,0,0.0,25,83.3,TE,MorrQu00
277,Braylon Sanders,0,0,1,0,0,22.0,Sat,14,15,2022-12-17,23-330,MIA,@,BUF,L 29-32,0,0,0,,0,0,0,0,,,,0,0,,,,,,,0,0,,0,,,1,0,0,,0,0.0,0.0,,0.0,0,0,0,,0,0,,0,0,0,0,0,0,0,0,13,22.0,0,0.0,0,0.0,WR,SandBr00
278,Travis Etienne,0,19,3,0,1,72.9,Sun,14,15,2022-12-18,23-326,JAX,,DAL,W 40-34 (OT),0,0,0,,0,0,0,0,,,,0,0,,,,,,,19,103,5.4,0,7,63.2,3,2,24,12.0,0,66.7,8.0,1,33.3,0,0,0,,0,0,,0,0,0,1,0,0,0,0,51,72.9,0,0.0,0,0.0,RB,EtieTr00
279,Kadarius Toney,0,0,1,0,0,6.5,Sun,14,15,2022-12-18,23-325,KAN,@,HOU,W 30-24 (OT),0,0,0,,0,0,0,0,,,,0,0,,,,,,,0,0,,0,,,1,1,5,5.0,0,100.0,5.0,,0.0,0,0,0,,0,0,,0,0,0,0,0,0,0,0,5,6.5,0,0.0,5,17.9,WR,ToneKa00
280,Deon Jackson,0,13,1,1,1,31.6,Sat,14,15,2022-12-17,23-302,IND,@,MIN,L 36-39 (OT),0,0,0,,0,0,0,0,,,,0,0,,,,,,,13,55,4.2,0,2,53.8,1,1,1,1.0,1,100.0,1.0,1,100.0,1,0,0,,0,0,,0,0,6,1,0,0,0,0,25,31.6,0,0.0,9,20.9,RB,JackDe02
281,Donovan Peoples-Jones,0,0,4,1,0,77.3,Sat,14,15,2022-12-17,23-301,CLE,,BAL,W 13-3,0,0,0,,0,0,0,0,,,,0,0,,,,,,,0,0,,0,0,,4,4,31,7.8,1,100.0,7.8,2,75.0,1,0,0,,0,0,,0,0,6,0,0,0,0,0,51,77.3,0,0.0,1,5.6,WR,PeopDo00
282,Gary Brightwell,0,0,0,0,0,0.0,Sun,14,15,2022-12-18,23-293,NYG,@,WAS,W 20-12,0,0,0,,0,0,0,0,,,,0,0,,,,,,,0,0,,0,,,0,0,0,,0,,,,,0,0,0,,0,0,,0,0,0,0,0,0,0,0,0,0.0,0,0.0,15,60.0,RB,BrigGa00
283,Isiah Pacheco,0,15,1,0,1,35.1,Sun,14,15,2022-12-18,23-291,KAN,@,HOU,W 30-24 (OT),0,0,0,,0,0,0,0,,,,0,0,,,,,,,15,86,5.7,0,6,66.7,1,1,11,11.0,0,100.0,11.0,1,100.0,0,0,0,,0,0,,0,0,0,1,0,0,0,0,27,35.1,0,0.0,6,21.4,RB,PachIs00
284,Jalen Nailor,0,0,1,0,0,1.1,Sat,14,15,2022-12-17,23-290,MIN,,IND,W 39-36 (OT),0,0,0,,0,0,0,0,,,,0,0,,,,,,,0,0,,0,,,1,0,0,,0,0.0,0.0,,0.0,0,0,0,,0,0,,0,0,0,0,0,0,0,0,1,1.1,0,0.0,30,69.8,WR,NailJa00
285,Justin Fields,14,15,0,0,2,98.3,Sun,14,15,2022-12-18,23-288,CHI,,PHI,L 20-25,14,21,7,66.7,152,2,0,0,9.5,0.0,119.5,6,61,22.22,7.2,9.14,4.85,10.9,44.4,15,95,6.3,0,5,40.0,0,0,0,,0,,,0,,0,0,0,,0,0,,0,0,0,2,0,-6,0,0,58,98.3,0,0.0,0,0.0,QB,FielJu00
286,Cole Kmet,0,0,5,0,0,100.0,Sun,14,15,2022-12-18,23-283,CHI,,PHI,L 20-25,0,0,0,,0,0,0,0,,,,0,0,,,,,,,0,0,,0,0,,5,4,25,6.3,0,80.0,5.0,1,60.0,0,0,0,,0,0,,0,0,0,0,0,0,0,0,59,100.0,0,0.0,0,0.0,TE,KmetCo00
287,Kenneth Gainwell,0,3,2,0,0,39.7,Sun,14,15,2022-12-18,23-279,PHI,@,CHI,W 25-20,0,0,0,,0,0,0,0,,,,0,0,,,,,,,3,5,1.7,0,1,66.7,2,2,9,4.5,0,100.0,4.5,0,50.0,0,0,0,,0,0,,0,0,0,0,0,0,0,0,29,39.7,0,0.0,0,0.0,RB,GainKe00
288,Montrell Washington,0,0,0,0,1,1.4,Sun,14,15,2022-12-18,23-279,DEN,,ARI,W 24-15,0,0,0,,0,0,0,0,,,,0,0,,,,,,,0,0,,0,,,0,0,0,,0,,,,,0,0,0,,0,0,,0,0,0,1,1,0,0,0,1,1.4,0,0.0,13,46.4,WR,WashMo00
289,Brian Robinson Jr.,0,12,1,0,1,38.1,Sun,14,15,2022-12-18,23-271,WAS,,NYG,L 12-20,0,0,0,,0,0,0,0,,,,0,0,,,,,,,12,89,7.4,0,5,75.0,1,1,18,18.0,0,100.0,18.0,1,100.0,0,0,0,,0,0,,0,0,0,1,0,0,0,0,24,38.1,0,0.0,0,0.0,RB,RobiBr01
290,Gabriel Davis,0,0,6,0,0,97.4,Sat,14,15,2022-12-17,23-260,BUF,,MIA,W 32-29,0,0,0,,0,0,0,0,,,,0,0,,,,,,,0,0,,0,0,,6,4,56,14.0,0,66.7,9.3,2,66.7,0,0,0,,0,0,,0,0,0,0,0,0,0,0,76,97.4,0,0.0,0,0.0,WR,DaviGa01
291,CeeDee Lamb,0,1,7,0,0,93.3,Sun,14,15,2022-12-18,23-254,DAL,@,JAX,L 34-40 (OT),0,0,0,,0,0,0,0,,,,0,0,,,,,,,1,1,1.0,0,0,0.0,7,7,126,18.0,0,100.0,18.0,5,85.7,0,0,0,,0,0,,0,0,0,0,0,0,0,0,70,93.3,0,0.0,0,0.0,WR,LambCe00
292,Cade Otton,0,0,1,0,0,64.9,Sun,14,15,2022-12-18,23-247,TAM,,CIN,L 23-34,0,0,0,,0,0,0,0,,,,0,0,,,,,,,0,0,,0,0,,1,1,20,20.0,0,100.0,20.0,1,100.0,0,0,0,,0,0,,0,0,0,0,0,0,0,0,48,64.9,0,0.0,3,12.0,TE,OttoCa00
293,Peyton Hendershot,0,0,1,1,0,22.7,Sun,14,15,2022-12-18,23-239,DAL,@,JAX,L 34-40 (OT),0,0,0,,0,0,0,0,,,,0,0,,,,,,,0,0,,0,0,,1,1,20,20.0,1,100.0,20.0,1,100.0,1,0,0,,0,0,,0,0,6,0,0,0,0,0,17,22.7,0,0.0,21,63.6,TE,HendPe01
294,Jerry Jeudy,0,0,8,0,0,73.9,Sun,14,15,2022-12-18,23-238,DEN,,ARI,W 24-15,0,0,0,,0,0,0,0,,,,0,0,,,,,,,0,0,,0,0,,8,7,76,10.9,0,87.5,9.5,4,87.5,0,0,0,,0,0,,0,0,0,0,0,0,0,0,51,73.9,0,0.0,0,0.0,WR,JeudJe00
295,Noah Gray,0,0,3,0,0,55.8,Sun,14,15,2022-12-18,23-232,KAN,@,HOU,W 30-24 (OT),0,0,0,,0,0,0,0,,,,0,0,,,,,,,0,0,,0,0,,3,3,31,10.3,0,100.0,10.3,2,100.0,0,0,0,,0,0,,0,0,0,0,0,0,0,0,43,55.8,0,0.0,17,60.7,TE,GrayNo00
296,Michael Carter,0,4,1,0,0,52.4,Sun,14,15,2022-12-18,23-225,NYJ,,DET,L 17-20,0,0,0,,0,0,0,0,,,,0,0,,,,,,,4,15,3.8,0,0,75.0,1,1,16,16.0,0,100.0,16.0,1,100.0,0,0,0,,0,0,,0,0,0,0,0,0,0,0,33,52.4,0,0.0,0,0.0,RB,CartMi03
297,Christian Watson,0,0,6,0,0,87.3,Mon,14,15,2022-12-19,23-221,GNB,,LAR,W 24-12,0,0,0,,0,0,0,0,,,,0,0,,,,,,,0,0,,0,0,,6,4,46,11.5,0,66.7,7.7,3,66.7,0,0,0,,0,0,,0,0,0,0,0,0,0,0,62,87.3,0,0.0,0,0.0,WR,WatsCh00
298,Malik Willis,3,1,0,0,0,16.1,Sun,14,15,2022-12-18,23-207,TEN,@,LAC,L 14-17,3,4,1,75.0,20,0,0,0,0.0,0.0,85.4,0,0,0.00,5.0,5.00,5.00,6.7,50.0,1,8,8.0,0,1,100.0,0,0,0,,0,,,0,,0,0,0,,0,0,,0,0,0,0,0,0,0,0,10,16.1,0,0.0,0,0.0,QB,WillMa12
299,Jordan Mason,0,4,0,0,0,10.9,Thu,14,15,2022-12-15,23-205,SFO,@,SEA,W 21-13,0,0,0,,0,0,0,0,,,,0,0,,,,,,,4,64,16.0,0,1,50.0,0,0,0,,0,,,0,,0,0,0,,0,0,,0,0,0,0,0,0,0,0,7,10.9,0,0.0,20,71.4,RB,MasoJo00
300,Raheem Blackshear,0,0,0,0,0,4.3,Sun,14,15,2022-12-18,23-196,CAR,,PIT,L 16-24,0,0,0,,0,0,0,0,,,,0,0,,,,,,,0,0,,0,,,0,0,0,,0,,,,,0,0,0,,0,0,,0,0,0,0,0,0,0,0,2,4.3,0,0.0,10,40.0,RB,BlacRa00
301,Dareke Young,0,0,0,0,0,4.7,Thu,14,15,2022-12-15,23-194,SEA,,SFO,L 13-21,0,0,0,,0,0,0,0,,,,0,0,,,,,,,0,0,,0,,,0,0,0,,0,,,,,0,0,0,,0,0,,0,0,0,0,0,0,0,0,3,4.7,0,0.0,21,75.0,WR,YounDa02
302,Chuba Hubbard,0,4,3,0,0,63.0,Sun,14,15,2022-12-18,23-190,CAR,,PIT,L 16-24,0,0,0,,0,0,0,0,,,,0,0,,,,,,,4,10,2.5,0,0,0.0,3,3,57,19.0,0,100.0,19.0,1,66.7,0,0,0,,0,0,,0,0,0,0,0,0,0,0,29,63.0,0,0.0,5,20.0,RB,HubbCh01
303,Racey McMath,0,0,2,0,0,22.6,Sun,14,15,2022-12-18,23-187,TEN,@,LAC,L 14-17,0,0,0,,0,0,0,0,,,,0,0,,,,,,,0,0,,0,,,2,1,1,1.0,0,50.0,0.5,,0.0,0,0,0,,0,0,,0,0,0,0,0,0,0,0,14,22.6,0,0.0,5,18.5,WR,McMaRa00
304,Justin Jefferson,0,0,16,1,0,92.2,Sat,14,15,2022-12-17,23-184,MIN,,IND,W 39-36 (OT),0,0,0,,0,0,0,0,,,,0,0,,,,,,,0,0,,0,0,,16,12,123,10.3,1,75.0,7.7,7,68.8,1,0,0,,0,0,,0,0,6,0,0,0,0,0,83,92.2,0,0.0,0,0.0,WR,JeffJu00
305,Cam Akers,0,12,3,0,0,75.6,Mon,14,15,2022-12-19,23-180,LAR,@,GNB,L 12-24,0,0,0,,0,0,0,0,,,,0,0,,,,,,,12,65,5.4,0,4,50.0,3,3,35,11.7,0,100.0,11.7,2,66.7,0,0,0,,0,0,,0,0,0,0,0,0,0,0,34,75.6,0,0.0,0,0.0,RB,AkerCa00
306,Dax Milne,0,0,0,0,0,0.0,Sun,14,15,2022-12-18,23-178,WAS,,NYG,L 12-20,0,0,0,,0,0,0,0,,,,0,0,,,,,,,0,0,,0,,,0,0,0,,0,,,,,0,0,0,,0,0,,0,0,0,0,0,0,0,0,0,0.0,0,0.0,5,20.0,WR,MilnDa00
307,Zach Wilson,18,3,0,0,0,100.0,Sun,14,15,2022-12-18,23-137,NYJ,,DET,L 17-20,18,35,17,51.4,317,2,1,0,5.7,2.9,89.8,4,30,10.26,9.1,8.91,7.23,17.6,41.0,3,7,2.3,0,1,33.3,0,0,0,,0,,,0,,0,0,0,,0,0,,0,0,0,0,0,0,0,0,63,100.0,0,0.0,0,0.0,QB,WilsZa00
308,James Mitchell,0,0,2,0,0,23.5,Sun,14,15,2022-12-18,23-129,DET,@,NYJ,W 20-17,0,0,0,,0,0,0,0,,,,0,0,,,,,,,0,0,,0,0,,2,2,12,6.0,0,100.0,6.0,1,100.0,0,0,0,,0,0,,0,0,0,0,0,0,0,0,16,23.5,0,0.0,8,28.6,TE,MitcJa00
309,Desmond Ridder,13,6,0,0,0,100.0,Sun,14,15,2022-12-18,23-109,ATL,@,NOR,L 18-21,13,26,13,50.0,97,0,0,0,0.0,0.0,59.3,4,8,13.33,3.7,3.73,2.97,7.5,33.3,6,38,6.3,0,3,66.7,0,0,0,,0,,,0,,0,0,0,,0,0,,0,0,0,0,0,0,0,0,74,100.0,0,0.0,0,0.0,QB,RiddDe00
310,Chigoziem Okonkwo,0,1,5,0,0,59.7,Sun,14,15,2022-12-18,23-101,TEN,@,LAC,L 14-17,0,0,0,,0,0,0,0,,,,0,0,,,,,,,1,6,6.0,0,0,0.0,5,4,54,13.5,0,80.0,10.8,2,40.0,0,0,0,,0,0,,0,0,0,0,0,0,0,0,37,59.7,0,0.0,12,44.4,TE,OkonCh00
311,Jerome Ford,0,0,0,0,0,0.0,Sat,14,15,2022-12-17,23-096,CLE,,BAL,W 13-3,0,0,0,,0,0,0,0,,,,0,0,,,,,,,0,0,,0,,,0,0,0,,0,,,,,0,0,0,,0,0,,0,0,0,0,0,0,0,0,0,0.0,0,0.0,6,33.3,RB,FordJe00
312,Zamir White,0,1,0,0,0,4.4,Sun,14,15,2022-12-18,23-091,LVR,,NWE,W 30-24,0,0,0,,0,0,0,0,,,,0,0,,,,,,,1,4,4.0,0,,100.0,0,0,0,,0,,,,,0,0,0,,0,0,,0,0,0,0,0,0,0,0,3,4.4,0,0.0,6,18.8,RB,WhitZa01
313,Josh Palmer,0,0,5,0,0,64.8,Sun,14,15,2022-12-18,23-087,LAC,,TEN,W 17-14,0,0,0,,0,0,0,0,,,,0,0,,,,,,,0,0,,0,0,,5,5,49,9.8,0,100.0,9.8,1,80.0,0,0,0,,0,0,,0,0,0,0,0,0,0,0,46,64.8,0,0.0,0,0.0,WR,PalmJo00
314,Amari Rodgers,0,0,4,0,0,50.8,Sun,14,15,2022-12-18,23-086,HOU,,KAN,L 24-30 (OT),0,0,0,,0,0,0,0,,,,0,0,,,,,,,0,0,,0,0,,4,2,26,13.0,0,50.0,6.5,2,50.0,0,0,0,,0,0,,0,0,0,0,0,0,0,0,32,50.8,0,0.0,1,3.6,WR,RodgAm00
315,James Cook,0,5,3,1,0,35.9,Sat,14,15,2022-12-17,23-083,BUF,,MIA,W 32-29,0,0,0,,0,0,0,0,,,,0,0,,,,,,,5,34,6.8,0,3,80.0,3,2,5,2.5,1,66.7,1.7,1,33.3,1,0,0,,0,0,,0,0,6,0,0,0,0,0,28,35.9,0,0.0,0,0.0,RB,CookJa01
316,Tutu Atwell,0,1,4,0,0,84.4,Mon,14,15,2022-12-19,23-073,LAR,@,GNB,L 12-24,0,0,0,,0,0,0,0,,,,0,0,,,,,,,1,-4,-4.0,0,0,0.0,4,1,10,10.0,0,25.0,2.5,1,25.0,0,0,0,,0,0,,0,0,0,0,0,0,0,0,38,84.4,0,0.0,0,0.0,WR,AtweTu00
317,Trevor Lawrence,27,3,0,0,1,100.0,Sun,14,15,2022-12-18,23-073,JAX,,DAL,W 40-34 (OT),27,42,15,64.3,318,4,1,0,9.5,2.4,109.0,1,7,2.33,7.6,8.40,8.05,11.8,48.8,3,21,7.0,0,1,100.0,0,0,0,,0,,,0,,0,0,0,,0,0,,0,0,0,1,0,0,0,0,70,100.0,0,0.0,0,0.0,QB,LawrTr00
318,Amon-Ra St. Brown,0,1,10,0,0,83.8,Sun,14,15,2022-12-18,23-055,DET,@,NYJ,W 20-17,0,0,0,,0,0,0,0,,,,0,0,,,,,,,1,6,6.0,0,0,100.0,10,7,76,10.9,0,70.0,7.6,7,70.0,0,0,0,,0,0,,0,0,0,0,0,0,0,0,57,83.8,0,0.0,0,0.0,WR,StxxAm00
319,Keaontay Ingram,0,1,0,0,0,12.3,Sun,14,15,2022-12-18,23-053,ARI,@,DEN,L 15-24,0,0,0,,0,0,0,0,,,,0,0,,,,,,,1,0,0.0,0,,0.0,0,0,0,,0,,,,,0,0,0,,0,0,,0,0,0,0,0,0,0,0,8,12.3,0,0.0,0,0.0,RB,IngrKe01
320,Dyami Brown,0,1,2,0,0,15.9,Sun,14,15,2022-12-18,23-047,WAS,,NYG,L 12-20,0,0,0,,0,0,0,0,,,,0,0,,,,,,,1,15,15.0,0,1,100.0,2,0,0,,0,0.0,0.0,0,0.0,0,0,0,,0,0,,0,0,0,0,0,0,0,0,10,15.9,0,0.0,2,8.0,WR,BrowDy00
321,Trey McBride,0,0,5,0,0,86.2,Sun,14,15,2022-12-18,23-026,ARI,@,DEN,L 15-24,0,0,0,,0,0,0,0,,,,0,0,,,,,,,0,0,,0,0,,5,4,55,13.8,0,80.0,11.0,3,60.0,0,0,0,,0,0,,0,0,0,0,0,0,0,0,56,86.2,0,0.0,3,10.7,TE,McBrTr01
322,Daylen Baldwin,0,0,2,0,0,18.2,Sat,14,15,2022-12-17,23-023,CLE,,BAL,W 13-3,0,0,0,,0,0,0,0,,,,0,0,,,,,,,0,0,,0,0,,2,2,25,12.5,0,100.0,12.5,2,100.0,0,0,0,,0,0,,0,0,0,0,0,0,0,0,12,18.2,0,0.0,2,11.1,WR,BaldDa01
323,Hassan Haskins,0,1,2,0,0,19.4,Sun,14,15,2022-12-18,23-022,TEN,@,LAC,L 14-17,0,0,0,,0,0,0,0,,,,0,0,,,,,,,1,8,8.0,0,1,100.0,2,2,7,3.5,0,100.0,3.5,0,0.0,0,0,0,,0,0,,0,0,0,0,0,0,0,0,12,19.4,0,0.0,13,48.1,RB,HaskHa00
324,Snoop Conner,0,1,0,0,0,4.3,Sun,14,15,2022-12-18,23-002,JAX,,DAL,W 40-34 (OT),0,0,0,,0,0,0,0,,,,0,0,,,,,,,1,3,3.0,0,1,100.0,0,0,0,,0,,,0,,0,0,0,,0,0,,0,0,0,0,0,0,0,0,3,4.3,0,0.0,0,0.0,RB,ConnSn00
325,Deven Thompkins,0,1,1,0,0,17.6,Sun,14,15,2022-12-18,22-360,TAM,,CIN,L 23-34,0,0,0,,0,0,0,0,,,,0,0,,,,,,,1,9,9.0,0,,100.0,1,1,7,7.0,0,100.0,7.0,,100.0,0,0,0,,0,0,,0,0,0,0,0,0,0,0,13,17.6,0,0.0,11,44.0,WR,ThomDe07
326,Brock Purdy,17,4,0,0,0,100.0,Thu,14,15,2022-12-15,22-353,SFO,@,SEA,W 21-13,17,26,9,65.4,217,2,0,0,7.7,0.0,117.0,1,6,3.70,8.3,9.88,9.30,12.8,40.7,4,-2,-0.5,0,1,25.0,0,0,0,,0,,,0,,0,0,0,,0,0,,0,0,0,0,0,0,0,0,64,100.0,0,0.0,0,0.0,QB,PurdBr00
327,Ja'Marr Chase,0,0,13,1,0,90.9,Sun,14,15,2022-12-18,22-292,CIN,@,TAM,W 34-23,0,0,0,,0,0,0,0,,,,0,0,,,,,,,0,0,,0,0,,13,7,60,8.6,1,53.8,4.6,3,46.2,1,0,0,,0,0,,0,0,6,0,0,0,0,0,60,90.9,0,0.0,0,0.0,WR,ChasJa00
328,Teagan Quitoriano,0,0,2,1,0,81.0,Sun,14,15,2022-12-18,22-278,HOU,,KAN,L 24-30 (OT),0,0,0,,0,0,0,0,,,,0,0,,,,,,,0,0,,0,0,,2,1,8,8.0,1,50.0,4.0,1,50.0,1,0,0,,0,0,,0,0,6,0,0,0,0,0,51,81.0,0,0.0,4,14.3,TE,QuitTe00
329,Michael Woods II,0,1,2,0,0,62.1,Sat,14,15,2022-12-17,22-273,CLE,,BAL,W 13-3,0,0,0,,0,0,0,0,,,,0,0,,,,,,,1,-5,-5.0,0,,0.0,2,1,4,4.0,0,50.0,2.0,,50.0,0,0,0,,0,0,,0,0,0,0,0,0,0,0,41,62.1,0,0.0,2,11.1,WR,WoodMi00
330,Jahan Dotson,0,0,6,1,0,79.4,Sun,14,15,2022-12-18,22-271,WAS,,NYG,L 12-20,0,0,0,,0,0,0,0,,,,0,0,,,,,,,0,0,,0,0,,6,4,105,26.3,1,66.7,17.5,4,66.7,1,0,0,,0,0,,0,0,6,0,0,0,0,0,50,79.4,0,0.0,0,0.0,WR,DotsJa00
331,Greg Dulcich,0,0,2,0,0,68.1,Sun,14,15,2022-12-18,22-267,DEN,,ARI,W 24-15,0,0,0,,0,0,0,0,,,,0,0,,,,,,,0,0,,0,0,,2,1,11,11.0,0,50.0,5.5,1,50.0,0,0,0,,0,0,,0,0,0,0,0,0,0,0,47,68.1,0,0.0,0,0.0,TE,DulcGr00
332,Elijah Moore,0,1,7,0,0,74.6,Sun,14,15,2022-12-18,22-266,NYJ,,DET,L 17-20,0,0,0,,0,0,0,0,,,,0,0,,,,,,,1,3,3.0,0,1,100.0,7,4,51,12.8,0,57.1,7.3,2,42.9,0,0,0,,0,0,,0,0,0,0,0,0,0,0,47,74.6,0,0.0,0,0.0,WR,MoorEl00
333,Romeo Doubs,0,0,5,0,0,32.4,Mon,14,15,2022-12-19,22-250,GNB,,LAR,W 24-12,0,0,0,,0,0,0,0,,,,0,0,,,,,,,0,0,,0,0,,5,5,55,11.0,0,100.0,11.0,4,80.0,0,0,0,,0,0,,0,0,0,0,0,0,0,0,23,32.4,0,0.0,0,0.0,WR,DoubRo00
334,Tyler Allgeier,0,17,1,1,0,48.6,Sun,14,15,2022-12-18,22-247,ATL,@,NOR,L 18-21,0,0,0,,0,0,0,0,,,,0,0,,,,,,,17,139,8.2,1,8,88.2,1,1,-3,-3.0,0,100.0,-3.0,0,0.0,1,0,0,,0,0,,1,0,8,0,0,0,0,0,36,48.6,0,0.0,0,0.0,RB,AllgTy00
335,Isaiah Likely,0,0,3,0,0,44.4,Sat,14,15,2022-12-17,22-243,BAL,@,CLE,L 3-13,0,0,0,,0,0,0,0,,,,0,0,,,,,,,0,0,,0,0,,3,2,18,9.0,0,66.7,6.0,1,66.7,0,0,0,,0,0,,0,0,0,0,0,0,0,0,28,44.4,0,0.0,4,22.2,TE,LikeIs00
336,Alec Pierce,0,0,5,0,0,77.2,Sat,14,15,2022-12-17,22-229,IND,@,MIN,L 36-39 (OT),0,0,0,,0,0,0,0,,,,0,0,,,,,,,0,0,,0,,,5,0,0,,0,0.0,0.0,,0.0,0,0,0,,0,0,,0,0,0,0,1,0,0,0,61,77.2,0,0.0,0,0.0,WR,PierAl00
337,Tommy Tremble,0,0,3,0,0,52.2,Sun,14,15,2022-12-18,22-199,CAR,,PIT,L 16-24,0,0,0,,0,0,0,0,,,,0,0,,,,,,,0,0,,0,0,,3,2,20,10.0,0,66.7,6.7,1,33.3,0,0,0,,0,0,,0,0,0,0,0,0,0,0,24,52.2,0,0.0,14,56.0,TE,TremTo00
338,Terrace Marshall Jr.,0,0,3,0,0,89.1,Sun,14,15,2022-12-18,22-192,CAR,,PIT,L 16-24,0,0,0,,0,0,0,0,,,,0,0,,,,,,,0,0,,0,0,,3,3,51,17.0,0,100.0,17.0,2,66.7,0,0,0,,0,0,,0,0,0,0,0,0,0,0,41,89.1,0,0.0,0,0.0,WR,MarsTe00
339,Chris Olave,0,0,4,0,0,49.1,Sun,14,15,2022-12-18,22-174,NOR,,ATL,W 21-18,0,0,0,,0,0,0,0,,,,0,0,,,,,,,0,0,,0,0,,4,3,53,17.7,0,75.0,13.3,3,75.0,0,0,0,,0,0,,0,0,0,0,0,0,0,0,27,49.1,0,0.0,0,0.0,WR,OlavCh00
340,Brevin Jordan,0,0,1,0,0,7.9,Sun,14,15,2022-12-18,22-155,HOU,,KAN,L 24-30 (OT),0,0,0,,0,0,0,0,,,,0,0,,,,,,,0,0,,0,0,,1,1,9,9.0,0,100.0,9.0,1,100.0,0,0,0,,0,0,,0,0,0,0,0,0,0,0,5,7.9,0,0.0,0,0.0,TE,JordBr00
341,Garrett Wilson,0,0,9,0,0,98.4,Sun,14,15,2022-12-18,22-149,NYJ,,DET,L 17-20,0,0,0,,0,0,0,0,,,,0,0,,,,,,,0,0,,0,0,,9,4,98,24.5,0,44.4,10.9,4,44.4,0,0,0,,0,0,,0,0,0,0,0,0,0,0,62,98.4,0,0.0,0,0.0,WR,WilsGa00
342,Kyren Williams,0,2,0,0,0,8.9,Mon,14,15,2022-12-19,22-115,LAR,@,GNB,L 12-24,0,0,0,,0,0,0,0,,,,0,0,,,,,,,2,7,3.5,0,,50.0,0,0,0,,0,,,,,0,0,0,,0,0,,0,0,0,0,0,0,0,0,4,8.9,0,0.0,4,19.0,RB,WillKy02
343,Tyquan Thornton,0,0,4,0,0,92.3,Sun,14,15,2022-12-18,22-102,NWE,@,LVR,L 24-30,0,0,0,,0,0,0,0,,,,0,0,,,,,,,0,0,,0,0,,4,1,21,21.0,0,25.0,5.3,1,25.0,0,0,0,,0,0,,0,0,0,0,0,0,0,0,60,92.3,0,0.0,0,0.0,WR,ThorTy00
344,Skyy Moore,0,2,0,0,0,37.7,Sun,14,15,2022-12-18,22-099,KAN,@,HOU,W 30-24 (OT),0,0,0,,0,0,0,0,,,,0,0,,,,,,,2,12,6.0,0,,50.0,0,0,0,,0,,,,,0,0,0,,0,0,,0,0,0,0,0,0,0,0,29,37.7,0,0.0,0,0.0,WR,MoorSk01
345,Daniel Bellinger,0,0,4,0,0,98.4,Sun,14,15,2022-12-18,22-087,NYG,@,WAS,W 20-12,0,0,0,,0,0,0,0,,,,0,0,,,,,,,0,0,,0,,,4,1,4,4.0,0,25.0,1.0,,25.0,0,0,0,,0,0,,0,0,0,0,0,0,0,0,62,98.4,0,0.0,0,0.0,TE,BellDa00
346,Kenneth Walker III,0,12,5,0,0,75.0,Thu,14,15,2022-12-15,22-056,SEA,,SFO,L 13-21,0,0,0,,0,0,0,0,,,,0,0,,,,,,,12,47,3.9,0,2,50.0,5,4,32,8.0,0,80.0,6.4,1,20.0,0,0,0,,0,0,,0,0,0,0,0,0,0,0,48,75.0,0,0.0,0,0.0,RB,WalkKe00
347,Julius Chestnut,0,0,0,0,0,1.6,Sun,14,15,2022-12-18,22-053,TEN,@,LAC,L 14-17,0,0,0,,0,0,0,0,,,,0,0,,,,,,,0,0,,0,,,0,0,0,,0,,,,,0,0,0,,0,0,,0,0,0,0,0,0,0,0,1,1.6,0,0.0,7,25.9,RB,ChesJu00
348,Kevin Harris,0,5,0,0,0,10.8,Sun,14,15,2022-12-18,22-031,NWE,@,LVR,L 24-30,0,0,0,,0,0,0,0,,,,0,0,,,,,,,5,19,3.8,0,1,40.0,0,0,0,,0,,,0,,0,0,0,,0,0,,0,0,0,0,0,0,0,0,7,10.8,0,0.0,0,0.0,RB,HarrKe01
349,George Pickens,0,0,5,0,0,66.2,Sun,14,15,2022-12-18,21-289,PIT,@,CAR,W 24-16,0,0,0,,0,0,0,0,,,,0,0,,,,,,,0,0,,0,0,,5,2,53,26.5,0,40.0,10.6,2,40.0,0,0,0,,0,0,,0,0,0,0,0,0,0,0,45,66.2,0,0.0,1,4.0,WR,PickGe00
350,Jameson Williams,0,0,1,0,0,19.1,Sun,14,15,2022-12-18,21-267,DET,@,NYJ,W 20-17,0,0,0,,0,0,0,0,,,,0,0,,,,,,,0,0,,0,,,1,0,0,,0,0.0,0.0,,0.0,0,0,0,,0,0,,0,0,0,0,0,0,0,0,13,19.1,0,0.0,0,0.0,WR,WillJa11
351,Zonovan Knight,0,13,0,0,0,47.6,Sun,14,15,2022-12-18,21-251,NYJ,,DET,L 17-20,0,0,0,,0,0,0,0,,,,0,0,,,,,,,13,23,1.8,0,,30.8,0,0,0,,0,,,,,0,0,0,,0,0,,0,0,0,0,0,0,0,0,30,47.6,0,0.0,0,0.0,RB,KnigZo00
352,Drake London,0,0,11,0,1,81.1,Sun,14,15,2022-12-18,21-147,ATL,@,NOR,L 18-21,0,0,0,,0,0,0,0,,,,0,0,,,,,,,0,0,,0,0,,11,7,70,10.0,0,63.6,6.4,4,63.6,0,0,0,,0,0,,0,0,0,1,0,0,0,0,60,81.1,0,0.0,0,0.0,WR,LondDr00